2_Rows_Opposing, 0.0001, 188, 144
2_Rows_Opposing, 0.0017, 96, 144
2_Rows_Opposing, 0.0073, 1014, 144
2_Rows_Opposing, 0.0127, 174, 144
2_Rows_Opposing, 0.0185, 187, 144
2_Rows_Opposing, 0.0241, 172, 144
2_Rows_Opposing, 0.0300, 176, 144
2_Rows_Opposing, 0.0352, 169, 144
2_Rows_Opposing, 0.0412, 194, 144
2_Rows_Opposing, 0.0468, 165, 144
2_Rows_Opposing, 0.0524, 180, 144
2_Rows_Opposing, 0.0577, 177, 144
2_Rows_Opposing, 0.0632, 189, 144
2_Rows_Opposing, 0.0685, 181, 144
2_Rows_Opposing, 0.0744, 187, 144
2_Rows_Opposing, 0.0797, 168, 144
2_Rows_Opposing, 0.0856, 189, 144
2_Rows_Opposing, 0.0909, 169, 144
2_Rows_Opposing, 0.0966, 188, 144
2_Rows_Opposing, 0.1019, 175, 144
2_Rows_Opposing, 0.1078, 187, 144
2_Rows_Opposing, 0.1133, 169, 144
2_Rows_Opposing, 0.1190, 178, 144
2_Rows_Opposing, 0.1243, 177, 144
2_Rows_Opposing, 0.1301, 189, 144
2_Rows_Opposing, 0.1354, 174, 144
2_Rows_Opposing, 0.1411, 182, 144
2_Rows_Opposing, 0.1465, 178, 144
2_Rows_Opposing, 0.1522, 181, 144
2_Rows_Opposing, 0.1576, 175, 144
2_Rows_Opposing, 0.1634, 190, 144
2_Rows_Opposing, 0.1687, 174, 144
2_Rows_Opposing, 0.1744, 186, 144
2_Rows_Opposing, 0.1797, 176, 144
2_Rows_Opposing, 0.1855, 188, 144
2_Rows_Opposing, 0.1908, 172, 144
2_Rows_Opposing, 0.1966, 189, 144
2_Rows_Opposing, 0.2019, 171, 144
2_Rows_Opposing, 0.2078, 190, 144
2_Rows_Opposing, 0.2129, 170, 144
2_Rows_Opposing, 0.2187, 194, 144
2_Rows_Opposing, 0.2240, 171, 144
2_Rows_Opposing, 0.2300, 189, 144
2_Rows_Opposing, 0.2351, 167, 144
2_Rows_Opposing, 0.2410, 194, 144
2_Rows_Opposing, 0.2462, 170, 144
2_Rows_Opposing, 0.2522, 191, 144
2_Rows_Opposing, 0.2577, 166, 144
2_Rows_Opposing, 0.2633, 182, 144
2_Rows_Opposing, 0.2687, 178, 144
2_Rows_Opposing, 0.2743, 181, 144
2_Rows_Opposing, 0.2797, 181, 144
2_Rows_Opposing, 0.2855, 187, 144
2_Rows_Opposing, 0.2909, 168, 144
2_Rows_Opposing, 0.2967, 182, 144
2_Rows_Opposing, 0.3020, 176, 144
2_Rows_Opposing, 0.3077, 190, 144
2_Rows_Opposing, 0.3131, 174, 144
2_Rows_Opposing, 0.3189, 180, 144
2_Rows_Opposing, 0.3241, 179, 144
2_Rows_Opposing, 0.3299, 187, 144
2_Rows_Opposing, 0.3352, 174, 144
2_Rows_Opposing, 0.3409, 186, 144
2_Rows_Opposing, 0.3463, 176, 144
2_Rows_Opposing, 0.3523, 182, 144
2_Rows_Opposing, 0.3578, 169, 144
2_Rows_Opposing, 0.3633, 181, 144
2_Rows_Opposing, 0.3687, 180, 144
2_Rows_Opposing, 0.3744, 183, 144
2_Rows_Opposing, 0.3799, 177, 144
2_Rows_Opposing, 0.3856, 181, 144
2_Rows_Opposing, 0.3910, 177, 144
2_Rows_Opposing, 0.3968, 182, 144
2_Rows_Opposing, 0.4021, 172, 144
2_Rows_Opposing, 0.4079, 190, 144
2_Rows_Opposing, 0.4132, 171, 144
2_Rows_Opposing, 0.4187, 189, 144
2_Rows_Opposing, 0.4240, 181, 144
2_Rows_Opposing, 0.4299, 187, 144
2_Rows_Opposing, 0.4352, 169, 144
2_Rows_Opposing, 0.4411, 190, 144
2_Rows_Opposing, 0.4465, 169, 144
2_Rows_Opposing, 0.4524, 186, 144
2_Rows_Opposing, 0.4576, 167, 144
2_Rows_Opposing, 0.4633, 195, 144
2_Rows_Opposing, 0.4686, 173, 144
2_Rows_Opposing, 0.4743, 190, 144
2_Rows_Opposing, 0.4797, 176, 144
2_Rows_Opposing, 0.4855, 184, 144
2_Rows_Opposing, 0.4907, 171, 144
2_Rows_Opposing, 0.4965, 192, 144
2_Rows_Opposing, 0.5019, 173, 144
2_Rows_Opposing, 0.5076, 181, 144
2_Rows_Opposing, 0.5130, 178, 144
2_Rows_Opposing, 0.5187, 182, 144
2_Rows_Opposing, 0.5241, 177, 144
2_Rows_Opposing, 0.5298, 182, 144
2_Rows_Opposing, 0.5352, 177, 144
2_Rows_Opposing, 0.5412, 186, 144
2_Rows_Opposing, 0.5464, 165, 144
2_Rows_Opposing, 0.5523, 191, 144
2_Rows_Opposing, 0.5577, 166, 144
2_Rows_Opposing, 0.5634, 189, 144
2_Rows_Opposing, 0.5686, 174, 144
2_Rows_Opposing, 0.5745, 191, 144
2_Rows_Opposing, 0.5797, 167, 144
2_Rows_Opposing, 0.5857, 193, 144
2_Rows_Opposing, 0.5908, 169, 144
2_Rows_Opposing, 0.5966, 197, 144
2_Rows_Opposing, 0.6019, 172, 144
2_Rows_Opposing, 0.6079, 185, 144
2_Rows_Opposing, 0.6130, 168, 144
2_Rows_Opposing, 0.6188, 194, 144
2_Rows_Opposing, 0.6241, 172, 144
2_Rows_Opposing, 0.6300, 188, 144
2_Rows_Opposing, 0.6352, 171, 144
2_Rows_Opposing, 0.6410, 188, 144
2_Rows_Opposing, 0.6465, 173, 144
2_Rows_Opposing, 0.6521, 182, 144
2_Rows_Opposing, 0.6575, 179, 144
2_Rows_Opposing, 0.6633, 183, 144
2_Rows_Opposing, 0.6687, 172, 144
2_Rows_Opposing, 0.6744, 184, 144
2_Rows_Opposing, 0.6798, 176, 144
2_Rows_Opposing, 0.6856, 185, 144
2_Rows_Opposing, 0.6908, 172, 144
2_Rows_Opposing, 0.6967, 194, 144
2_Rows_Opposing, 0.7019, 169, 144
2_Rows_Opposing, 0.7078, 190, 144
2_Rows_Opposing, 0.7129, 170, 144
2_Rows_Opposing, 0.7189, 195, 144
2_Rows_Opposing, 0.7243, 167, 144
2_Rows_Opposing, 0.7299, 185, 144
2_Rows_Opposing, 0.7352, 179, 144
2_Rows_Opposing, 0.7411, 188, 144
2_Rows_Opposing, 0.7462, 168, 144
2_Rows_Opposing, 0.7522, 195, 144
2_Rows_Opposing, 0.7575, 166, 144
2_Rows_Opposing, 0.7634, 187, 144
2_Rows_Opposing, 0.7688, 172, 144
2_Rows_Opposing, 0.7743, 184, 144
2_Rows_Opposing, 0.7796, 179, 144
2_Rows_Opposing, 0.7854, 187, 144
2_Rows_Opposing, 0.7909, 173, 144
2_Rows_Opposing, 0.7967, 182, 144
2_Rows_Opposing, 0.8020, 172, 144
2_Rows_Opposing, 0.8078, 184, 144
2_Rows_Opposing, 0.8130, 177, 144
2_Rows_Opposing, 0.8190, 191, 144
2_Rows_Opposing, 0.8241, 167, 144
2_Rows_Opposing, 0.8299, 194, 144
2_Rows_Opposing, 0.8351, 171, 144
2_Rows_Opposing, 0.8410, 191, 144
2_Rows_Opposing, 0.8466, 170, 144
2_Rows_Opposing, 0.8522, 178, 144
2_Rows_Opposing, 0.8574, 179, 144
2_Rows_Opposing, 0.8633, 193, 144
2_Rows_Opposing, 0.8685, 168, 144
2_Rows_Opposing, 0.8743, 189, 144
2_Rows_Opposing, 0.8799, 176, 144
2_Rows_Opposing, 0.8856, 174, 144
2_Rows_Opposing, 0.8908, 177, 144
2_Rows_Opposing, 0.8966, 190, 144
2_Rows_Opposing, 0.9019, 175, 144
2_Rows_Opposing, 0.9077, 182, 144
2_Rows_Opposing, 0.9131, 175, 144
2_Rows_Opposing, 0.9188, 184, 144
2_Rows_Opposing, 0.9243, 176, 144
2_Rows_Opposing, 0.9300, 184, 144
2_Rows_Opposing, 0.9352, 174, 144
2_Rows_Opposing, 0.9411, 190, 144
2_Rows_Opposing, 0.9464, 168, 144
2_Rows_Opposing, 0.9524, 189, 144
2_Rows_Opposing, 0.9574, 167, 144
2_Rows_Opposing, 0.9631, 199, 144
2_Rows_Opposing, 0.9685, 173, 144
2_Rows_Opposing, 0.9743, 187, 144
2_Rows_Opposing, 0.9798, 172, 144
2_Rows_Opposing, 0.9861, 174, 144
2_Rows_Opposing, 0.9912, 159, 144
2_Rows_Opposing, 0.9971, 195, 144
2_Rows_Opposing, 1.0023, 167, 144
2_Rows_Opposing, 1.0083, 195, 144
2_Rows_Opposing, 1.0131, 167, 144
2_Rows_Opposing, 1.0197, 206, 144
2_Rows_Opposing, 1.0245, 151, 144
2_Rows_Opposing, 1.0302, 210, 144
2_Rows_Opposing, 1.0352, 177, 144
2_Rows_Opposing, 1.0411, 199, 144
2_Rows_Opposing, 1.0465, 169, 144
2_Rows_Opposing, 1.0522, 187, 144
2_Rows_Opposing, 1.0576, 174, 144
2_Rows_Opposing, 1.0634, 184, 144
2_Rows_Opposing, 1.0687, 168, 144
2_Rows_Opposing, 1.0746, 193, 144
2_Rows_Opposing, 1.0798, 168, 144
2_Rows_Opposing, 1.0855, 192, 144
2_Rows_Opposing, 1.0908, 173, 144
2_Rows_Opposing, 1.0966, 191, 144
2_Rows_Opposing, 1.1018, 172, 144
2_Rows_Opposing, 1.1078, 184, 144
2_Rows_Opposing, 1.1130, 168, 144
2_Rows_Opposing, 1.1187, 191, 144
2_Rows_Opposing, 1.1241, 179, 144
2_Rows_Opposing, 1.1298, 181, 144
2_Rows_Opposing, 1.1352, 179, 144
2_Rows_Opposing, 1.1409, 183, 144
2_Rows_Opposing, 1.1463, 176, 144
2_Rows_Opposing, 1.1521, 183, 144
2_Rows_Opposing, 1.1575, 174, 144
2_Rows_Opposing, 1.1633, 184, 144
2_Rows_Opposing, 1.1685, 173, 144
2_Rows_Opposing, 1.1744, 188, 144
2_Rows_Opposing, 1.1797, 171, 144
2_Rows_Opposing, 1.1856, 190, 144
2_Rows_Opposing, 1.1909, 167, 144
2_Rows_Opposing, 1.1967, 190, 144
2_Rows_Opposing, 1.2021, 171, 144
2_Rows_Opposing, 1.2078, 187, 144
2_Rows_Opposing, 1.2130, 173, 144
2_Rows_Opposing, 1.2187, 191, 144
2_Rows_Opposing, 1.2242, 178, 144
2_Rows_Opposing, 1.2300, 180, 144
2_Rows_Opposing, 1.2354, 170, 144
2_Rows_Opposing, 1.2412, 186, 144
2_Rows_Opposing, 1.2465, 173, 144
2_Rows_Opposing, 1.2521, 186, 144
2_Rows_Opposing, 1.2574, 177, 144
2_Rows_Opposing, 1.2632, 191, 144
2_Rows_Opposing, 1.2686, 170, 144
2_Rows_Opposing, 1.2743, 185, 144
2_Rows_Opposing, 1.2797, 175, 144
2_Rows_Opposing, 1.2854, 184, 144
2_Rows_Opposing, 1.2908, 176, 144
2_Rows_Opposing, 1.2967, 183, 144
2_Rows_Opposing, 1.3020, 170, 144
2_Rows_Opposing, 1.3078, 188, 144
2_Rows_Opposing, 1.3129, 171, 144
2_Rows_Opposing, 1.3189, 195, 144
2_Rows_Opposing, 1.3241, 168, 144
2_Rows_Opposing, 1.3298, 191, 144
2_Rows_Opposing, 1.3353, 175, 144
2_Rows_Opposing, 1.3411, 179, 144
2_Rows_Opposing, 1.3465, 175, 144
2_Rows_Opposing, 1.3523, 182, 144
2_Rows_Opposing, 1.3574, 171, 144
2_Rows_Opposing, 1.3632, 198, 144
2_Rows_Opposing, 1.3685, 171, 144
2_Rows_Opposing, 1.3744, 190, 144
2_Rows_Opposing, 1.3797, 170, 144
2_Rows_Opposing, 1.3856, 185, 144
2_Rows_Opposing, 1.3908, 171, 144
2_Rows_Opposing, 1.3967, 190, 144
2_Rows_Opposing, 1.4021, 170, 144
2_Rows_Opposing, 1.4078, 179, 144
2_Rows_Opposing, 1.4131, 179, 144
2_Rows_Opposing, 1.4188, 185, 144
2_Rows_Opposing, 1.4242, 179, 144
2_Rows_Opposing, 1.4299, 184, 144
2_Rows_Opposing, 1.4352, 177, 144
2_Rows_Opposing, 1.4411, 187, 144
2_Rows_Opposing, 1.4464, 169, 144
2_Rows_Opposing, 1.4523, 183, 144
2_Rows_Opposing, 1.4592, 169, 144
2_Rows_Opposing, 1.4635, 147, 144
2_Rows_Opposing, 1.4687, 227, 144
2_Rows_Opposing, 1.4747, 189, 144
2_Rows_Opposing, 1.4798, 167, 144
2_Rows_Opposing, 1.4855, 192, 144
2_Rows_Opposing, 1.4908, 176, 144
2_Rows_Opposing, 1.4968, 194, 144
2_Rows_Opposing, 1.5020, 166, 144
2_Rows_Opposing, 1.5076, 188, 144
2_Rows_Opposing, 1.5133, 182, 144
2_Rows_Opposing, 1.5189, 177, 144
2_Rows_Opposing, 1.5243, 179, 144
2_Rows_Opposing, 1.5300, 184, 144
2_Rows_Opposing, 1.5353, 175, 144
2_Rows_Opposing, 1.5410, 189, 144
2_Rows_Opposing, 1.5463, 175, 144
2_Rows_Opposing, 1.5521, 185, 144
2_Rows_Opposing, 1.5575, 170, 144
2_Rows_Opposing, 1.5633, 190, 144
2_Rows_Opposing, 1.5685, 170, 144
2_Rows_Opposing, 1.5746, 192, 144
2_Rows_Opposing, 1.5798, 163, 144
2_Rows_Opposing, 1.5855, 190, 144
2_Rows_Opposing, 1.5909, 177, 144
2_Rows_Opposing, 1.5966, 186, 144
2_Rows_Opposing, 1.6019, 174, 144
2_Rows_Opposing, 1.6077, 187, 144
2_Rows_Opposing, 1.6131, 172, 144
2_Rows_Opposing, 1.6188, 186, 144
2_Rows_Opposing, 1.6241, 173, 144
2_Rows_Opposing, 1.6300, 188, 144
2_Rows_Opposing, 1.6353, 169, 144
2_Rows_Opposing, 1.6410, 185, 144
2_Rows_Opposing, 1.6464, 178, 144
2_Rows_Opposing, 1.6522, 186, 144
2_Rows_Opposing, 1.6574, 174, 144
2_Rows_Opposing, 1.6632, 189, 144
2_Rows_Opposing, 1.6686, 175, 144
2_Rows_Opposing, 1.6743, 183, 144
2_Rows_Opposing, 1.6797, 174, 144
2_Rows_Opposing, 1.6856, 185, 144
2_Rows_Opposing, 1.6908, 170, 144
2_Rows_Opposing, 1.6967, 190, 144
2_Rows_Opposing, 1.7019, 170, 144
2_Rows_Opposing, 1.7077, 192, 144
2_Rows_Opposing, 1.7131, 172, 144
2_Rows_Opposing, 1.7188, 183, 144
2_Rows_Opposing, 1.7240, 175, 144
2_Rows_Opposing, 1.7298, 191, 144
2_Rows_Opposing, 1.7354, 174, 144
2_Rows_Opposing, 1.7412, 177, 144
2_Rows_Opposing, 1.7466, 172, 144
2_Rows_Opposing, 1.7523, 184, 144
2_Rows_Opposing, 1.7575, 176, 144
2_Rows_Opposing, 1.7632, 191, 144
2_Rows_Opposing, 1.7686, 174, 144
2_Rows_Opposing, 1.7744, 186, 144
2_Rows_Opposing, 1.7798, 169, 144
2_Rows_Opposing, 1.7856, 190, 144
2_Rows_Opposing, 1.7908, 167, 144
2_Rows_Opposing, 1.7967, 195, 144
2_Rows_Opposing, 1.8019, 170, 144
2_Rows_Opposing, 1.8078, 191, 144
2_Rows_Opposing, 1.8132, 171, 144
2_Rows_Opposing, 1.8190, 183, 144
2_Rows_Opposing, 1.8243, 171, 144
2_Rows_Opposing, 1.8302, 188, 144
2_Rows_Opposing, 1.8353, 172, 144
2_Rows_Opposing, 1.8413, 190, 144
2_Rows_Opposing, 1.8465, 171, 144
2_Rows_Opposing, 1.8521, 192, 144
2_Rows_Opposing, 1.8576, 176, 144
2_Rows_Opposing, 1.8632, 182, 144
2_Rows_Opposing, 1.8687, 177, 144
2_Rows_Opposing, 1.8744, 182, 144
2_Rows_Opposing, 1.8797, 174, 144
2_Rows_Opposing, 1.8854, 192, 144
2_Rows_Opposing, 1.8907, 172, 144
2_Rows_Opposing, 1.8969, 191, 144
2_Rows_Opposing, 1.9020, 158, 144
2_Rows_Opposing, 1.9077, 198, 144
2_Rows_Opposing, 1.9131, 175, 144
2_Rows_Opposing, 1.9188, 186, 144
2_Rows_Opposing, 1.9242, 174, 144
2_Rows_Opposing, 1.9299, 186, 144
2_Rows_Opposing, 1.9352, 174, 144
2_Rows_Opposing, 1.9412, 189, 144
2_Rows_Opposing, 1.9464, 165, 144
2_Rows_Opposing, 1.9521, 194, 144
2_Rows_Opposing, 1.9575, 173, 144
2_Rows_Opposing, 1.9633, 183, 144
2_Rows_Opposing, 1.9685, 175, 144
2_Rows_Opposing, 1.9746, 191, 144
2_Rows_Opposing, 1.9799, 163, 144
2_Rows_Opposing, 1.9858, 188, 144
2_Rows_Opposing, 1.9910, 169, 144
2_Rows_Opposing, 1.9969, 192, 144
2_Rows_Opposing, 2.0022, 167, 144
2_Rows_Opposing, 2.0078, 188, 144
2_Rows_Opposing, 2.0131, 183, 144
2_Rows_Opposing, 2.0188, 188, 144
2_Rows_Opposing, 2.0242, 176, 144
2_Rows_Opposing, 2.0302, 183, 144
2_Rows_Opposing, 2.0355, 166, 144
2_Rows_Opposing, 2.0412, 188, 144
2_Rows_Opposing, 2.0466, 175, 144
2_Rows_Opposing, 2.0523, 185, 144
2_Rows_Opposing, 2.0576, 175, 144
2_Rows_Opposing, 2.0633, 190, 144
2_Rows_Opposing, 2.0686, 174, 144
2_Rows_Opposing, 2.0745, 189, 144
2_Rows_Opposing, 2.0796, 167, 144
2_Rows_Opposing, 2.0855, 196, 144
2_Rows_Opposing, 2.0908, 171, 144
2_Rows_Opposing, 2.0966, 185, 144
2_Rows_Opposing, 2.1019, 174, 144
2_Rows_Opposing, 2.1077, 185, 144
2_Rows_Opposing, 2.1131, 174, 144
2_Rows_Opposing, 2.1186, 184, 144
2_Rows_Opposing, 2.1239, 182, 144
2_Rows_Opposing, 2.1297, 186, 144
2_Rows_Opposing, 2.1349, 174, 144
2_Rows_Opposing, 2.1407, 187, 144
2_Rows_Opposing, 2.1460, 173, 144
2_Rows_Opposing, 2.1518, 186, 144
2_Rows_Opposing, 2.1572, 175, 144
2_Rows_Opposing, 2.1631, 181, 144
2_Rows_Opposing, 2.1684, 170, 144
2_Rows_Opposing, 2.1741, 189, 144
2_Rows_Opposing, 2.1796, 177, 144
2_Rows_Opposing, 2.1857, 182, 144
2_Rows_Opposing, 2.1909, 163, 144
2_Rows_Opposing, 2.1967, 191, 144
2_Rows_Opposing, 2.2020, 171, 144
2_Rows_Opposing, 2.2078, 189, 144
2_Rows_Opposing, 2.2131, 171, 144
2_Rows_Opposing, 2.2190, 189, 144
2_Rows_Opposing, 2.2241, 166, 144
2_Rows_Opposing, 2.2300, 195, 144
2_Rows_Opposing, 2.2353, 172, 144
2_Rows_Opposing, 2.2411, 187, 144
2_Rows_Opposing, 2.2465, 173, 144
2_Rows_Opposing, 2.2521, 185, 144
2_Rows_Opposing, 2.2576, 177, 144
2_Rows_Opposing, 2.2632, 183, 144
2_Rows_Opposing, 2.2685, 177, 144
2_Rows_Opposing, 2.2745, 191, 144
2_Rows_Opposing, 2.2797, 164, 144
2_Rows_Opposing, 2.2855, 194, 144
2_Rows_Opposing, 2.2909, 171, 144
2_Rows_Opposing, 2.2968, 185, 144
2_Rows_Opposing, 2.3020, 164, 144
2_Rows_Opposing, 2.3079, 193, 144
2_Rows_Opposing, 2.3131, 168, 144
2_Rows_Opposing, 2.3190, 189, 144
2_Rows_Opposing, 2.3241, 177, 144
2_Rows_Opposing, 2.3298, 189, 144
2_Rows_Opposing, 2.3352, 179, 144
2_Rows_Opposing, 2.3410, 179, 144
2_Rows_Opposing, 2.3463, 177, 144
2_Rows_Opposing, 2.3520, 184, 144
2_Rows_Opposing, 2.3574, 179, 144
2_Rows_Opposing, 2.3632, 184, 144
2_Rows_Opposing, 2.3685, 172, 144
2_Rows_Opposing, 2.3744, 192, 144
2_Rows_Opposing, 2.3796, 169, 144
2_Rows_Opposing, 2.3855, 191, 144
2_Rows_Opposing, 2.3907, 167, 144
2_Rows_Opposing, 2.3966, 196, 144
2_Rows_Opposing, 2.4019, 166, 144
2_Rows_Opposing, 2.4076, 189, 144
2_Rows_Opposing, 2.4129, 174, 144
2_Rows_Opposing, 2.4187, 189, 144
2_Rows_Opposing, 2.4240, 173, 144
2_Rows_Opposing, 2.4300, 190, 144
2_Rows_Opposing, 2.4352, 166, 144
2_Rows_Opposing, 2.4411, 192, 144
2_Rows_Opposing, 2.4463, 170, 144
2_Rows_Opposing, 2.4520, 186, 144
2_Rows_Opposing, 2.4574, 178, 144
2_Rows_Opposing, 2.4631, 183, 144
2_Rows_Opposing, 2.4686, 177, 144
2_Rows_Opposing, 2.4744, 183, 144
2_Rows_Opposing, 2.4797, 171, 144
2_Rows_Opposing, 2.4855, 190, 144
2_Rows_Opposing, 2.4907, 172, 144
2_Rows_Opposing, 2.4966, 189, 144
2_Rows_Opposing, 2.5020, 170, 144
2_Rows_Opposing, 2.5077, 184, 144
2_Rows_Opposing, 2.5129, 174, 144
2_Rows_Opposing, 2.5190, 191, 144
2_Rows_Opposing, 2.5242, 164, 144
2_Rows_Opposing, 2.5300, 188, 144
2_Rows_Opposing, 2.5352, 175, 144
2_Rows_Opposing, 2.5410, 193, 144
2_Rows_Opposing, 2.5463, 170, 144
2_Rows_Opposing, 2.5521, 186, 144
2_Rows_Opposing, 2.5575, 174, 144
2_Rows_Opposing, 2.5634, 185, 144
2_Rows_Opposing, 2.5686, 171, 144
2_Rows_Opposing, 2.5744, 192, 144
2_Rows_Opposing, 2.5797, 172, 144
2_Rows_Opposing, 2.5855, 187, 144
2_Rows_Opposing, 2.5909, 171, 144
2_Rows_Opposing, 2.5965, 180, 144
2_Rows_Opposing, 2.6018, 182, 144
2_Rows_Opposing, 2.6077, 190, 144
2_Rows_Opposing, 2.6130, 169, 144
2_Rows_Opposing, 2.6188, 186, 144
2_Rows_Opposing, 2.6241, 176, 144
2_Rows_Opposing, 2.6300, 186, 144
2_Rows_Opposing, 2.6352, 167, 144
2_Rows_Opposing, 2.6410, 195, 144
2_Rows_Opposing, 2.6464, 172, 144
2_Rows_Opposing, 2.6522, 186, 144
2_Rows_Opposing, 2.6573, 169, 144
2_Rows_Opposing, 2.6632, 198, 144
2_Rows_Opposing, 2.6685, 171, 144
2_Rows_Opposing, 2.6742, 185, 144
2_Rows_Opposing, 2.6796, 175, 144
2_Rows_Opposing, 2.6855, 185, 144
2_Rows_Opposing, 2.6907, 170, 144
2_Rows_Opposing, 2.6964, 190, 144
2_Rows_Opposing, 2.7018, 174, 144
2_Rows_Opposing, 2.7077, 186, 144
2_Rows_Opposing, 2.7129, 169, 144
2_Rows_Opposing, 2.7189, 193, 144
2_Rows_Opposing, 2.7241, 165, 144
2_Rows_Opposing, 2.7298, 190, 144
2_Rows_Opposing, 2.7353, 175, 144
2_Rows_Opposing, 2.7411, 184, 144
2_Rows_Opposing, 2.7465, 172, 144
2_Rows_Opposing, 2.7523, 184, 144
2_Rows_Opposing, 2.7574, 173, 144
2_Rows_Opposing, 2.7633, 191, 144
2_Rows_Opposing, 2.7684, 172, 144
2_Rows_Opposing, 2.7743, 194, 144
2_Rows_Opposing, 2.7797, 168, 144
2_Rows_Opposing, 2.7856, 188, 144
2_Rows_Opposing, 2.7909, 164, 144
2_Rows_Opposing, 2.7967, 194, 144
2_Rows_Opposing, 2.8019, 170, 144
2_Rows_Opposing, 2.8078, 194, 144
2_Rows_Opposing, 2.8130, 168, 144
2_Rows_Opposing, 2.8187, 194, 144
2_Rows_Opposing, 2.8242, 176, 144
2_Rows_Opposing, 2.8299, 180, 144
2_Rows_Opposing, 2.8353, 174, 144
2_Rows_Opposing, 2.8412, 182, 144
2_Rows_Opposing, 2.8463, 173, 144
2_Rows_Opposing, 2.8523, 192, 144
2_Rows_Opposing, 2.8574, 168, 144
2_Rows_Opposing, 2.8633, 191, 144
2_Rows_Opposing, 2.8685, 173, 144
2_Rows_Opposing, 2.8743, 193, 144
2_Rows_Opposing, 2.8797, 169, 144
2_Rows_Opposing, 2.8854, 185, 144
2_Rows_Opposing, 2.8908, 175, 144
2_Rows_Opposing, 2.8965, 183, 144
2_Rows_Opposing, 2.9018, 176, 144
2_Rows_Opposing, 2.9078, 187, 144
2_Rows_Opposing, 2.9130, 167, 144
2_Rows_Opposing, 2.9187, 191, 144
2_Rows_Opposing, 2.9241, 176, 144
2_Rows_Opposing, 2.9298, 184, 144
2_Rows_Opposing, 2.9352, 177, 144
2_Rows_Opposing, 2.9410, 185, 144
2_Rows_Opposing, 2.9463, 170, 144
2_Rows_Opposing, 2.9522, 189, 144
2_Rows_Opposing, 2.9573, 169, 144
2_Rows_Opposing, 2.9631, 195, 144
2_Rows_Opposing, 2.9686, 172, 144
2_Rows_Opposing, 2.9744, 184, 144
2_Rows_Opposing, 2.9795, 170, 144
2_Rows_Opposing, 2.9855, 195, 144
2_Rows_Opposing, 2.9907, 167, 144
2_Rows_Opposing, 2.9966, 189, 144
2_Rows_Opposing, 3.0018, 172, 144
2_Rows_Opposing, 3.0076, 185, 144
2_Rows_Opposing, 3.0130, 171, 144
2_Rows_Opposing, 3.0187, 190, 144
2_Rows_Opposing, 3.0242, 175, 144
2_Rows_Opposing, 3.0299, 183, 144
2_Rows_Opposing, 3.0353, 173, 144
2_Rows_Opposing, 3.0411, 181, 144
2_Rows_Opposing, 3.0463, 173, 144
2_Rows_Opposing, 3.0522, 191, 144
2_Rows_Opposing, 3.0575, 172, 144
2_Rows_Opposing, 3.0635, 183, 144
2_Rows_Opposing, 3.0686, 167, 144
2_Rows_Opposing, 3.0746, 195, 144
2_Rows_Opposing, 3.0796, 166, 144
2_Rows_Opposing, 3.0855, 200, 144
2_Rows_Opposing, 3.0907, 174, 144
2_Rows_Opposing, 3.0966, 191, 144
2_Rows_Opposing, 3.1019, 170, 144
2_Rows_Opposing, 3.1079, 188, 144
2_Rows_Opposing, 3.1132, 163, 144
2_Rows_Opposing, 3.1188, 190, 144
2_Rows_Opposing, 3.1241, 178, 144
2_Rows_Opposing, 3.1299, 189, 144
2_Rows_Opposing, 3.1353, 174, 144
2_Rows_Opposing, 3.1410, 185, 144
2_Rows_Opposing, 3.1463, 175, 144
2_Rows_Opposing, 3.1522, 184, 144
2_Rows_Opposing, 3.1574, 166, 144
2_Rows_Opposing, 3.1631, 199, 144
2_Rows_Opposing, 3.1686, 174, 144
2_Rows_Opposing, 3.1743, 184, 144
2_Rows_Opposing, 3.1795, 171, 144
2_Rows_Opposing, 3.1855, 194, 144
2_Rows_Opposing, 3.1908, 165, 144
2_Rows_Opposing, 3.1969, 188, 144
2_Rows_Opposing, 3.2020, 165, 144
2_Rows_Opposing, 3.2076, 192, 144
2_Rows_Opposing, 3.2130, 181, 144
2_Rows_Opposing, 3.2187, 184, 144
2_Rows_Opposing, 3.2240, 173, 144
2_Rows_Opposing, 3.2299, 189, 144
2_Rows_Opposing, 3.2352, 171, 144
2_Rows_Opposing, 3.2409, 185, 144
2_Rows_Opposing, 3.2462, 173, 144
2_Rows_Opposing, 3.2521, 192, 144
2_Rows_Opposing, 3.2576, 167, 144
2_Rows_Opposing, 3.2632, 182, 144
2_Rows_Opposing, 3.2687, 176, 144
2_Rows_Opposing, 3.2744, 184, 144
2_Rows_Opposing, 3.2798, 176, 144
2_Rows_Opposing, 3.2854, 184, 144
2_Rows_Opposing, 3.2907, 179, 144
2_Rows_Opposing, 3.2965, 187, 144
2_Rows_Opposing, 3.3019, 175, 144
2_Rows_Opposing, 3.3078, 182, 144
2_Rows_Opposing, 3.3130, 170, 144
2_Rows_Opposing, 3.3187, 193, 144
2_Rows_Opposing, 3.3241, 172, 144
2_Rows_Opposing, 3.3299, 186, 144
2_Rows_Opposing, 3.3353, 169, 144
2_Rows_Opposing, 3.3410, 186, 144
2_Rows_Opposing, 3.3464, 174, 144
2_Rows_Opposing, 3.3521, 185, 144
2_Rows_Opposing, 3.3574, 175, 144
2_Rows_Opposing, 3.3632, 192, 144
2_Rows_Opposing, 3.3686, 170, 144
2_Rows_Opposing, 3.3745, 187, 144
2_Rows_Opposing, 3.3797, 167, 144
2_Rows_Opposing, 3.3854, 195, 144
2_Rows_Opposing, 3.3907, 174, 144
2_Rows_Opposing, 3.3965, 190, 144
2_Rows_Opposing, 3.4019, 170, 144
2_Rows_Opposing, 3.4077, 184, 144
2_Rows_Opposing, 3.4130, 174, 144
2_Rows_Opposing, 3.4187, 189, 144
2_Rows_Opposing, 3.4240, 174, 144
2_Rows_Opposing, 3.4298, 189, 144
2_Rows_Opposing, 3.4356, 170, 144
2_Rows_Opposing, 3.4414, 166, 144
2_Rows_Opposing, 3.4467, 173, 144
2_Rows_Opposing, 3.4527, 191, 144
2_Rows_Opposing, 3.4578, 159, 144
2_Rows_Opposing, 3.4632, 200, 144
2_Rows_Opposing, 3.4695, 189, 144
2_Rows_Opposing, 3.4744, 156, 144
2_Rows_Opposing, 3.4808, 206, 144
2_Rows_Opposing, 3.4853, 159, 144
2_Rows_Opposing, 3.4929, 222, 144
2_Rows_Opposing, 3.4965, 131, 144
2_Rows_Opposing, 3.5021, 278, 144
2_Rows_Opposing, 3.5075, 176, 144
2_Rows_Opposing, 3.5132, 186, 144
2_Rows_Opposing, 3.5185, 176, 144
2_Rows_Opposing, 3.5243, 188, 144
2_Rows_Opposing, 3.5296, 171, 144
2_Rows_Opposing, 3.5354, 189, 144
2_Rows_Opposing, 3.5408, 171, 144
2_Rows_Opposing, 3.5465, 182, 144
2_Rows_Opposing, 3.5520, 178, 144
2_Rows_Opposing, 3.5578, 180, 144
2_Rows_Opposing, 3.5630, 173, 144
2_Rows_Opposing, 3.5688, 193, 144
2_Rows_Opposing, 3.5741, 170, 144
2_Rows_Opposing, 3.5799, 189, 144
2_Rows_Opposing, 3.5853, 173, 144
2_Rows_Opposing, 3.5911, 185, 144
2_Rows_Opposing, 3.5965, 172, 144
2_Rows_Opposing, 3.6024, 185, 144
2_Rows_Opposing, 3.6076, 170, 144
2_Rows_Opposing, 3.6134, 189, 144
2_Rows_Opposing, 3.6186, 172, 144
2_Rows_Opposing, 3.6244, 192, 144
2_Rows_Opposing, 3.6296, 173, 144
2_Rows_Opposing, 3.6354, 190, 144
2_Rows_Opposing, 3.6407, 173, 144
2_Rows_Opposing, 3.6467, 187, 144
2_Rows_Opposing, 3.6519, 164, 144
2_Rows_Opposing, 3.6576, 195, 144
2_Rows_Opposing, 3.6630, 176, 144
2_Rows_Opposing, 3.6689, 186, 144
2_Rows_Opposing, 3.6743, 165, 144
2_Rows_Opposing, 3.6800, 183, 144
2_Rows_Opposing, 3.6853, 180, 144
2_Rows_Opposing, 3.6911, 184, 144
2_Rows_Opposing, 3.6964, 177, 144
2_Rows_Opposing, 3.7024, 181, 144
2_Rows_Opposing, 3.7076, 168, 144
2_Rows_Opposing, 3.7133, 190, 144
2_Rows_Opposing, 3.7186, 177, 144
2_Rows_Opposing, 3.7261, 190, 144
2_Rows_Opposing, 3.7299, 132, 144
2_Rows_Opposing, 3.7355, 270, 144
2_Rows_Opposing, 3.7409, 173, 144
2_Rows_Opposing, 3.7468, 189, 144
2_Rows_Opposing, 3.7521, 167, 144
2_Rows_Opposing, 3.7579, 191, 144
2_Rows_Opposing, 3.7630, 167, 144
2_Rows_Opposing, 3.7688, 201, 144
2_Rows_Opposing, 3.7741, 173, 144
2_Rows_Opposing, 3.7802, 188, 144
2_Rows_Opposing, 3.7854, 163, 144
2_Rows_Opposing, 3.7912, 190, 144
2_Rows_Opposing, 3.7964, 173, 144
2_Rows_Opposing, 3.8022, 193, 144
2_Rows_Opposing, 3.8076, 171, 144
2_Rows_Opposing, 3.8132, 183, 144
2_Rows_Opposing, 3.8187, 181, 144
2_Rows_Opposing, 3.8244, 182, 144
2_Rows_Opposing, 3.8298, 174, 144
2_Rows_Opposing, 3.8355, 184, 144
2_Rows_Opposing, 3.8411, 173, 144
2_Rows_Opposing, 3.8466, 182, 144
2_Rows_Opposing, 3.8520, 178, 144
2_Rows_Opposing, 3.8578, 185, 144
2_Rows_Opposing, 3.8630, 174, 144
2_Rows_Opposing, 3.8688, 193, 144
2_Rows_Opposing, 3.8741, 170, 144
2_Rows_Opposing, 3.8800, 188, 144
2_Rows_Opposing, 3.8855, 167, 144
2_Rows_Opposing, 3.8911, 180, 144
2_Rows_Opposing, 3.8964, 181, 144
2_Rows_Opposing, 3.9023, 188, 144
2_Rows_Opposing, 3.9079, 170, 144
2_Rows_Opposing, 3.9137, 177, 144
2_Rows_Opposing, 3.9189, 171, 144
2_Rows_Opposing, 3.9243, 194, 144
2_Rows_Opposing, 3.9299, 183, 144
2_Rows_Opposing, 3.9357, 178, 144
2_Rows_Opposing, 3.9410, 173, 144
2_Rows_Opposing, 3.9468, 189, 144
2_Rows_Opposing, 3.9522, 170, 144
2_Rows_Opposing, 3.9578, 185, 144
2_Rows_Opposing, 3.9630, 179, 144
2_Rows_Opposing, 3.9692, 193, 144
2_Rows_Opposing, 3.9744, 160, 144
2_Rows_Opposing, 3.9803, 189, 144
2_Rows_Opposing, 3.9855, 168, 144
2_Rows_Opposing, 3.9911, 197, 144
2_Rows_Opposing, 3.9964, 176, 144
2_Rows_Opposing, 4.0022, 190, 144
2_Rows_Opposing, 4.0077, 173, 144
2_Rows_Opposing, 4.0135, 178, 144
2_Rows_Opposing, 4.0183, 173, 144
2_Rows_Opposing, 4.0244, 207, 144
2_Rows_Opposing, 4.0296, 165, 144
2_Rows_Opposing, 4.0352, 191, 144
2_Rows_Opposing, 4.0405, 178, 144
2_Rows_Opposing, 4.0463, 188, 144
2_Rows_Opposing, 4.0516, 172, 144
2_Rows_Opposing, 4.0575, 187, 144
2_Rows_Opposing, 4.0627, 171, 144
2_Rows_Opposing, 4.0685, 190, 144
2_Rows_Opposing, 4.0740, 173, 144
2_Rows_Opposing, 4.0800, 181, 144
2_Rows_Opposing, 4.0851, 165, 144
2_Rows_Opposing, 4.0910, 197, 144
2_Rows_Opposing, 4.0963, 163, 144
2_Rows_Opposing, 4.1021, 191, 144
2_Rows_Opposing, 4.1072, 173, 144
2_Rows_Opposing, 4.1132, 198, 144
2_Rows_Opposing, 4.1183, 167, 144
2_Rows_Opposing, 4.1241, 198, 144
2_Rows_Opposing, 4.1294, 168, 144
2_Rows_Opposing, 4.1352, 191, 144
2_Rows_Opposing, 4.1406, 173, 144
2_Rows_Opposing, 4.1463, 183, 144
2_Rows_Opposing, 4.1516, 175, 144
2_Rows_Opposing, 4.1576, 188, 144
2_Rows_Opposing, 4.1627, 166, 144
2_Rows_Opposing, 4.1685, 193, 144
2_Rows_Opposing, 4.1738, 175, 144
2_Rows_Opposing, 4.1796, 184, 144
2_Rows_Opposing, 4.1849, 176, 144
2_Rows_Opposing, 4.1907, 184, 144
2_Rows_Opposing, 4.1960, 175, 144
2_Rows_Opposing, 4.2018, 185, 144
2_Rows_Opposing, 4.2072, 175, 144
2_Rows_Opposing, 4.2129, 183, 144
2_Rows_Opposing, 4.2182, 176, 144
2_Rows_Opposing, 4.2240, 186, 144
2_Rows_Opposing, 4.2294, 173, 144
2_Rows_Opposing, 4.2351, 184, 144
2_Rows_Opposing, 4.2404, 174, 144
2_Rows_Opposing, 4.2462, 188, 144
2_Rows_Opposing, 4.2516, 171, 144
2_Rows_Opposing, 4.2573, 187, 144
2_Rows_Opposing, 4.2627, 174, 144
2_Rows_Opposing, 4.2685, 186, 144
2_Rows_Opposing, 4.2738, 172, 144
2_Rows_Opposing, 4.2796, 188, 144
2_Rows_Opposing, 4.2849, 173, 144
2_Rows_Opposing, 4.2906, 187, 144
2_Rows_Opposing, 4.2960, 175, 144
2_Rows_Opposing, 4.3018, 184, 144
2_Rows_Opposing, 4.3071, 173, 144
2_Rows_Opposing, 4.3129, 189, 144
2_Rows_Opposing, 4.3182, 171, 144
2_Rows_Opposing, 4.3240, 187, 144
2_Rows_Opposing, 4.3293, 173, 144
2_Rows_Opposing, 4.3351, 186, 144
2_Rows_Opposing, 4.3405, 173, 144
2_Rows_Opposing, 4.3462, 184, 144
2_Rows_Opposing, 4.3516, 176, 144
2_Rows_Opposing, 4.3573, 186, 144
2_Rows_Opposing, 4.3628, 173, 144
2_Rows_Opposing, 4.3684, 185, 144
2_Rows_Opposing, 4.3738, 176, 144
2_Rows_Opposing, 4.3795, 187, 144
2_Rows_Opposing, 4.3848, 172, 144
2_Rows_Opposing, 4.3907, 188, 144
2_Rows_Opposing, 4.3960, 171, 144
2_Rows_Opposing, 4.4018, 189, 144
2_Rows_Opposing, 4.4071, 171, 144
2_Rows_Opposing, 4.4129, 188, 144
2_Rows_Opposing, 4.4182, 174, 144
2_Rows_Opposing, 4.4240, 186, 144
2_Rows_Opposing, 4.4294, 173, 144
2_Rows_Opposing, 4.4351, 186, 144
2_Rows_Opposing, 4.4405, 171, 144
2_Rows_Opposing, 4.4463, 186, 144
2_Rows_Opposing, 4.4516, 174, 144
2_Rows_Opposing, 4.4574, 184, 144
2_Rows_Opposing, 4.4628, 171, 144
2_Rows_Opposing, 4.4684, 185, 144
2_Rows_Opposing, 4.4738, 179, 144
2_Rows_Opposing, 4.4796, 185, 144
2_Rows_Opposing, 4.4849, 174, 144
2_Rows_Opposing, 4.4906, 188, 144
2_Rows_Opposing, 4.4960, 172, 144
2_Rows_Opposing, 4.5019, 189, 144
2_Rows_Opposing, 4.5071, 168, 144
2_Rows_Opposing, 4.5130, 192, 144
2_Rows_Opposing, 4.5183, 170, 144
2_Rows_Opposing, 4.5241, 190, 144
2_Rows_Opposing, 4.5294, 171, 144
2_Rows_Opposing, 4.5351, 188, 144
2_Rows_Opposing, 4.5405, 175, 144
2_Rows_Opposing, 4.5463, 184, 144
2_Rows_Opposing, 4.5516, 172, 144
2_Rows_Opposing, 4.5574, 186, 144
2_Rows_Opposing, 4.5627, 174, 144
2_Rows_Opposing, 4.5685, 188, 144
2_Rows_Opposing, 4.5739, 174, 144
2_Rows_Opposing, 4.5796, 182, 144
2_Rows_Opposing, 4.5850, 176, 144
2_Rows_Opposing, 4.5907, 183, 144
2_Rows_Opposing, 4.5961, 176, 144
2_Rows_Opposing, 4.6019, 184, 144
2_Rows_Opposing, 4.6072, 171, 144
2_Rows_Opposing, 4.6130, 190, 144
2_Rows_Opposing, 4.6183, 170, 144
2_Rows_Opposing, 4.6241, 191, 144
2_Rows_Opposing, 4.6294, 170, 144
2_Rows_Opposing, 4.6353, 190, 144
2_Rows_Opposing, 4.6405, 170, 144
2_Rows_Opposing, 4.6464, 190, 144
2_Rows_Opposing, 4.6516, 170, 144
2_Rows_Opposing, 4.6575, 189, 144
2_Rows_Opposing, 4.6628, 173, 144
2_Rows_Opposing, 4.6686, 185, 144
2_Rows_Opposing, 4.6739, 174, 144
2_Rows_Opposing, 4.6797, 186, 144
2_Rows_Opposing, 4.6850, 173, 144
2_Rows_Opposing, 4.6908, 186, 144
2_Rows_Opposing, 4.6961, 175, 144
2_Rows_Opposing, 4.7018, 185, 144
2_Rows_Opposing, 4.7073, 175, 144
2_Rows_Opposing, 4.7130, 182, 144
2_Rows_Opposing, 4.7182, 174, 144
2_Rows_Opposing, 4.7241, 189, 144
2_Rows_Opposing, 4.7294, 170, 144
2_Rows_Opposing, 4.7351, 190, 144
2_Rows_Opposing, 4.7405, 173, 144
2_Rows_Opposing, 4.7463, 186, 144
2_Rows_Opposing, 4.7517, 172, 144
2_Rows_Opposing, 4.7575, 189, 144
2_Rows_Opposing, 4.7627, 170, 144
2_Rows_Opposing, 4.7685, 192, 144
2_Rows_Opposing, 4.7739, 170, 144
2_Rows_Opposing, 4.7796, 187, 144
2_Rows_Opposing, 4.7849, 175, 144
2_Rows_Opposing, 4.7907, 185, 144
2_Rows_Opposing, 4.7961, 173, 144
2_Rows_Opposing, 4.8018, 186, 144
2_Rows_Opposing, 4.8072, 176, 144
2_Rows_Opposing, 4.8130, 184, 144
2_Rows_Opposing, 4.8183, 172, 144
2_Rows_Opposing, 4.8241, 188, 144
2_Rows_Opposing, 4.8294, 174, 144
2_Rows_Opposing, 4.8351, 187, 144
2_Rows_Opposing, 4.8405, 176, 144
2_Rows_Opposing, 4.8463, 182, 144
2_Rows_Opposing, 4.8516, 174, 144
2_Rows_Opposing, 4.8575, 186, 144
2_Rows_Opposing, 4.8627, 171, 144
2_Rows_Opposing, 4.8686, 190, 144
2_Rows_Opposing, 4.8739, 169, 144
2_Rows_Opposing, 4.8797, 189, 144
2_Rows_Opposing, 4.8849, 171, 144
2_Rows_Opposing, 4.8907, 192, 144
2_Rows_Opposing, 4.8962, 172, 144
2_Rows_Opposing, 4.9019, 181, 144
2_Rows_Opposing, 4.9072, 174, 144
2_Rows_Opposing, 4.9130, 188, 144
2_Rows_Opposing, 4.9182, 172, 144
2_Rows_Opposing, 4.9241, 191, 144
2_Rows_Opposing, 4.9294, 172, 144
2_Rows_Opposing, 4.9351, 187, 144
2_Rows_Opposing, 4.9406, 173, 144
2_Rows_Opposing, 4.9462, 182, 144
2_Rows_Opposing, 4.9516, 178, 144
2_Rows_Opposing, 4.9574, 185, 144
2_Rows_Opposing, 4.9626, 175, 144
2_Rows_Opposing, 4.9685, 189, 144
2_Rows_Opposing, 4.9738, 169, 144
2_Rows_Opposing, 4.9797, 187, 144
2_Rows_Opposing, 4.9849, 169, 144
2_Rows_Opposing, 4.9907, 192, 144
2_Rows_Opposing, 4.9961, 171, 144
2_Rows_Opposing, 5.0019, 186, 144
2_Rows_Opposing, 5.0071, 172, 144
2_Rows_Opposing, 5.0130, 191, 144
2_Rows_Opposing, 5.0183, 170, 144
2_Rows_Opposing, 5.0240, 187, 144
2_Rows_Opposing, 5.0294, 177, 144
2_Rows_Opposing, 5.0351, 182, 144
2_Rows_Opposing, 5.0405, 176, 144
2_Rows_Opposing, 5.0462, 185, 144
2_Rows_Opposing, 5.0517, 175, 144
2_Rows_Opposing, 5.0574, 182, 144
2_Rows_Opposing, 5.0628, 176, 144
2_Rows_Opposing, 5.0685, 184, 144
2_Rows_Opposing, 5.0740, 176, 144
2_Rows_Opposing, 5.0796, 180, 144
2_Rows_Opposing, 5.0851, 179, 144
2_Rows_Opposing, 5.0907, 182, 144
2_Rows_Opposing, 5.0962, 177, 144
2_Rows_Opposing, 5.1019, 182, 144
2_Rows_Opposing, 5.1071, 176, 144
2_Rows_Opposing, 5.1129, 189, 144
2_Rows_Opposing, 5.1182, 170, 144
2_Rows_Opposing, 5.1242, 185, 144
2_Rows_Opposing, 5.1294, 172, 144
2_Rows_Opposing, 5.1351, 186, 144
2_Rows_Opposing, 5.1405, 175, 144
2_Rows_Opposing, 5.1463, 189, 144
2_Rows_Opposing, 5.1516, 171, 144
2_Rows_Opposing, 5.1573, 189, 144
2_Rows_Opposing, 5.1627, 172, 144
2_Rows_Opposing, 5.1685, 184, 144
2_Rows_Opposing, 5.1738, 176, 144
2_Rows_Opposing, 5.1796, 187, 144
2_Rows_Opposing, 5.1849, 173, 144
2_Rows_Opposing, 5.1908, 188, 144
2_Rows_Opposing, 5.1962, 167, 144
2_Rows_Opposing, 5.2019, 185, 144
2_Rows_Opposing, 5.2071, 176, 144
2_Rows_Opposing, 5.2129, 191, 144
2_Rows_Opposing, 5.2182, 174, 144
2_Rows_Opposing, 5.2240, 186, 144
2_Rows_Opposing, 5.2294, 172, 144
2_Rows_Opposing, 5.2351, 187, 144
2_Rows_Opposing, 5.2405, 173, 144
2_Rows_Opposing, 5.2462, 187, 144
2_Rows_Opposing, 5.2516, 172, 144
2_Rows_Opposing, 5.2573, 186, 144
2_Rows_Opposing, 5.2626, 172, 144
2_Rows_Opposing, 5.2685, 190, 144
2_Rows_Opposing, 5.2738, 170, 144
2_Rows_Opposing, 5.2795, 189, 144
2_Rows_Opposing, 5.2849, 173, 144
2_Rows_Opposing, 5.2908, 186, 144
2_Rows_Opposing, 5.2962, 166, 144
2_Rows_Opposing, 5.3018, 190, 144
2_Rows_Opposing, 5.3071, 177, 144
2_Rows_Opposing, 5.3130, 188, 144
2_Rows_Opposing, 5.3184, 171, 144
2_Rows_Opposing, 5.3242, 181, 144
2_Rows_Opposing, 5.3294, 172, 144
2_Rows_Opposing, 5.3353, 191, 144
2_Rows_Opposing, 5.3406, 169, 144
2_Rows_Opposing, 5.3463, 191, 144
2_Rows_Opposing, 5.3516, 171, 144
2_Rows_Opposing, 5.3575, 192, 144
2_Rows_Opposing, 5.3627, 168, 144
2_Rows_Opposing, 5.3684, 194, 144
2_Rows_Opposing, 5.3738, 173, 144
2_Rows_Opposing, 5.3796, 187, 144
2_Rows_Opposing, 5.3849, 172, 144
2_Rows_Opposing, 5.3906, 184, 144
2_Rows_Opposing, 5.3960, 177, 144
2_Rows_Opposing, 5.4018, 185, 144
2_Rows_Opposing, 5.4071, 173, 144
2_Rows_Opposing, 5.4129, 184, 144
2_Rows_Opposing, 5.4183, 176, 144
2_Rows_Opposing, 5.4244, 183, 144
2_Rows_Opposing, 5.4294, 165, 144
2_Rows_Opposing, 5.4351, 198, 144
2_Rows_Opposing, 5.4405, 173, 144
2_Rows_Opposing, 5.4463, 185, 144
2_Rows_Opposing, 5.4516, 174, 144
2_Rows_Opposing, 5.4573, 185, 144
2_Rows_Opposing, 5.4627, 169, 144
2_Rows_Opposing, 5.4684, 197, 144
2_Rows_Opposing, 5.4738, 173, 144
2_Rows_Opposing, 5.4796, 184, 144
2_Rows_Opposing, 5.4850, 170, 144
2_Rows_Opposing, 5.4908, 188, 144
2_Rows_Opposing, 5.4961, 170, 144
2_Rows_Opposing, 5.5019, 190, 144
2_Rows_Opposing, 5.5071, 174, 144
2_Rows_Opposing, 5.5129, 188, 144
2_Rows_Opposing, 5.5183, 172, 144
2_Rows_Opposing, 5.5242, 188, 144
2_Rows_Opposing, 5.5294, 167, 144
2_Rows_Opposing, 5.5351, 191, 144
2_Rows_Opposing, 5.5405, 174, 144
2_Rows_Opposing, 5.5462, 186, 144
2_Rows_Opposing, 5.5516, 175, 144
2_Rows_Opposing, 5.5573, 184, 144
2_Rows_Opposing, 5.5628, 176, 144
2_Rows_Opposing, 5.5686, 180, 144
2_Rows_Opposing, 5.5739, 175, 144
2_Rows_Opposing, 5.5796, 186, 144
2_Rows_Opposing, 5.5849, 173, 144
2_Rows_Opposing, 5.5909, 188, 144
2_Rows_Opposing, 5.5961, 167, 144
2_Rows_Opposing, 5.6018, 192, 144
2_Rows_Opposing, 5.6072, 176, 144
2_Rows_Opposing, 5.6129, 187, 144
2_Rows_Opposing, 5.6182, 174, 144
2_Rows_Opposing, 5.6241, 185, 144
2_Rows_Opposing, 5.6294, 169, 144
2_Rows_Opposing, 5.6354, 187, 144
2_Rows_Opposing, 5.6405, 169, 144
2_Rows_Opposing, 5.6462, 192, 144
2_Rows_Opposing, 5.6517, 177, 144
2_Rows_Opposing, 5.6573, 182, 144
2_Rows_Opposing, 5.6628, 179, 144
2_Rows_Opposing, 5.6685, 180, 144
2_Rows_Opposing, 5.6738, 175, 144
2_Rows_Opposing, 5.6796, 186, 144
2_Rows_Opposing, 5.6850, 174, 144
2_Rows_Opposing, 5.6907, 183, 144
2_Rows_Opposing, 5.6960, 176, 144
2_Rows_Opposing, 5.7018, 187, 144
2_Rows_Opposing, 5.7072, 175, 144
2_Rows_Opposing, 5.7129, 183, 144
2_Rows_Opposing, 5.7183, 174, 144
2_Rows_Opposing, 5.7241, 187, 144
2_Rows_Opposing, 5.7293, 172, 144
2_Rows_Opposing, 5.7352, 191, 144
2_Rows_Opposing, 5.7406, 168, 144
2_Rows_Opposing, 5.7462, 188, 144
2_Rows_Opposing, 5.7516, 175, 144
2_Rows_Opposing, 5.7575, 184, 144
2_Rows_Opposing, 5.7627, 170, 144
2_Rows_Opposing, 5.7684, 191, 144
2_Rows_Opposing, 5.7738, 175, 144
2_Rows_Opposing, 5.7797, 185, 144
2_Rows_Opposing, 5.7850, 171, 144
2_Rows_Opposing, 5.7908, 185, 144
2_Rows_Opposing, 5.7961, 175, 144
2_Rows_Opposing, 5.8019, 185, 144
2_Rows_Opposing, 5.8071, 174, 144
2_Rows_Opposing, 5.8130, 187, 144
2_Rows_Opposing, 5.8183, 173, 144
2_Rows_Opposing, 5.8240, 185, 144
2_Rows_Opposing, 5.8294, 177, 144
2_Rows_Opposing, 5.8351, 182, 144
2_Rows_Opposing, 5.8406, 175, 144
2_Rows_Opposing, 5.8464, 185, 144
2_Rows_Opposing, 5.8517, 171, 144
2_Rows_Opposing, 5.8575, 190, 144
2_Rows_Opposing, 5.8627, 171, 144
2_Rows_Opposing, 5.8686, 191, 144
2_Rows_Opposing, 5.8739, 169, 144
2_Rows_Opposing, 5.8797, 188, 144
2_Rows_Opposing, 5.8854, 175, 144
2_Rows_Opposing, 5.8909, 173, 144
2_Rows_Opposing, 5.8963, 183, 144
2_Rows_Opposing, 5.9021, 180, 144
2_Rows_Opposing, 5.9074, 169, 144
2_Rows_Opposing, 5.9133, 197, 144
2_Rows_Opposing, 5.9185, 165, 144
2_Rows_Opposing, 5.9243, 193, 144
2_Rows_Opposing, 5.9296, 174, 144
2_Rows_Opposing, 5.9357, 187, 144
2_Rows_Opposing, 5.9409, 165, 144
2_Rows_Opposing, 5.9467, 190, 144
2_Rows_Opposing, 5.9520, 173, 144
2_Rows_Opposing, 5.9577, 190, 144
2_Rows_Opposing, 5.9631, 173, 144
2_Rows_Opposing, 5.9688, 188, 144
2_Rows_Opposing, 5.9742, 174, 144
2_Rows_Opposing, 5.9799, 186, 144
2_Rows_Opposing, 5.9852, 174, 144
2_Rows_Opposing, 5.9925, 183, 144
2_Rows_Opposing, 5.9964, 140, 144
2_Rows_Opposing, 6.0023, 247, 144
2_Rows_Opposing, 6.0075, 173, 144
2_Rows_Opposing, 6.0132, 192, 144
2_Rows_Opposing, 6.0185, 173, 144
2_Rows_Opposing, 6.0243, 189, 144
2_Rows_Opposing, 6.0298, 173, 144
2_Rows_Opposing, 6.0354, 180, 144
2_Rows_Opposing, 6.0408, 178, 144
2_Rows_Opposing, 6.0465, 184, 144
2_Rows_Opposing, 6.0519, 175, 144
2_Rows_Opposing, 6.0576, 183, 144
2_Rows_Opposing, 6.0630, 176, 144
2_Rows_Opposing, 6.0687, 185, 144
2_Rows_Opposing, 6.0742, 176, 144
2_Rows_Opposing, 6.0798, 182, 144
2_Rows_Opposing, 6.0853, 178, 144
2_Rows_Opposing, 6.0910, 181, 144
2_Rows_Opposing, 6.0964, 172, 144
2_Rows_Opposing, 6.1022, 183, 144
2_Rows_Opposing, 6.1074, 176, 144
2_Rows_Opposing, 6.1133, 190, 144
2_Rows_Opposing, 6.1186, 171, 144
2_Rows_Opposing, 6.1244, 189, 144
2_Rows_Opposing, 6.1296, 169, 144
2_Rows_Opposing, 6.1355, 194, 144
2_Rows_Opposing, 6.1409, 169, 144
2_Rows_Opposing, 6.1465, 184, 144
2_Rows_Opposing, 6.1519, 179, 144
2_Rows_Opposing, 6.1578, 183, 144
2_Rows_Opposing, 6.1632, 167, 144
2_Rows_Opposing, 6.1690, 183, 144
2_Rows_Opposing, 6.1742, 174, 144
2_Rows_Opposing, 6.1801, 193, 144
2_Rows_Opposing, 6.1854, 166, 144
2_Rows_Opposing, 6.1910, 195, 144
2_Rows_Opposing, 6.1965, 175, 144
2_Rows_Opposing, 6.2024, 182, 144
2_Rows_Opposing, 6.2074, 171, 144
2_Rows_Opposing, 6.2132, 198, 144
2_Rows_Opposing, 6.2186, 172, 144
2_Rows_Opposing, 6.2243, 185, 144
2_Rows_Opposing, 6.2296, 173, 144
2_Rows_Opposing, 6.2355, 189, 144
2_Rows_Opposing, 6.2408, 171, 144
2_Rows_Opposing, 6.2465, 183, 144
2_Rows_Opposing, 6.2518, 179, 144
2_Rows_Opposing, 6.2577, 187, 144
2_Rows_Opposing, 6.2631, 168, 144
2_Rows_Opposing, 6.2688, 184, 144
2_Rows_Opposing, 6.2742, 177, 144
2_Rows_Opposing, 6.2799, 184, 144
2_Rows_Opposing, 6.2853, 175, 144
2_Rows_Opposing, 6.2910, 183, 144
2_Rows_Opposing, 6.2964, 177, 144
2_Rows_Opposing, 6.3023, 184, 144
2_Rows_Opposing, 6.3074, 169, 144
2_Rows_Opposing, 6.3132, 199, 144
2_Rows_Opposing, 6.3185, 171, 144
2_Rows_Opposing, 6.3243, 186, 144
2_Rows_Opposing, 6.3296, 170, 144
2_Rows_Opposing, 6.3355, 191, 144
2_Rows_Opposing, 6.3408, 172, 144
2_Rows_Opposing, 6.3466, 188, 144
2_Rows_Opposing, 6.3519, 170, 144
2_Rows_Opposing, 6.3577, 189, 144
2_Rows_Opposing, 6.3631, 172, 144
2_Rows_Opposing, 6.3687, 181, 144
2_Rows_Opposing, 6.3741, 182, 144
2_Rows_Opposing, 6.3799, 180, 144
2_Rows_Opposing, 6.3852, 176, 144
2_Rows_Opposing, 6.3910, 189, 144
2_Rows_Opposing, 6.3965, 171, 144
2_Rows_Opposing, 6.4021, 181, 144
2_Rows_Opposing, 6.4074, 177, 144
2_Rows_Opposing, 6.4133, 191, 144
2_Rows_Opposing, 6.4185, 168, 144
2_Rows_Opposing, 6.4246, 193, 144
2_Rows_Opposing, 6.4298, 159, 144
2_Rows_Opposing, 6.4357, 190, 144
2_Rows_Opposing, 6.4410, 167, 144
2_Rows_Opposing, 6.4466, 192, 144
2_Rows_Opposing, 6.4520, 179, 144
2_Rows_Opposing, 6.4577, 186, 144
2_Rows_Opposing, 6.4629, 178, 144
2_Rows_Opposing, 6.4687, 192, 144
2_Rows_Opposing, 6.4741, 170, 144
2_Rows_Opposing, 6.4798, 186, 144
2_Rows_Opposing, 6.4852, 174, 144
2_Rows_Opposing, 6.4911, 184, 144
2_Rows_Opposing, 6.4964, 170, 144
2_Rows_Opposing, 6.5022, 187, 144
2_Rows_Opposing, 6.5075, 173, 144
2_Rows_Opposing, 6.5133, 183, 144
2_Rows_Opposing, 6.5185, 176, 144
2_Rows_Opposing, 6.5243, 192, 144
2_Rows_Opposing, 6.5296, 171, 144
2_Rows_Opposing, 6.5356, 191, 144
2_Rows_Opposing, 6.5408, 165, 144
2_Rows_Opposing, 6.5467, 194, 144
2_Rows_Opposing, 6.5519, 167, 144
2_Rows_Opposing, 6.5578, 192, 144
2_Rows_Opposing, 6.5631, 170, 144
2_Rows_Opposing, 6.5690, 186, 144
2_Rows_Opposing, 6.5742, 167, 144
2_Rows_Opposing, 6.5800, 194, 144
2_Rows_Opposing, 6.5852, 173, 144
2_Rows_Opposing, 6.5910, 190, 144
2_Rows_Opposing, 6.5964, 172, 144
2_Rows_Opposing, 6.6021, 185, 144
2_Rows_Opposing, 6.6076, 174, 144
2_Rows_Opposing, 6.6133, 181, 144
2_Rows_Opposing, 6.6186, 175, 144
2_Rows_Opposing, 6.6244, 192, 144
2_Rows_Opposing, 6.6298, 170, 144
2_Rows_Opposing, 6.6355, 185, 144
2_Rows_Opposing, 6.6408, 177, 144
2_Rows_Opposing, 6.6467, 187, 144
2_Rows_Opposing, 6.6518, 167, 144
2_Rows_Opposing, 6.6577, 195, 144
2_Rows_Opposing, 6.6631, 168, 144
2_Rows_Opposing, 6.6689, 185, 144
2_Rows_Opposing, 6.6742, 173, 144
2_Rows_Opposing, 6.6799, 188, 144
2_Rows_Opposing, 6.6853, 175, 144
2_Rows_Opposing, 6.6911, 185, 144
2_Rows_Opposing, 6.6964, 171, 144
2_Rows_Opposing, 6.7020, 189, 144
2_Rows_Opposing, 6.7074, 176, 144
2_Rows_Opposing, 6.7134, 185, 144
2_Rows_Opposing, 6.7186, 167, 144
2_Rows_Opposing, 6.7245, 190, 144
2_Rows_Opposing, 6.7298, 170, 144
2_Rows_Opposing, 6.7355, 187, 144
2_Rows_Opposing, 6.7409, 176, 144
2_Rows_Opposing, 6.7468, 182, 144
2_Rows_Opposing, 6.7519, 172, 144
2_Rows_Opposing, 6.7577, 196, 144
2_Rows_Opposing, 6.7630, 170, 144
2_Rows_Opposing, 6.7688, 187, 144
2_Rows_Opposing, 6.7740, 175, 144
2_Rows_Opposing, 6.7798, 191, 144
2_Rows_Opposing, 6.7851, 173, 144
2_Rows_Opposing, 6.7911, 187, 144
2_Rows_Opposing, 6.7963, 165, 144
2_Rows_Opposing, 6.8025, 193, 144
2_Rows_Opposing, 6.8074, 160, 144
2_Rows_Opposing, 6.8134, 203, 144
2_Rows_Opposing, 6.8187, 168, 144
2_Rows_Opposing, 6.8244, 187, 144
2_Rows_Opposing, 6.8296, 178, 144
2_Rows_Opposing, 6.8354, 189, 144
2_Rows_Opposing, 6.8408, 173, 144
2_Rows_Opposing, 6.8464, 186, 144
2_Rows_Opposing, 6.8519, 175, 144
2_Rows_Opposing, 6.8577, 183, 144
2_Rows_Opposing, 6.8630, 170, 144
2_Rows_Opposing, 6.8689, 188, 144
2_Rows_Opposing, 6.8741, 171, 144
2_Rows_Opposing, 6.8800, 190, 144
2_Rows_Opposing, 6.8851, 171, 144
2_Rows_Opposing, 6.8910, 193, 144
2_Rows_Opposing, 6.8963, 169, 144
2_Rows_Opposing, 6.9020, 188, 144
2_Rows_Opposing, 6.9074, 175, 144
2_Rows_Opposing, 6.9132, 186, 144
2_Rows_Opposing, 6.9187, 173, 144
2_Rows_Opposing, 6.9242, 181, 144
2_Rows_Opposing, 6.9297, 177, 144
2_Rows_Opposing, 6.9354, 185, 144
2_Rows_Opposing, 6.9407, 176, 144
2_Rows_Opposing, 6.9466, 186, 144
2_Rows_Opposing, 6.9518, 171, 144
2_Rows_Opposing, 6.9576, 190, 144
2_Rows_Opposing, 6.9629, 172, 144
2_Rows_Opposing, 6.9687, 188, 144
2_Rows_Opposing, 6.9741, 172, 144
2_Rows_Opposing, 6.9798, 183, 144
2_Rows_Opposing, 6.9851, 176, 144
2_Rows_Opposing, 6.9913, 189, 144
2_Rows_Opposing, 6.9964, 162, 144
2_Rows_Opposing, 7.0022, 194, 144
2_Rows_Opposing, 7.0074, 172, 144
2_Rows_Opposing, 7.0131, 193, 144
2_Rows_Opposing, 7.0184, 173, 144
2_Rows_Opposing, 7.0244, 189, 144
2_Rows_Opposing, 7.0296, 164, 144
2_Rows_Opposing, 7.0354, 193, 144
2_Rows_Opposing, 7.0407, 173, 144
2_Rows_Opposing, 7.0468, 189, 144
2_Rows_Opposing, 7.0527, 157, 144
2_Rows_Opposing, 7.0577, 170, 144
2_Rows_Opposing, 7.0638, 198, 144
2_Rows_Opposing, 7.0690, 165, 144
2_Rows_Opposing, 7.0746, 190, 144
2_Rows_Opposing, 7.0801, 184, 144
2_Rows_Opposing, 7.0860, 176, 144
2_Rows_Opposing, 7.0909, 173, 144
2_Rows_Opposing, 7.0967, 207, 144
2_Rows_Opposing, 7.1019, 171, 144
2_Rows_Opposing, 7.1080, 195, 144
2_Rows_Opposing, 7.1130, 163, 144
2_Rows_Opposing, 7.1190, 198, 144
2_Rows_Opposing, 7.1240, 167, 144
2_Rows_Opposing, 7.1300, 199, 144
2_Rows_Opposing, 7.1353, 165, 144
2_Rows_Opposing, 7.1412, 191, 144
2_Rows_Opposing, 7.1463, 168, 144
2_Rows_Opposing, 7.1522, 195, 144
2_Rows_Opposing, 7.1574, 168, 144
2_Rows_Opposing, 7.1633, 194, 144
2_Rows_Opposing, 7.1685, 168, 144
2_Rows_Opposing, 7.1744, 193, 144
2_Rows_Opposing, 7.1797, 167, 144
2_Rows_Opposing, 7.1855, 191, 144
2_Rows_Opposing, 7.1909, 170, 144
2_Rows_Opposing, 7.1967, 186, 144
2_Rows_Opposing, 7.2020, 172, 144
2_Rows_Opposing, 7.2076, 187, 144
2_Rows_Opposing, 7.2130, 178, 144
2_Rows_Opposing, 7.2187, 183, 144
2_Rows_Opposing, 7.2241, 179, 144
2_Rows_Opposing, 7.2298, 183, 144
2_Rows_Opposing, 7.2354, 175, 144
2_Rows_Opposing, 7.2409, 179, 144
2_Rows_Opposing, 7.2463, 180, 144
2_Rows_Opposing, 7.2521, 184, 144
2_Rows_Opposing, 7.2573, 173, 144
2_Rows_Opposing, 7.2632, 187, 144
2_Rows_Opposing, 7.2685, 171, 144
2_Rows_Opposing, 7.2741, 193, 144
2_Rows_Opposing, 7.2797, 175, 144
2_Rows_Opposing, 7.2856, 182, 144
2_Rows_Opposing, 7.2906, 169, 144
2_Rows_Opposing, 7.2965, 195, 144
2_Rows_Opposing, 7.3018, 170, 144
2_Rows_Opposing, 7.3077, 189, 144
2_Rows_Opposing, 7.3131, 170, 144
2_Rows_Opposing, 7.3187, 181, 144
2_Rows_Opposing, 7.3240, 179, 144
2_Rows_Opposing, 7.3299, 189, 144
2_Rows_Opposing, 7.3352, 168, 144
2_Rows_Opposing, 7.3410, 185, 144
2_Rows_Opposing, 7.3463, 177, 144
2_Rows_Opposing, 7.3519, 183, 144
2_Rows_Opposing, 7.3576, 181, 144
2_Rows_Opposing, 7.3631, 175, 144
2_Rows_Opposing, 7.3686, 182, 144
2_Rows_Opposing, 7.3743, 179, 144
2_Rows_Opposing, 7.3797, 175, 144
2_Rows_Opposing, 7.3855, 187, 144
2_Rows_Opposing, 7.3909, 168, 144
2_Rows_Opposing, 7.3967, 189, 144
2_Rows_Opposing, 7.4017, 172, 144
2_Rows_Opposing, 7.4078, 198, 144
2_Rows_Opposing, 7.4128, 166, 144
2_Rows_Opposing, 7.4186, 198, 144
2_Rows_Opposing, 7.4239, 173, 144
2_Rows_Opposing, 7.4299, 187, 144
2_Rows_Opposing, 7.4351, 166, 144
2_Rows_Opposing, 7.4407, 191, 144
2_Rows_Opposing, 7.4462, 177, 144
2_Rows_Opposing, 7.4519, 183, 144
2_Rows_Opposing, 7.4574, 172, 144
2_Rows_Opposing, 7.4633, 185, 144
2_Rows_Opposing, 7.4684, 169, 144
2_Rows_Opposing, 7.4745, 193, 144
2_Rows_Opposing, 7.4798, 158, 144
2_Rows_Opposing, 7.4856, 191, 144
2_Rows_Opposing, 7.4908, 173, 144
2_Rows_Opposing, 7.4967, 196, 144
2_Rows_Opposing, 7.5020, 166, 144
2_Rows_Opposing, 7.5076, 191, 144
2_Rows_Opposing, 7.5130, 178, 144
2_Rows_Opposing, 7.5188, 185, 144
2_Rows_Opposing, 7.5241, 171, 144
2_Rows_Opposing, 7.5298, 191, 144
2_Rows_Opposing, 7.5350, 175, 144
2_Rows_Opposing, 7.5408, 190, 144
2_Rows_Opposing, 7.5463, 172, 144
2_Rows_Opposing, 7.5521, 184, 144
2_Rows_Opposing, 7.5572, 170, 144
2_Rows_Opposing, 7.5632, 195, 144
2_Rows_Opposing, 7.5684, 167, 144
2_Rows_Opposing, 7.5743, 191, 144
2_Rows_Opposing, 7.5795, 170, 144
2_Rows_Opposing, 7.5852, 191, 144
2_Rows_Opposing, 7.5906, 175, 144
2_Rows_Opposing, 7.5966, 185, 144
2_Rows_Opposing, 7.6018, 167, 144
2_Rows_Opposing, 7.6075, 192, 144
2_Rows_Opposing, 7.6128, 175, 144
2_Rows_Opposing, 7.6187, 185, 144
2_Rows_Opposing, 7.6240, 171, 144
2_Rows_Opposing, 7.6298, 185, 144
2_Rows_Opposing, 7.6353, 174, 144
2_Rows_Opposing, 7.6414, 180, 144
2_Rows_Opposing, 7.6462, 162, 144
2_Rows_Opposing, 7.6520, 211, 144
2_Rows_Opposing, 7.6574, 174, 144
2_Rows_Opposing, 7.6633, 182, 144
2_Rows_Opposing, 7.6684, 170, 144
2_Rows_Opposing, 7.6742, 195, 144
2_Rows_Opposing, 7.6796, 171, 144
2_Rows_Opposing, 7.6854, 185, 144
2_Rows_Opposing, 7.6907, 173, 144
2_Rows_Opposing, 7.6964, 188, 144
2_Rows_Opposing, 7.7017, 174, 144
2_Rows_Opposing, 7.7075, 190, 144
2_Rows_Opposing, 7.7131, 170, 144
2_Rows_Opposing, 7.7187, 177, 144
2_Rows_Opposing, 7.7239, 182, 144
2_Rows_Opposing, 7.7298, 189, 144
2_Rows_Opposing, 7.7354, 169, 144
2_Rows_Opposing, 7.7411, 178, 144
2_Rows_Opposing, 7.7464, 171, 144
2_Rows_Opposing, 7.7520, 193, 144
2_Rows_Opposing, 7.7576, 176, 144
2_Rows_Opposing, 7.7633, 181, 144
2_Rows_Opposing, 7.7684, 176, 144
2_Rows_Opposing, 7.7742, 192, 144
2_Rows_Opposing, 7.7796, 174, 144
2_Rows_Opposing, 7.7874, 183, 144
2_Rows_Opposing, 7.7907, 128, 144
2_Rows_Opposing, 7.7967, 293, 144
2_Rows_Opposing, 7.8019, 167, 144
2_Rows_Opposing, 7.8077, 190, 144
2_Rows_Opposing, 7.8130, 172, 144
2_Rows_Opposing, 7.8188, 189, 144
2_Rows_Opposing, 7.8241, 170, 144
2_Rows_Opposing, 7.8298, 194, 144
2_Rows_Opposing, 7.8354, 172, 144
2_Rows_Opposing, 7.8411, 178, 144
2_Rows_Opposing, 7.8463, 172, 144
2_Rows_Opposing, 7.8522, 197, 144
2_Rows_Opposing, 7.8574, 169, 144
2_Rows_Opposing, 7.8633, 194, 144
2_Rows_Opposing, 7.8684, 165, 144
2_Rows_Opposing, 7.8744, 198, 144
2_Rows_Opposing, 7.8796, 167, 144
2_Rows_Opposing, 7.8854, 191, 144
2_Rows_Opposing, 7.8907, 173, 144
2_Rows_Opposing, 7.8965, 187, 144
2_Rows_Opposing, 7.9019, 172, 144
2_Rows_Opposing, 7.9077, 188, 144
2_Rows_Opposing, 7.9129, 171, 144
2_Rows_Opposing, 7.9186, 192, 144
2_Rows_Opposing, 7.9241, 174, 144
2_Rows_Opposing, 7.9299, 177, 144
2_Rows_Opposing, 7.9354, 172, 144
2_Rows_Opposing, 7.9413, 182, 144
2_Rows_Opposing, 7.9466, 170, 144
2_Rows_Opposing, 7.9521, 189, 144
2_Rows_Opposing, 7.9573, 184, 144
2_Rows_Opposing, 7.9631, 190, 144
2_Rows_Opposing, 7.9684, 174, 144
2_Rows_Opposing, 7.9743, 184, 144
2_Rows_Opposing, 7.9797, 168, 144
2_Rows_Opposing, 7.9856, 188, 144
2_Rows_Opposing, 7.9907, 165, 144
2_Rows_Opposing, 7.9964, 201, 144
2_Rows_Opposing, 8.0020, 176, 144
2_Rows_Opposing, 8.0075, 175, 144
2_Rows_Opposing, 8.0131, 184, 144
2_Rows_Opposing, 8.0187, 179, 144
2_Rows_Opposing, 8.0241, 176, 144
2_Rows_Opposing, 8.0300, 185, 144
2_Rows_Opposing, 8.0353, 168, 144
2_Rows_Opposing, 8.0411, 184, 144
2_Rows_Opposing, 8.0481, 177, 144
2_Rows_Opposing, 8.0523, 143, 144
2_Rows_Opposing, 8.0576, 232, 144
2_Rows_Opposing, 8.0634, 188, 144
2_Rows_Opposing, 8.0686, 169, 144
2_Rows_Opposing, 8.0745, 200, 144
2_Rows_Opposing, 8.0796, 165, 144
2_Rows_Opposing, 8.0855, 201, 144
2_Rows_Opposing, 8.0907, 168, 144
2_Rows_Opposing, 8.0964, 194, 144
2_Rows_Opposing, 8.1022, 174, 144
2_Rows_Opposing, 8.1077, 173, 144
2_Rows_Opposing, 8.1128, 182, 144
2_Rows_Opposing, 8.1187, 194, 144
2_Rows_Opposing, 8.1242, 168, 144
2_Rows_Opposing, 8.1298, 183, 144
2_Rows_Opposing, 8.1353, 178, 144
2_Rows_Opposing, 8.1408, 182, 144
2_Rows_Opposing, 8.1464, 180, 144
2_Rows_Opposing, 8.1520, 180, 144
2_Rows_Opposing, 8.1575, 177, 144
2_Rows_Opposing, 8.1632, 182, 144
2_Rows_Opposing, 8.1684, 174, 144
2_Rows_Opposing, 8.1742, 191, 144
2_Rows_Opposing, 8.1796, 171, 144
2_Rows_Opposing, 8.1854, 186, 144
2_Rows_Opposing, 8.1907, 174, 144
2_Rows_Opposing, 8.1965, 187, 144
2_Rows_Opposing, 8.2021, 173, 144
2_Rows_Opposing, 8.2076, 175, 144
2_Rows_Opposing, 8.2131, 184, 144
2_Rows_Opposing, 8.2189, 178, 144
2_Rows_Opposing, 8.2242, 176, 144
2_Rows_Opposing, 8.2299, 185, 144
2_Rows_Opposing, 8.2351, 176, 144
2_Rows_Opposing, 8.2410, 195, 144
2_Rows_Opposing, 8.2463, 167, 144
2_Rows_Opposing, 8.2520, 189, 144
2_Rows_Opposing, 8.2590, 172, 144
2_Rows_Opposing, 8.2633, 145, 144
2_Rows_Opposing, 8.2686, 226, 144
2_Rows_Opposing, 8.2743, 190, 144
2_Rows_Opposing, 8.2795, 178, 144
2_Rows_Opposing, 8.2855, 189, 144
2_Rows_Opposing, 8.2907, 168, 144
2_Rows_Opposing, 8.2965, 193, 144
2_Rows_Opposing, 8.3019, 170, 144
2_Rows_Opposing, 8.3077, 184, 144
2_Rows_Opposing, 8.3131, 171, 144
2_Rows_Opposing, 8.3188, 187, 144
2_Rows_Opposing, 8.3240, 174, 144
2_Rows_Opposing, 8.3299, 192, 144
2_Rows_Opposing, 8.3350, 169, 144
2_Rows_Opposing, 8.3408, 196, 144
2_Rows_Opposing, 8.3462, 173, 144
2_Rows_Opposing, 8.3519, 185, 144
2_Rows_Opposing, 8.3573, 174, 144
2_Rows_Opposing, 8.3631, 186, 144
2_Rows_Opposing, 8.3684, 173, 144
2_Rows_Opposing, 8.3741, 186, 144
2_Rows_Opposing, 8.3797, 175, 144
2_Rows_Opposing, 8.3855, 177, 144
2_Rows_Opposing, 8.3907, 173, 144
2_Rows_Opposing, 8.3968, 191, 144
2_Rows_Opposing, 8.4018, 164, 144
2_Rows_Opposing, 8.4075, 200, 144
2_Rows_Opposing, 8.4129, 174, 144
2_Rows_Opposing, 8.4187, 186, 144
2_Rows_Opposing, 8.4239, 171, 144
2_Rows_Opposing, 8.4299, 191, 144
2_Rows_Opposing, 8.4351, 167, 144
2_Rows_Opposing, 8.4408, 193, 144
2_Rows_Opposing, 8.4462, 173, 144
2_Rows_Opposing, 8.4520, 185, 144
2_Rows_Opposing, 8.4574, 173, 144
2_Rows_Opposing, 8.4630, 183, 144
2_Rows_Opposing, 8.4685, 178, 144
2_Rows_Opposing, 8.4743, 180, 144
2_Rows_Opposing, 8.4798, 173, 144
2_Rows_Opposing, 8.4856, 182, 144
2_Rows_Opposing, 8.4909, 166, 144
2_Rows_Opposing, 8.4965, 191, 144
2_Rows_Opposing, 8.5018, 185, 144
2_Rows_Opposing, 8.5077, 184, 144
2_Rows_Opposing, 8.5130, 170, 144
2_Rows_Opposing, 8.5188, 190, 144
2_Rows_Opposing, 8.5240, 171, 144
2_Rows_Opposing, 8.5297, 191, 144
2_Rows_Opposing, 8.5352, 175, 144
2_Rows_Opposing, 8.5408, 179, 144
2_Rows_Opposing, 8.5463, 182, 144
2_Rows_Opposing, 8.5520, 179, 144
2_Rows_Opposing, 8.5573, 176, 144
2_Rows_Opposing, 8.5631, 185, 144
2_Rows_Opposing, 8.5683, 175, 144
2_Rows_Opposing, 8.5742, 192, 144
2_Rows_Opposing, 8.5795, 168, 144
2_Rows_Opposing, 8.5853, 191, 144
2_Rows_Opposing, 8.5907, 171, 144
2_Rows_Opposing, 8.5966, 182, 144
2_Rows_Opposing, 8.6021, 169, 144
2_Rows_Opposing, 8.6075, 183, 144
2_Rows_Opposing, 8.6131, 186, 144
2_Rows_Opposing, 8.6188, 176, 144
2_Rows_Opposing, 8.6242, 177, 144
2_Rows_Opposing, 8.6298, 184, 144
2_Rows_Opposing, 8.6353, 172, 144
2_Rows_Opposing, 8.6409, 189, 144
2_Rows_Opposing, 8.6465, 175, 144
2_Rows_Opposing, 8.6523, 177, 144
2_Rows_Opposing, 8.6576, 170, 144
2_Rows_Opposing, 8.6634, 192, 144
2_Rows_Opposing, 8.6686, 170, 144
2_Rows_Opposing, 8.6745, 193, 144
2_Rows_Opposing, 8.6798, 170, 144
2_Rows_Opposing, 8.6856, 190, 144
2_Rows_Opposing, 8.6909, 170, 144
2_Rows_Opposing, 8.6969, 186, 144
2_Rows_Opposing, 8.7021, 169, 144
2_Rows_Opposing, 8.7079, 192, 144
2_Rows_Opposing, 8.7131, 170, 144
2_Rows_Opposing, 8.7189, 195, 144
2_Rows_Opposing, 8.7243, 169, 144
2_Rows_Opposing, 8.7301, 187, 144
2_Rows_Opposing, 8.7353, 171, 144
2_Rows_Opposing, 8.7411, 191, 144
2_Rows_Opposing, 8.7464, 174, 144
2_Rows_Opposing, 8.7522, 187, 144
2_Rows_Opposing, 8.7576, 172, 144
2_Rows_Opposing, 8.7633, 187, 144
2_Rows_Opposing, 8.7686, 173, 144
2_Rows_Opposing, 8.7744, 190, 144
2_Rows_Opposing, 8.7798, 170, 144
2_Rows_Opposing, 8.7856, 187, 144
2_Rows_Opposing, 8.7908, 171, 144
2_Rows_Opposing, 8.7966, 191, 144
2_Rows_Opposing, 8.8020, 172, 144
2_Rows_Opposing, 8.8077, 186, 144
2_Rows_Opposing, 8.8130, 175, 144
2_Rows_Opposing, 8.8189, 186, 144
2_Rows_Opposing, 8.8241, 169, 144
2_Rows_Opposing, 8.8299, 192, 144
2_Rows_Opposing, 8.8352, 172, 144
2_Rows_Opposing, 8.8411, 189, 144
2_Rows_Opposing, 8.8463, 170, 144
2_Rows_Opposing, 8.8521, 192, 144
2_Rows_Opposing, 8.8574, 171, 144
2_Rows_Opposing, 8.8632, 189, 144
2_Rows_Opposing, 8.8686, 169, 144
2_Rows_Opposing, 8.8744, 188, 144
2_Rows_Opposing, 8.8796, 172, 144
2_Rows_Opposing, 8.8855, 191, 144
2_Rows_Opposing, 8.8907, 169, 144
2_Rows_Opposing, 8.8966, 190, 144
2_Rows_Opposing, 8.9018, 170, 144
2_Rows_Opposing, 8.9076, 191, 144
2_Rows_Opposing, 8.9130, 171, 144
2_Rows_Opposing, 8.9188, 188, 144
2_Rows_Opposing, 8.9241, 170, 144
2_Rows_Opposing, 8.9300, 187, 144
2_Rows_Opposing, 8.9352, 171, 144
2_Rows_Opposing, 8.9410, 193, 144
2_Rows_Opposing, 8.9465, 170, 144
2_Rows_Opposing, 8.9521, 178, 144
2_Rows_Opposing, 8.9574, 182, 144
2_Rows_Opposing, 8.9633, 187, 144
2_Rows_Opposing, 8.9685, 170, 144
2_Rows_Opposing, 8.9744, 190, 144
2_Rows_Opposing, 8.9796, 169, 144
2_Rows_Opposing, 8.9853, 192, 144
2_Rows_Opposing, 8.9908, 179, 144
2_Rows_Opposing, 8.9964, 178, 144
2_Rows_Opposing, 9.0017, 181, 144
2_Rows_Opposing, 9.0075, 187, 144
2_Rows_Opposing, 9.0129, 171, 144
2_Rows_Opposing, 9.0186, 184, 144
2_Rows_Opposing, 9.0240, 177, 144
2_Rows_Opposing, 9.0297, 183, 144
2_Rows_Opposing, 9.0350, 178, 144
2_Rows_Opposing, 9.0410, 186, 144
2_Rows_Opposing, 9.0462, 166, 144
2_Rows_Opposing, 9.0521, 193, 144
2_Rows_Opposing, 9.0573, 168, 144
2_Rows_Opposing, 9.0631, 191, 144
2_Rows_Opposing, 9.0686, 171, 144
2_Rows_Opposing, 9.0742, 182, 144
2_Rows_Opposing, 9.0796, 181, 144
2_Rows_Opposing, 9.0853, 185, 144
2_Rows_Opposing, 9.0906, 175, 144
2_Rows_Opposing, 9.0963, 187, 144
2_Rows_Opposing, 9.1017, 174, 144
2_Rows_Opposing, 9.1075, 187, 144
2_Rows_Opposing, 9.1130, 170, 144
2_Rows_Opposing, 9.1187, 181, 144
2_Rows_Opposing, 9.1239, 176, 144
2_Rows_Opposing, 9.1299, 191, 144
2_Rows_Opposing, 9.1352, 167, 144
2_Rows_Opposing, 9.1407, 189, 144
2_Rows_Opposing, 9.1463, 179, 144
2_Rows_Opposing, 9.1521, 180, 144
2_Rows_Opposing, 9.1573, 170, 144
2_Rows_Opposing, 9.1632, 193, 144
2_Rows_Opposing, 9.1685, 169, 144
2_Rows_Opposing, 9.1743, 190, 144
2_Rows_Opposing, 9.1795, 170, 144
2_Rows_Opposing, 9.1853, 193, 144
2_Rows_Opposing, 9.1906, 172, 144
2_Rows_Opposing, 9.1966, 185, 144
2_Rows_Opposing, 9.2019, 169, 144
2_Rows_Opposing, 9.2075, 188, 144
2_Rows_Opposing, 9.2129, 179, 144
2_Rows_Opposing, 9.2187, 185, 144
2_Rows_Opposing, 9.2241, 171, 144
2_Rows_Opposing, 9.2296, 183, 144
2_Rows_Opposing, 9.2351, 182, 144
2_Rows_Opposing, 9.2409, 180, 144
2_Rows_Opposing, 9.2463, 174, 144
2_Rows_Opposing, 9.2520, 185, 144
2_Rows_Opposing, 9.2576, 173, 144
2_Rows_Opposing, 9.2631, 179, 144
2_Rows_Opposing, 9.2684, 179, 144
2_Rows_Opposing, 9.2742, 192, 144
2_Rows_Opposing, 9.2794, 170, 144
2_Rows_Opposing, 9.2853, 192, 144
2_Rows_Opposing, 9.2906, 169, 144
2_Rows_Opposing, 9.2966, 188, 144
2_Rows_Opposing, 9.3017, 167, 144
2_Rows_Opposing, 9.3078, 197, 144
2_Rows_Opposing, 9.3128, 162, 144
2_Rows_Opposing, 9.3187, 202, 144
2_Rows_Opposing, 9.3241, 169, 144
2_Rows_Opposing, 9.3298, 183, 144
2_Rows_Opposing, 9.3351, 177, 144
2_Rows_Opposing, 9.3409, 187, 144
2_Rows_Opposing, 9.3463, 172, 144
2_Rows_Opposing, 9.3520, 188, 144
2_Rows_Opposing, 9.3574, 172, 144
2_Rows_Opposing, 9.3630, 185, 144
2_Rows_Opposing, 9.3685, 180, 144
2_Rows_Opposing, 9.3742, 181, 144
2_Rows_Opposing, 9.3795, 172, 144
2_Rows_Opposing, 9.3854, 193, 144
2_Rows_Opposing, 9.3908, 167, 144
2_Rows_Opposing, 9.3965, 185, 144
2_Rows_Opposing, 9.4020, 176, 144
2_Rows_Opposing, 9.4076, 177, 144
2_Rows_Opposing, 9.4128, 182, 144
2_Rows_Opposing, 9.4188, 192, 144
2_Rows_Opposing, 9.4240, 167, 144
2_Rows_Opposing, 9.4299, 191, 144
2_Rows_Opposing, 9.4352, 168, 144
2_Rows_Opposing, 9.4410, 192, 144
2_Rows_Opposing, 9.4463, 169, 144
2_Rows_Opposing, 9.4521, 186, 144
2_Rows_Opposing, 9.4573, 175, 144
2_Rows_Opposing, 9.4633, 193, 144
2_Rows_Opposing, 9.4688, 165, 144
2_Rows_Opposing, 9.4745, 182, 144
2_Rows_Opposing, 9.4797, 173, 144
2_Rows_Opposing, 9.4855, 193, 144
2_Rows_Opposing, 9.4908, 173, 144
2_Rows_Opposing, 9.4965, 186, 144
2_Rows_Opposing, 9.5018, 169, 144
2_Rows_Opposing, 9.5076, 195, 144
2_Rows_Opposing, 9.5129, 172, 144
2_Rows_Opposing, 9.5187, 190, 144
2_Rows_Opposing, 9.5239, 169, 144
2_Rows_Opposing, 9.5299, 193, 144
2_Rows_Opposing, 9.5351, 165, 144
2_Rows_Opposing, 9.5408, 188, 144
2_Rows_Opposing, 9.5464, 180, 144
2_Rows_Opposing, 9.5519, 177, 144
2_Rows_Opposing, 9.5573, 180, 144
2_Rows_Opposing, 9.5632, 187, 144
2_Rows_Opposing, 9.5684, 168, 144
2_Rows_Opposing, 9.5741, 192, 144
2_Rows_Opposing, 9.5796, 175, 144
2_Rows_Opposing, 9.5855, 179, 144
2_Rows_Opposing, 9.5907, 172, 144
2_Rows_Opposing, 9.5966, 189, 144
2_Rows_Opposing, 9.6019, 170, 144
2_Rows_Opposing, 9.6077, 188, 144
2_Rows_Opposing, 9.6129, 171, 144
2_Rows_Opposing, 9.6186, 191, 144
2_Rows_Opposing, 9.6241, 178, 144
2_Rows_Opposing, 9.6297, 181, 144
2_Rows_Opposing, 9.6352, 177, 144
2_Rows_Opposing, 9.6410, 183, 144
2_Rows_Opposing, 9.6462, 167, 144
2_Rows_Opposing, 9.6521, 199, 144
2_Rows_Opposing, 9.6574, 168, 144
2_Rows_Opposing, 9.6632, 190, 144
2_Rows_Opposing, 9.6684, 172, 144
2_Rows_Opposing, 9.6741, 190, 144
2_Rows_Opposing, 9.6794, 177, 144
2_Rows_Opposing, 9.6853, 186, 144
2_Rows_Opposing, 9.6907, 171, 144
2_Rows_Opposing, 9.6967, 185, 144
2_Rows_Opposing, 9.7018, 165, 144
2_Rows_Opposing, 9.7079, 194, 144
2_Rows_Opposing, 9.7131, 161, 144
2_Rows_Opposing, 9.7188, 193, 144
2_Rows_Opposing, 9.7241, 177, 144
2_Rows_Opposing, 9.7299, 187, 144
2_Rows_Opposing, 9.7351, 172, 144
2_Rows_Opposing, 9.7412, 189, 144
2_Rows_Opposing, 9.7463, 164, 144
2_Rows_Opposing, 9.7522, 199, 144
2_Rows_Opposing, 9.7575, 167, 144
2_Rows_Opposing, 9.7632, 192, 144
2_Rows_Opposing, 9.7686, 172, 144
2_Rows_Opposing, 9.7746, 187, 144
2_Rows_Opposing, 9.7795, 165, 144
2_Rows_Opposing, 9.7856, 204, 144
2_Rows_Opposing, 9.7906, 164, 144
2_Rows_Opposing, 9.7966, 202, 144
2_Rows_Opposing, 9.8017, 165, 144
2_Rows_Opposing, 9.8078, 193, 144
2_Rows_Opposing, 9.8129, 163, 144
2_Rows_Opposing, 9.8185, 200, 144
2_Rows_Opposing, 9.8240, 176, 144
2_Rows_Opposing, 9.8298, 179, 144
2_Rows_Opposing, 9.8353, 175, 144
2_Rows_Opposing, 9.8409, 179, 144
2_Rows_Opposing, 9.8464, 181, 144
2_Rows_Opposing, 9.8521, 181, 144
2_Rows_Opposing, 9.8572, 177, 144
2_Rows_Opposing, 9.8631, 193, 144
2_Rows_Opposing, 9.8684, 169, 144
2_Rows_Opposing, 9.8744, 188, 144
2_Rows_Opposing, 9.8795, 166, 144
2_Rows_Opposing, 9.8855, 196, 144
2_Rows_Opposing, 9.8908, 163, 144
2_Rows_Opposing, 9.8964, 190, 144
2_Rows_Opposing, 9.9018, 177, 144
2_Rows_Opposing, 9.9077, 188, 144
2_Rows_Opposing, 9.9130, 170, 144
2_Rows_Opposing, 9.9188, 189, 144
2_Rows_Opposing, 9.9240, 169, 144
2_Rows_Opposing, 9.9300, 194, 144
2_Rows_Opposing, 9.9351, 164, 144
2_Rows_Opposing, 9.9410, 197, 144
2_Rows_Opposing, 9.9464, 169, 144
2_Rows_Opposing, 9.9522, 181, 144
2_Rows_Opposing, 9.9574, 176, 144
2_Rows_Opposing, 9.9630, 188, 144
2_Rows_Opposing, 9.9685, 179, 144
2_Rows_Opposing, 9.9743, 182, 144
2_Rows_Opposing, 9.9797, 174, 144
2_Rows_Opposing, 9.9854, 184, 144
2_Rows_Opposing, 9.9908, 172, 144
2_Rows_Opposing, 9.9967, 183, 144
2_Rows_Opposing, 10.0019, 169, 144
2_Rows_Opposing, 10.0078, 193, 144
2_Rows_Opposing, 10.0131, 167, 144
2_Rows_Opposing, 10.0188, 191, 144
2_Rows_Opposing, 10.0241, 178, 144
2_Rows_Opposing, 10.0298, 187, 144
2_Rows_Opposing, 10.0352, 174, 144
2_Rows_Opposing, 10.0411, 188, 144
2_Rows_Opposing, 10.0462, 169, 144
2_Rows_Opposing, 10.0520, 195, 144
2_Rows_Opposing, 10.0573, 172, 144
2_Rows_Opposing, 10.0630, 189, 144
2_Rows_Opposing, 10.0684, 174, 144
2_Rows_Opposing, 10.0742, 186, 144
2_Rows_Opposing, 10.0795, 173, 144
2_Rows_Opposing, 10.0854, 188, 144
2_Rows_Opposing, 10.0907, 167, 144
2_Rows_Opposing, 10.0964, 188, 144
2_Rows_Opposing, 10.1018, 179, 144
2_Rows_Opposing, 10.1075, 183, 144
2_Rows_Opposing, 10.1129, 177, 144
2_Rows_Opposing, 10.1188, 181, 144
2_Rows_Opposing, 10.1241, 169, 144
2_Rows_Opposing, 10.1300, 190, 144
2_Rows_Opposing, 10.1352, 169, 144
2_Rows_Opposing, 10.1411, 190, 144
2_Rows_Opposing, 10.1464, 168, 144
2_Rows_Opposing, 10.1523, 189, 144
2_Rows_Opposing, 10.1573, 169, 144
2_Rows_Opposing, 10.1633, 200, 144
2_Rows_Opposing, 10.1685, 165, 144
2_Rows_Opposing, 10.1742, 194, 144
2_Rows_Opposing, 10.1797, 174, 144
2_Rows_Opposing, 10.1853, 181, 144
2_Rows_Opposing, 10.1906, 180, 144
2_Rows_Opposing, 10.1964, 186, 144
2_Rows_Opposing, 10.2017, 174, 144
2_Rows_Opposing, 10.2076, 186, 144
2_Rows_Opposing, 10.2130, 171, 144
2_Rows_Opposing, 10.2187, 183, 144
2_Rows_Opposing, 10.2241, 177, 144
2_Rows_Opposing, 10.2299, 183, 144
2_Rows_Opposing, 10.2352, 170, 144
2_Rows_Opposing, 10.2409, 189, 144
2_Rows_Opposing, 10.2462, 176, 144
2_Rows_Opposing, 10.2524, 185, 144
2_Rows_Opposing, 10.2575, 163, 144
2_Rows_Opposing, 10.2635, 188, 144
2_Rows_Opposing, 10.2685, 170, 144
2_Rows_Opposing, 10.2745, 202, 144
2_Rows_Opposing, 10.2799, 166, 144
2_Rows_Opposing, 10.2858, 182, 144
2_Rows_Opposing, 10.2909, 171, 144
2_Rows_Opposing, 10.2968, 192, 144
2_Rows_Opposing, 10.3020, 173, 144
2_Rows_Opposing, 10.3082, 187, 144
2_Rows_Opposing, 10.3132, 162, 144
2_Rows_Opposing, 10.3187, 200, 144
2_Rows_Opposing, 10.3242, 182, 144
2_Rows_Opposing, 10.3301, 179, 144
2_Rows_Opposing, 10.3352, 172, 144
2_Rows_Opposing, 10.3410, 196, 144
2_Rows_Opposing, 10.3467, 172, 144
2_Rows_Opposing, 10.3521, 175, 144
2_Rows_Opposing, 10.3575, 183, 144
2_Rows_Opposing, 10.3631, 185, 144
2_Rows_Opposing, 10.3688, 178, 144
2_Rows_Opposing, 10.3743, 176, 144
2_Rows_Opposing, 10.3796, 178, 144
2_Rows_Opposing, 10.3855, 191, 144
2_Rows_Opposing, 10.3908, 169, 144
2_Rows_Opposing, 10.3967, 187, 144
2_Rows_Opposing, 10.4018, 171, 144
2_Rows_Opposing, 10.4077, 189, 144
2_Rows_Opposing, 10.4129, 170, 144
2_Rows_Opposing, 10.4186, 192, 144
2_Rows_Opposing, 10.4240, 179, 144
2_Rows_Opposing, 10.4299, 181, 144
2_Rows_Opposing, 10.4352, 174, 144
2_Rows_Opposing, 10.4409, 186, 144
2_Rows_Opposing, 10.4463, 174, 144
2_Rows_Opposing, 10.4519, 185, 144
2_Rows_Opposing, 10.4575, 179, 144
2_Rows_Opposing, 10.4631, 175, 144
2_Rows_Opposing, 10.4683, 179, 144
2_Rows_Opposing, 10.4742, 190, 144
2_Rows_Opposing, 10.4797, 167, 144
2_Rows_Opposing, 10.4853, 187, 144
2_Rows_Opposing, 10.4909, 177, 144
2_Rows_Opposing, 10.4965, 178, 144
2_Rows_Opposing, 10.5019, 175, 144
2_Rows_Opposing, 10.5076, 190, 144
2_Rows_Opposing, 10.5129, 171, 144
2_Rows_Opposing, 10.5186, 191, 144
2_Rows_Opposing, 10.5256, 176, 144
2_Rows_Opposing, 10.5298, 141, 144
2_Rows_Opposing, 10.5353, 238, 144
2_Rows_Opposing, 10.5411, 178, 144
2_Rows_Opposing, 10.5463, 174, 144
2_Rows_Opposing, 10.5519, 192, 144
2_Rows_Opposing, 10.5574, 179, 144
2_Rows_Opposing, 10.5631, 180, 144
2_Rows_Opposing, 10.5685, 178, 144
2_Rows_Opposing, 10.5742, 181, 144
2_Rows_Opposing, 10.5794, 179, 144
2_Rows_Opposing, 10.5852, 189, 144
2_Rows_Opposing, 10.5906, 173, 144
2_Rows_Opposing, 10.5963, 184, 144
2_Rows_Opposing, 10.6018, 175, 144
2_Rows_Opposing, 10.6074, 181, 144
2_Rows_Opposing, 10.6128, 178, 144
2_Rows_Opposing, 10.6187, 186, 144
2_Rows_Opposing, 10.6240, 166, 144
2_Rows_Opposing, 10.6298, 189, 144
2_Rows_Opposing, 10.6351, 171, 144
2_Rows_Opposing, 10.6410, 191, 144
2_Rows_Opposing, 10.6464, 170, 144
2_Rows_Opposing, 10.6519, 186, 144
2_Rows_Opposing, 10.6573, 181, 144
2_Rows_Opposing, 10.6632, 182, 144
2_Rows_Opposing, 10.6684, 172, 144
2_Rows_Opposing, 10.6742, 191, 144
2_Rows_Opposing, 10.6796, 172, 144
2_Rows_Opposing, 10.6855, 185, 144
2_Rows_Opposing, 10.6908, 170, 144
2_Rows_Opposing, 10.6963, 183, 144
2_Rows_Opposing, 10.7018, 186, 144
2_Rows_Opposing, 10.7074, 178, 144
2_Rows_Opposing, 10.7130, 181, 144
2_Rows_Opposing, 10.7186, 177, 144
2_Rows_Opposing, 10.7242, 180, 144
2_Rows_Opposing, 10.7299, 178, 144
2_Rows_Opposing, 10.7352, 173, 144
2_Rows_Opposing, 10.7409, 190, 144
2_Rows_Opposing, 10.7463, 177, 144
2_Rows_Opposing, 10.7521, 184, 144
2_Rows_Opposing, 10.7574, 171, 144
2_Rows_Opposing, 10.7631, 189, 144
2_Rows_Opposing, 10.7685, 176, 144
2_Rows_Opposing, 10.7744, 185, 144
2_Rows_Opposing, 10.7795, 168, 144
2_Rows_Opposing, 10.7855, 194, 144
2_Rows_Opposing, 10.7907, 168, 144
2_Rows_Opposing, 10.7965, 192, 144
2_Rows_Opposing, 10.8018, 170, 144
2_Rows_Opposing, 10.8078, 183, 144
2_Rows_Opposing, 10.8129, 169, 144
2_Rows_Opposing, 10.8188, 191, 144
2_Rows_Opposing, 10.8241, 177, 144
2_Rows_Opposing, 10.8299, 182, 144
2_Rows_Opposing, 10.8354, 177, 144
2_Rows_Opposing, 10.8410, 181, 144
2_Rows_Opposing, 10.8464, 173, 144
2_Rows_Opposing, 10.8520, 190, 144
2_Rows_Opposing, 10.8575, 177, 144
2_Rows_Opposing, 10.8632, 179, 144
2_Rows_Opposing, 10.8686, 176, 144
2_Rows_Opposing, 10.8743, 186, 144
2_Rows_Opposing, 10.8797, 175, 144
2_Rows_Opposing, 10.8856, 183, 144
2_Rows_Opposing, 10.8909, 166, 144
2_Rows_Opposing, 10.8968, 190, 144
2_Rows_Opposing, 10.9019, 167, 144
2_Rows_Opposing, 10.9077, 197, 144
2_Rows_Opposing, 10.9130, 174, 144
2_Rows_Opposing, 10.9189, 189, 144
2_Rows_Opposing, 10.9241, 170, 144
2_Rows_Opposing, 10.9300, 189, 144
2_Rows_Opposing, 10.9353, 171, 144
2_Rows_Opposing, 10.9410, 187, 144
2_Rows_Opposing, 10.9465, 175, 144
2_Rows_Opposing, 10.9521, 185, 144
2_Rows_Opposing, 10.9573, 177, 144
2_Rows_Opposing, 10.9634, 191, 144
2_Rows_Opposing, 10.9685, 162, 144
2_Rows_Opposing, 10.9741, 195, 144
2_Rows_Opposing, 10.9796, 180, 144
2_Rows_Opposing, 10.9853, 180, 144
2_Rows_Opposing, 10.9908, 172, 144
2_Rows_Opposing, 10.9964, 187, 144
2_Rows_Opposing, 11.0018, 178, 144
2_Rows_Opposing, 11.0076, 185, 144
2_Rows_Opposing, 11.0129, 170, 144
2_Rows_Opposing, 11.0187, 186, 144
2_Rows_Opposing, 11.0239, 176, 144
2_Rows_Opposing, 11.0298, 191, 144
2_Rows_Opposing, 11.0353, 170, 144
2_Rows_Opposing, 11.0409, 177, 144
2_Rows_Opposing, 11.0462, 179, 144
2_Rows_Opposing, 11.0519, 187, 144
2_Rows_Opposing, 11.0574, 176, 144
2_Rows_Opposing, 11.0631, 181, 144
2_Rows_Opposing, 11.0685, 177, 144
2_Rows_Opposing, 11.0741, 183, 144
2_Rows_Opposing, 11.0795, 178, 144
2_Rows_Opposing, 11.0853, 186, 144
2_Rows_Opposing, 11.0909, 172, 144
2_Rows_Opposing, 11.0966, 175, 144
2_Rows_Opposing, 11.1019, 174, 144
2_Rows_Opposing, 11.1075, 193, 144
2_Rows_Opposing, 11.1128, 178, 144
2_Rows_Opposing, 11.1185, 186, 144
2_Rows_Opposing, 11.1239, 176, 144
2_Rows_Opposing, 11.1299, 184, 144
2_Rows_Opposing, 11.1351, 167, 144
2_Rows_Opposing, 11.1408, 193, 144
2_Rows_Opposing, 11.1462, 169, 144
2_Rows_Opposing, 11.1520, 184, 144
2_Rows_Opposing, 11.1573, 176, 144
2_Rows_Opposing, 11.1631, 185, 144
2_Rows_Opposing, 11.1684, 177, 144
2_Rows_Opposing, 11.1743, 182, 144
2_Rows_Opposing, 11.1796, 170, 144
2_Rows_Opposing, 11.1854, 190, 144
2_Rows_Opposing, 11.1907, 171, 144
2_Rows_Opposing, 11.1965, 186, 144
2_Rows_Opposing, 11.2018, 174, 144
2_Rows_Opposing, 11.2074, 187, 144
2_Rows_Opposing, 11.2130, 182, 144
2_Rows_Opposing, 11.2186, 177, 144
2_Rows_Opposing, 11.2240, 179, 144
2_Rows_Opposing, 11.2298, 186, 144
2_Rows_Opposing, 11.2351, 168, 144
2_Rows_Opposing, 11.2409, 191, 144
2_Rows_Opposing, 11.2463, 170, 144
2_Rows_Opposing, 11.2520, 182, 144
2_Rows_Opposing, 11.2574, 178, 144
2_Rows_Opposing, 11.2630, 183, 144
2_Rows_Opposing, 11.2685, 179, 144
2_Rows_Opposing, 11.2743, 180, 144
2_Rows_Opposing, 11.2795, 171, 144
2_Rows_Opposing, 11.2854, 199, 144
2_Rows_Opposing, 11.2907, 168, 144
2_Rows_Opposing, 11.2965, 189, 144
2_Rows_Opposing, 11.3016, 169, 144
2_Rows_Opposing, 11.3074, 196, 144
2_Rows_Opposing, 11.3129, 173, 144
2_Rows_Opposing, 11.3185, 180, 144
2_Rows_Opposing, 11.3239, 179, 144
2_Rows_Opposing, 11.3297, 187, 144
2_Rows_Opposing, 11.3350, 171, 144
2_Rows_Opposing, 11.3407, 186, 144
2_Rows_Opposing, 11.3462, 175, 144
2_Rows_Opposing, 11.3519, 179, 144
2_Rows_Opposing, 11.3573, 178, 144
2_Rows_Opposing, 11.3630, 186, 144
2_Rows_Opposing, 11.3684, 172, 144
2_Rows_Opposing, 11.3742, 185, 144
2_Rows_Opposing, 11.3795, 174, 144
2_Rows_Opposing, 11.3853, 185, 144
2_Rows_Opposing, 11.3906, 172, 144
2_Rows_Opposing, 11.3964, 189, 144
2_Rows_Opposing, 11.4017, 173, 144
2_Rows_Opposing, 11.4075, 185, 144
2_Rows_Opposing, 11.4129, 175, 144
2_Rows_Opposing, 11.4186, 185, 144
2_Rows_Opposing, 11.4239, 175, 144
2_Rows_Opposing, 11.4298, 186, 144
2_Rows_Opposing, 11.4350, 171, 144
2_Rows_Opposing, 11.4410, 190, 144
2_Rows_Opposing, 11.4462, 167, 144
2_Rows_Opposing, 11.4520, 192, 144
2_Rows_Opposing, 11.4574, 172, 144
2_Rows_Opposing, 11.4631, 182, 144
2_Rows_Opposing, 11.4684, 177, 144
2_Rows_Opposing, 11.4743, 186, 144
2_Rows_Opposing, 11.4797, 167, 144
2_Rows_Opposing, 11.4854, 190, 144
2_Rows_Opposing, 11.4908, 171, 144
2_Rows_Opposing, 11.4967, 187, 144
2_Rows_Opposing, 11.5019, 170, 144
2_Rows_Opposing, 11.5077, 192, 144
2_Rows_Opposing, 11.5129, 171, 144
2_Rows_Opposing, 11.5188, 191, 144
2_Rows_Opposing, 11.5241, 171, 144
2_Rows_Opposing, 11.5300, 184, 144
2_Rows_Opposing, 11.5352, 173, 144
2_Rows_Opposing, 11.5412, 191, 144
2_Rows_Opposing, 11.5465, 164, 144
2_Rows_Opposing, 11.5521, 190, 144
2_Rows_Opposing, 11.5574, 178, 144
2_Rows_Opposing, 11.5632, 189, 144
2_Rows_Opposing, 11.5686, 173, 144
2_Rows_Opposing, 11.5744, 182, 144
2_Rows_Opposing, 11.5796, 175, 144
2_Rows_Opposing, 11.5853, 192, 144
2_Rows_Opposing, 11.5906, 174, 144
2_Rows_Opposing, 11.5964, 186, 144
2_Rows_Opposing, 11.6017, 173, 144
2_Rows_Opposing, 11.6075, 188, 144
2_Rows_Opposing, 11.6128, 172, 144
2_Rows_Opposing, 11.6186, 187, 144
2_Rows_Opposing, 11.6239, 172, 144
2_Rows_Opposing, 11.6298, 188, 144
2_Rows_Opposing, 11.6352, 172, 144
2_Rows_Opposing, 11.6410, 183, 144
2_Rows_Opposing, 11.6463, 173, 144
2_Rows_Opposing, 11.6521, 188, 144
2_Rows_Opposing, 11.6577, 170, 144
2_Rows_Opposing, 11.6632, 180, 144
2_Rows_Opposing, 11.6685, 181, 144
2_Rows_Opposing, 11.6742, 187, 144
2_Rows_Opposing, 11.6795, 175, 144
2_Rows_Opposing, 11.6854, 189, 144
2_Rows_Opposing, 11.6907, 170, 144
2_Rows_Opposing, 11.6966, 189, 144
2_Rows_Opposing, 11.7019, 168, 144
2_Rows_Opposing, 11.7077, 188, 144
2_Rows_Opposing, 11.7129, 172, 144
2_Rows_Opposing, 11.7186, 192, 144
2_Rows_Opposing, 11.7241, 174, 144
2_Rows_Opposing, 11.7300, 182, 144
2_Rows_Opposing, 11.7350, 169, 144
2_Rows_Opposing, 11.7410, 198, 144
2_Rows_Opposing, 11.7463, 166, 144
2_Rows_Opposing, 11.7520, 190, 144
2_Rows_Opposing, 11.7573, 174, 144
2_Rows_Opposing, 11.7632, 189, 144
2_Rows_Opposing, 11.7685, 168, 144
2_Rows_Opposing, 11.7743, 191, 144
2_Rows_Opposing, 11.7796, 169, 144
2_Rows_Opposing, 11.7855, 191, 144
2_Rows_Opposing, 11.7908, 167, 144
2_Rows_Opposing, 11.7966, 188, 144
2_Rows_Opposing, 11.8018, 172, 144
2_Rows_Opposing, 11.8077, 193, 144
2_Rows_Opposing, 11.8130, 170, 144
2_Rows_Opposing, 11.8187, 186, 144
2_Rows_Opposing, 11.8240, 173, 144
2_Rows_Opposing, 11.8299, 190, 144
2_Rows_Opposing, 11.8352, 168, 144
2_Rows_Opposing, 11.8410, 190, 144
2_Rows_Opposing, 11.8463, 170, 144
2_Rows_Opposing, 11.8521, 186, 144
2_Rows_Opposing, 11.8573, 175, 144
2_Rows_Opposing, 11.8633, 193, 144
2_Rows_Opposing, 11.8686, 163, 144
2_Rows_Opposing, 11.8742, 192, 144
2_Rows_Opposing, 11.8795, 177, 144
2_Rows_Opposing, 11.8854, 190, 144
2_Rows_Opposing, 11.8908, 168, 144
2_Rows_Opposing, 11.8964, 185, 144
2_Rows_Opposing, 11.9018, 178, 144
2_Rows_Opposing, 11.9076, 183, 144
2_Rows_Opposing, 11.9128, 172, 144
2_Rows_Opposing, 11.9187, 189, 144
2_Rows_Opposing, 11.9241, 172, 144
2_Rows_Opposing, 11.9300, 184, 144
2_Rows_Opposing, 11.9351, 170, 144
2_Rows_Opposing, 11.9409, 193, 144
2_Rows_Opposing, 11.9465, 174, 144
2_Rows_Opposing, 11.9523, 176, 144
2_Rows_Opposing, 11.9573, 174, 144
2_Rows_Opposing, 11.9632, 197, 144
2_Rows_Opposing, 11.9685, 170, 144
2_Rows_Opposing, 11.9744, 190, 144
2_Rows_Opposing, 11.9796, 169, 144
2_Rows_Opposing, 11.9854, 190, 144
2_Rows_Opposing, 11.9909, 172, 144
2_Rows_Opposing, 11.9966, 183, 144
2_Rows_Opposing, 12.0019, 176, 144
2_Rows_Opposing, 12.0076, 187, 144
2_Rows_Opposing, 12.0130, 174, 144
2_Rows_Opposing, 12.0188, 184, 144
2_Rows_Opposing, 12.0241, 174, 144
2_Rows_Opposing, 12.0299, 190, 144
2_Rows_Opposing, 12.0351, 171, 144
2_Rows_Opposing, 12.0409, 190, 144
2_Rows_Opposing, 12.0463, 172, 144
2_Rows_Opposing, 12.0520, 185, 144
2_Rows_Opposing, 12.0573, 174, 144
2_Rows_Opposing, 12.0631, 187, 144
2_Rows_Opposing, 12.0684, 172, 144
2_Rows_Opposing, 12.0743, 186, 144
2_Rows_Opposing, 12.0796, 171, 144
2_Rows_Opposing, 12.0853, 188, 144
2_Rows_Opposing, 12.0907, 176, 144
2_Rows_Opposing, 12.0967, 185, 144
2_Rows_Opposing, 12.1019, 166, 144
2_Rows_Opposing, 12.1076, 194, 144
2_Rows_Opposing, 12.1129, 175, 144
2_Rows_Opposing, 12.1187, 184, 144
2_Rows_Opposing, 12.1240, 175, 144
2_Rows_Opposing, 12.1298, 185, 144
2_Rows_Opposing, 12.1354, 172, 144
2_Rows_Opposing, 12.1409, 180, 144
2_Rows_Opposing, 12.1463, 180, 144
2_Rows_Opposing, 12.1522, 186, 144
2_Rows_Opposing, 12.1574, 171, 144
2_Rows_Opposing, 12.1634, 191, 144
2_Rows_Opposing, 12.1685, 167, 144
2_Rows_Opposing, 12.1743, 193, 144
2_Rows_Opposing, 12.1795, 173, 144
2_Rows_Opposing, 12.1854, 189, 144
2_Rows_Opposing, 12.1907, 171, 144
2_Rows_Opposing, 12.1966, 184, 144
2_Rows_Opposing, 12.2018, 172, 144
2_Rows_Opposing, 12.2075, 187, 144
2_Rows_Opposing, 12.2130, 178, 144
2_Rows_Opposing, 12.2187, 181, 144
2_Rows_Opposing, 12.2240, 176, 144
2_Rows_Opposing, 12.2297, 186, 144
2_Rows_Opposing, 12.2350, 177, 144
2_Rows_Opposing, 12.2411, 188, 144
2_Rows_Opposing, 12.2462, 162, 144
2_Rows_Opposing, 12.2521, 191, 144
2_Rows_Opposing, 12.2574, 172, 144
2_Rows_Opposing, 12.2631, 191, 144
2_Rows_Opposing, 12.2684, 175, 144
2_Rows_Opposing, 12.2743, 190, 144
2_Rows_Opposing, 12.2795, 169, 144
2_Rows_Opposing, 12.2853, 191, 144
2_Rows_Opposing, 12.2907, 171, 144
2_Rows_Opposing, 12.2965, 187, 144
2_Rows_Opposing, 12.3020, 171, 144
2_Rows_Opposing, 12.3079, 174, 144
2_Rows_Opposing, 12.3130, 167, 144
2_Rows_Opposing, 12.3188, 199, 144
2_Rows_Opposing, 12.3241, 172, 144
2_Rows_Opposing, 12.3299, 189, 144
2_Rows_Opposing, 12.3352, 172, 144
2_Rows_Opposing, 12.3409, 192, 144
2_Rows_Opposing, 12.3462, 177, 144
2_Rows_Opposing, 12.3520, 188, 144
2_Rows_Opposing, 12.3575, 172, 144
2_Rows_Opposing, 12.3633, 177, 144
2_Rows_Opposing, 12.3686, 177, 144
2_Rows_Opposing, 12.3744, 182, 144
2_Rows_Opposing, 12.3797, 178, 144
2_Rows_Opposing, 12.3854, 185, 144
2_Rows_Opposing, 12.3908, 174, 144
2_Rows_Opposing, 12.3965, 187, 144
2_Rows_Opposing, 12.4019, 176, 144
2_Rows_Opposing, 12.4077, 184, 144
2_Rows_Opposing, 12.4131, 169, 144
2_Rows_Opposing, 12.4186, 187, 144
2_Rows_Opposing, 12.4240, 182, 144
2_Rows_Opposing, 12.4300, 188, 144
2_Rows_Opposing, 12.4352, 165, 144
2_Rows_Opposing, 12.4410, 191, 144
2_Rows_Opposing, 12.4463, 174, 144
2_Rows_Opposing, 12.4521, 187, 144
2_Rows_Opposing, 12.4574, 172, 144
2_Rows_Opposing, 12.4632, 188, 144
2_Rows_Opposing, 12.4684, 173, 144
2_Rows_Opposing, 12.4742, 189, 144
2_Rows_Opposing, 12.4795, 172, 144
2_Rows_Opposing, 12.4853, 189, 144
2_Rows_Opposing, 12.4907, 173, 144
2_Rows_Opposing, 12.4965, 184, 144
2_Rows_Opposing, 12.5018, 174, 144
2_Rows_Opposing, 12.5076, 186, 144
2_Rows_Opposing, 12.5129, 173, 144
2_Rows_Opposing, 12.5187, 187, 144
2_Rows_Opposing, 12.5240, 174, 144
2_Rows_Opposing, 12.5298, 186, 144
2_Rows_Opposing, 12.5351, 175, 144
2_Rows_Opposing, 12.5409, 184, 144
2_Rows_Opposing, 12.5464, 174, 144
2_Rows_Opposing, 12.5525, 180, 144
2_Rows_Opposing, 12.5575, 164, 144
2_Rows_Opposing, 12.5634, 196, 144
2_Rows_Opposing, 12.5685, 169, 144
2_Rows_Opposing, 12.5742, 197, 144
2_Rows_Opposing, 12.5795, 177, 144
2_Rows_Opposing, 12.5855, 187, 144
2_Rows_Opposing, 12.5907, 168, 144
2_Rows_Opposing, 12.5964, 190, 144
2_Rows_Opposing, 12.6018, 174, 144
2_Rows_Opposing, 12.6077, 186, 144
2_Rows_Opposing, 12.6130, 170, 144
2_Rows_Opposing, 12.6187, 190, 144
2_Rows_Opposing, 12.6241, 172, 144
2_Rows_Opposing, 12.6299, 188, 144
2_Rows_Opposing, 12.6351, 172, 144
2_Rows_Opposing, 12.6408, 188, 144
2_Rows_Opposing, 12.6464, 175, 144
2_Rows_Opposing, 12.6520, 179, 144
2_Rows_Opposing, 12.6573, 177, 144
2_Rows_Opposing, 12.6633, 189, 144
2_Rows_Opposing, 12.6686, 168, 144
2_Rows_Opposing, 12.6743, 186, 144
2_Rows_Opposing, 12.6796, 175, 144
2_Rows_Opposing, 12.6854, 190, 144
2_Rows_Opposing, 12.6908, 173, 144
2_Rows_Opposing, 12.6965, 181, 144
2_Rows_Opposing, 12.7018, 172, 144
2_Rows_Opposing, 12.7076, 195, 144
2_Rows_Opposing, 12.7131, 172, 144
2_Rows_Opposing, 12.7188, 181, 144
2_Rows_Opposing, 12.7241, 175, 144
2_Rows_Opposing, 12.7297, 186, 144
2_Rows_Opposing, 12.7351, 178, 144
2_Rows_Opposing, 12.7409, 185, 144
2_Rows_Opposing, 12.7462, 174, 144
2_Rows_Opposing, 12.7519, 187, 144
2_Rows_Opposing, 12.7573, 173, 144
2_Rows_Opposing, 12.7632, 187, 144
2_Rows_Opposing, 12.7684, 169, 144
2_Rows_Opposing, 12.7742, 191, 144
2_Rows_Opposing, 12.7797, 172, 144
2_Rows_Opposing, 12.7855, 181, 144
2_Rows_Opposing, 12.7906, 173, 144
2_Rows_Opposing, 12.7980, 193, 144
2_Rows_Opposing, 12.8017, 134, 144
2_Rows_Opposing, 12.8077, 274, 144
2_Rows_Opposing, 12.8130, 167, 144
2_Rows_Opposing, 12.8187, 187, 144
2_Rows_Opposing, 12.8240, 173, 144
2_Rows_Opposing, 12.8298, 191, 144
2_Rows_Opposing, 12.8351, 169, 144
2_Rows_Opposing, 12.8409, 191, 144
2_Rows_Opposing, 12.8462, 171, 144
2_Rows_Opposing, 12.8521, 188, 144
2_Rows_Opposing, 12.8573, 169, 144
2_Rows_Opposing, 12.8631, 194, 144
2_Rows_Opposing, 12.8685, 172, 144
2_Rows_Opposing, 12.8743, 185, 144
2_Rows_Opposing, 12.8796, 172, 144
2_Rows_Opposing, 12.8854, 190, 144
2_Rows_Opposing, 12.8906, 170, 144
2_Rows_Opposing, 12.8965, 192, 144
2_Rows_Opposing, 12.9018, 169, 144
2_Rows_Opposing, 12.9076, 187, 144
2_Rows_Opposing, 12.9129, 173, 144
2_Rows_Opposing, 12.9188, 189, 144
2_Rows_Opposing, 12.9240, 169, 144
2_Rows_Opposing, 12.9298, 193, 144
2_Rows_Opposing, 12.9352, 167, 144
2_Rows_Opposing, 12.9410, 184, 144
2_Rows_Opposing, 12.9463, 177, 144
2_Rows_Opposing, 12.9521, 186, 144
2_Rows_Opposing, 12.9573, 174, 144
2_Rows_Opposing, 12.9632, 192, 144
2_Rows_Opposing, 12.9685, 169, 144
2_Rows_Opposing, 12.9743, 188, 144
2_Rows_Opposing, 12.9796, 172, 144
2_Rows_Opposing, 12.9854, 187, 144
2_Rows_Opposing, 12.9907, 171, 144
2_Rows_Opposing, 12.9964, 190, 144
2_Rows_Opposing, 13.0018, 172, 144
2_Rows_Opposing, 13.0076, 187, 144
2_Rows_Opposing, 13.0128, 173, 144
2_Rows_Opposing, 13.0187, 189, 144
2_Rows_Opposing, 13.0240, 172, 144
2_Rows_Opposing, 13.0298, 185, 144
2_Rows_Opposing, 13.0351, 174, 144
2_Rows_Opposing, 13.0409, 186, 144
2_Rows_Opposing, 13.0462, 172, 144
2_Rows_Opposing, 13.0521, 189, 144
2_Rows_Opposing, 13.0575, 169, 144
2_Rows_Opposing, 13.0634, 186, 144
2_Rows_Opposing, 13.0686, 168, 144
2_Rows_Opposing, 13.0744, 192, 144
2_Rows_Opposing, 13.0797, 173, 144
2_Rows_Opposing, 13.0855, 191, 144
2_Rows_Opposing, 13.0908, 170, 144
2_Rows_Opposing, 13.0966, 189, 144
2_Rows_Opposing, 13.1020, 172, 144
2_Rows_Opposing, 13.1077, 183, 144
2_Rows_Opposing, 13.1130, 176, 144
2_Rows_Opposing, 13.1189, 186, 144
2_Rows_Opposing, 13.1241, 170, 144
2_Rows_Opposing, 13.1299, 192, 144
2_Rows_Opposing, 13.1352, 171, 144
2_Rows_Opposing, 13.1409, 190, 144
2_Rows_Opposing, 13.1462, 174, 144
2_Rows_Opposing, 13.1521, 188, 144
2_Rows_Opposing, 13.1574, 170, 144
2_Rows_Opposing, 13.1632, 191, 144
2_Rows_Opposing, 13.1685, 172, 144
2_Rows_Opposing, 13.1742, 184, 144
2_Rows_Opposing, 13.1796, 178, 144
2_Rows_Opposing, 13.1857, 181, 144
2_Rows_Opposing, 13.1910, 164, 144
2_Rows_Opposing, 13.1967, 192, 144
2_Rows_Opposing, 13.2021, 174, 144
2_Rows_Opposing, 13.2078, 186, 144
2_Rows_Opposing, 13.2131, 172, 144
2_Rows_Opposing, 13.2191, 192, 144
2_Rows_Opposing, 13.2242, 166, 144
2_Rows_Opposing, 13.2300, 196, 144
2_Rows_Opposing, 13.2352, 170, 144
2_Rows_Opposing, 13.2411, 194, 144
2_Rows_Opposing, 13.2463, 168, 144
2_Rows_Opposing, 13.2520, 193, 144
2_Rows_Opposing, 13.2574, 174, 144
2_Rows_Opposing, 13.2632, 182, 144
2_Rows_Opposing, 13.2685, 172, 144
2_Rows_Opposing, 13.2743, 189, 144
2_Rows_Opposing, 13.2796, 172, 144
2_Rows_Opposing, 13.2853, 188, 144
2_Rows_Opposing, 13.2907, 175, 144
2_Rows_Opposing, 13.2965, 185, 144
2_Rows_Opposing, 13.3020, 172, 144
2_Rows_Opposing, 13.3078, 182, 144
2_Rows_Opposing, 13.3129, 170, 144
2_Rows_Opposing, 13.3188, 198, 144
2_Rows_Opposing, 13.3241, 169, 144
2_Rows_Opposing, 13.3298, 187, 144
2_Rows_Opposing, 13.3352, 176, 144
2_Rows_Opposing, 13.3409, 185, 144
2_Rows_Opposing, 13.3463, 175, 144
2_Rows_Opposing, 13.3520, 185, 144
2_Rows_Opposing, 13.3573, 173, 144
2_Rows_Opposing, 13.3632, 189, 144
2_Rows_Opposing, 13.3684, 170, 144
2_Rows_Opposing, 13.3744, 191, 144
2_Rows_Opposing, 13.3795, 165, 144
2_Rows_Opposing, 13.3856, 197, 144
2_Rows_Opposing, 13.3906, 163, 144
2_Rows_Opposing, 13.3965, 198, 144
2_Rows_Opposing, 13.4018, 171, 144
2_Rows_Opposing, 13.4077, 189, 144
2_Rows_Opposing, 13.4129, 165, 144
2_Rows_Opposing, 13.4186, 196, 144
2_Rows_Opposing, 13.4242, 173, 144
2_Rows_Opposing, 13.4302, 179, 144
2_Rows_Opposing, 13.4353, 164, 144
2_Rows_Opposing, 13.4409, 198, 144
2_Rows_Opposing, 13.4462, 177, 144
2_Rows_Opposing, 13.4521, 187, 144
2_Rows_Opposing, 13.4574, 172, 144
2_Rows_Opposing, 13.4633, 188, 144
2_Rows_Opposing, 13.4686, 169, 144
2_Rows_Opposing, 13.4743, 189, 144
2_Rows_Opposing, 13.4796, 173, 144
2_Rows_Opposing, 13.4854, 189, 144
2_Rows_Opposing, 13.4907, 172, 144
2_Rows_Opposing, 13.4965, 190, 144
2_Rows_Opposing, 13.5018, 171, 144
2_Rows_Opposing, 13.5076, 186, 144
2_Rows_Opposing, 13.5129, 174, 144
2_Rows_Opposing, 13.5187, 187, 144
2_Rows_Opposing, 13.5240, 173, 144
2_Rows_Opposing, 13.5299, 186, 144
2_Rows_Opposing, 13.5351, 170, 144
2_Rows_Opposing, 13.5409, 190, 144
2_Rows_Opposing, 13.5462, 173, 144
2_Rows_Opposing, 13.5520, 189, 144
2_Rows_Opposing, 13.5574, 171, 144
2_Rows_Opposing, 13.5631, 184, 144
2_Rows_Opposing, 13.5684, 175, 144
2_Rows_Opposing, 13.5743, 188, 144
2_Rows_Opposing, 13.5796, 170, 144
2_Rows_Opposing, 13.5853, 188, 144
2_Rows_Opposing, 13.5906, 175, 144
2_Rows_Opposing, 13.5964, 187, 144
2_Rows_Opposing, 13.6019, 173, 144
2_Rows_Opposing, 13.6076, 182, 144
2_Rows_Opposing, 13.6130, 175, 144
2_Rows_Opposing, 13.6187, 185, 144
2_Rows_Opposing, 13.6239, 176, 144
2_Rows_Opposing, 13.6297, 188, 144
2_Rows_Opposing, 13.6350, 174, 144
2_Rows_Opposing, 13.6410, 185, 144
2_Rows_Opposing, 13.6463, 169, 144
2_Rows_Opposing, 13.6521, 189, 144
2_Rows_Opposing, 13.6575, 170, 144
2_Rows_Opposing, 13.6633, 187, 144
2_Rows_Opposing, 13.6685, 172, 144
2_Rows_Opposing, 13.6743, 191, 144
2_Rows_Opposing, 13.6796, 172, 144
2_Rows_Opposing, 13.6855, 187, 144
2_Rows_Opposing, 13.6907, 169, 144
2_Rows_Opposing, 13.6965, 194, 144
2_Rows_Opposing, 13.7018, 172, 144
2_Rows_Opposing, 13.7076, 187, 144
2_Rows_Opposing, 13.7130, 172, 144
2_Rows_Opposing, 13.7187, 186, 144
2_Rows_Opposing, 13.7241, 174, 144
2_Rows_Opposing, 13.7299, 178, 144
2_Rows_Opposing, 13.7352, 174, 144
2_Rows_Opposing, 13.7409, 191, 144
2_Rows_Opposing, 13.7462, 176, 144
2_Rows_Opposing, 13.7520, 188, 144
2_Rows_Opposing, 13.7573, 173, 144
2_Rows_Opposing, 13.7631, 182, 144
2_Rows_Opposing, 13.7684, 176, 144
2_Rows_Opposing, 13.7743, 189, 144
2_Rows_Opposing, 13.7796, 168, 144
2_Rows_Opposing, 13.7854, 189, 144
2_Rows_Opposing, 13.7907, 173, 144
2_Rows_Opposing, 13.7965, 188, 144
2_Rows_Opposing, 13.8019, 171, 144
2_Rows_Opposing, 13.8076, 184, 144
2_Rows_Opposing, 13.8130, 175, 144
2_Rows_Opposing, 13.8188, 184, 144
2_Rows_Opposing, 13.8241, 173, 144
2_Rows_Opposing, 13.8300, 188, 144
2_Rows_Opposing, 13.8353, 169, 144
2_Rows_Opposing, 13.8410, 191, 144
2_Rows_Opposing, 13.8462, 173, 144
2_Rows_Opposing, 13.8522, 191, 144
2_Rows_Opposing, 13.8574, 166, 144
2_Rows_Opposing, 13.8631, 190, 144
2_Rows_Opposing, 13.8684, 177, 144
2_Rows_Opposing, 13.8743, 187, 144
2_Rows_Opposing, 13.8797, 168, 144
2_Rows_Opposing, 13.8853, 186, 144
2_Rows_Opposing, 13.8906, 178, 144
2_Rows_Opposing, 13.8967, 188, 144
2_Rows_Opposing, 13.9021, 164, 144
2_Rows_Opposing, 13.9077, 184, 144
2_Rows_Opposing, 13.9131, 178, 144
2_Rows_Opposing, 13.9189, 185, 144
2_Rows_Opposing, 13.9240, 174, 144
2_Rows_Opposing, 13.9299, 192, 144
2_Rows_Opposing, 13.9352, 172, 144
2_Rows_Opposing, 13.9410, 186, 144
2_Rows_Opposing, 13.9464, 173, 144
2_Rows_Opposing, 13.9523, 183, 144
2_Rows_Opposing, 13.9574, 165, 144
2_Rows_Opposing, 13.9631, 204, 144
2_Rows_Opposing, 13.9685, 173, 144
2_Rows_Opposing, 13.9743, 185, 144
2_Rows_Opposing, 13.9795, 172, 144
2_Rows_Opposing, 13.9855, 191, 144
2_Rows_Opposing, 13.9907, 168, 144
2_Rows_Opposing, 13.9965, 193, 144
2_Rows_Opposing, 14.0017, 171, 144
2_Rows_Opposing, 14.0078, 188, 144
2_Rows_Opposing, 14.0128, 161, 144
2_Rows_Opposing, 14.0187, 204, 144
2_Rows_Opposing, 14.0241, 165, 144
2_Rows_Opposing, 14.0298, 191, 144
2_Rows_Opposing, 14.0352, 174, 144
2_Rows_Opposing, 14.0410, 188, 144
2_Rows_Opposing, 14.0462, 171, 144
2_Rows_Opposing, 14.0520, 192, 144
2_Rows_Opposing, 14.0574, 173, 144
2_Rows_Opposing, 14.0631, 185, 144
2_Rows_Opposing, 14.0686, 175, 144
2_Rows_Opposing, 14.0742, 183, 144
2_Rows_Opposing, 14.0795, 177, 144
2_Rows_Opposing, 14.0853, 188, 144
2_Rows_Opposing, 14.0907, 171, 144
2_Rows_Opposing, 14.0964, 186, 144
2_Rows_Opposing, 14.1018, 174, 144
2_Rows_Opposing, 14.1079, 184, 144
2_Rows_Opposing, 14.1130, 165, 144
2_Rows_Opposing, 14.1194, 191, 144
2_Rows_Opposing, 14.1245, 155, 144
2_Rows_Opposing, 14.1304, 193, 144
2_Rows_Opposing, 14.1355, 170, 144
2_Rows_Opposing, 14.1414, 200, 144
2_Rows_Opposing, 14.1467, 164, 144
2_Rows_Opposing, 14.1522, 195, 144
2_Rows_Opposing, 14.1577, 181, 144
2_Rows_Opposing, 14.1637, 176, 144
2_Rows_Opposing, 14.1685, 170, 144
2_Rows_Opposing, 14.1746, 209, 144
2_Rows_Opposing, 14.1797, 164, 144
2_Rows_Opposing, 14.1857, 195, 144
2_Rows_Opposing, 14.1910, 165, 144
2_Rows_Opposing, 14.1968, 190, 144
2_Rows_Opposing, 14.2020, 173, 144
2_Rows_Opposing, 14.2076, 192, 144
2_Rows_Opposing, 14.2129, 177, 144
2_Rows_Opposing, 14.2187, 190, 144
2_Rows_Opposing, 14.2240, 172, 144
2_Rows_Opposing, 14.2297, 188, 144
2_Rows_Opposing, 14.2352, 174, 144
2_Rows_Opposing, 14.2409, 184, 144
2_Rows_Opposing, 14.2462, 175, 144
2_Rows_Opposing, 14.2520, 187, 144
2_Rows_Opposing, 14.2573, 172, 144
2_Rows_Opposing, 14.2631, 189, 144
2_Rows_Opposing, 14.2684, 172, 144
2_Rows_Opposing, 14.2742, 189, 144
2_Rows_Opposing, 14.2795, 171, 144
2_Rows_Opposing, 14.2853, 187, 144
2_Rows_Opposing, 14.2906, 173, 144
2_Rows_Opposing, 14.2964, 187, 144
2_Rows_Opposing, 14.3017, 172, 144
2_Rows_Opposing, 14.3075, 187, 144
2_Rows_Opposing, 14.3129, 172, 144
2_Rows_Opposing, 14.3186, 186, 144
2_Rows_Opposing, 14.3239, 175, 144
2_Rows_Opposing, 14.3297, 187, 144
2_Rows_Opposing, 14.3350, 173, 144
2_Rows_Opposing, 14.3408, 187, 144
2_Rows_Opposing, 14.3462, 172, 144
2_Rows_Opposing, 14.3520, 187, 144
2_Rows_Opposing, 14.3573, 171, 144
2_Rows_Opposing, 14.3631, 188, 144
2_Rows_Opposing, 14.3684, 172, 144
2_Rows_Opposing, 14.3741, 189, 144
2_Rows_Opposing, 14.3795, 173, 144
2_Rows_Opposing, 14.3854, 188, 144
2_Rows_Opposing, 14.3906, 170, 144
2_Rows_Opposing, 14.3964, 190, 144
2_Rows_Opposing, 14.4018, 170, 144
2_Rows_Opposing, 14.4075, 187, 144
2_Rows_Opposing, 14.4128, 173, 144
2_Rows_Opposing, 14.4186, 188, 144
2_Rows_Opposing, 14.4240, 175, 144
2_Rows_Opposing, 14.4297, 183, 144
2_Rows_Opposing, 14.4350, 174, 144
2_Rows_Opposing, 14.4409, 188, 144
2_Rows_Opposing, 14.4463, 171, 144
2_Rows_Opposing, 14.4522, 185, 144
2_Rows_Opposing, 14.4572, 166, 144
2_Rows_Opposing, 14.4630, 200, 144
2_Rows_Opposing, 14.4683, 173, 144
2_Rows_Opposing, 14.4741, 188, 144
2_Rows_Opposing, 14.4795, 173, 144
2_Rows_Opposing, 14.4852, 186, 144
2_Rows_Opposing, 14.4905, 173, 144
2_Rows_Opposing, 14.4963, 188, 144
2_Rows_Opposing, 14.5016, 172, 144
2_Rows_Opposing, 14.5074, 187, 144
2_Rows_Opposing, 14.5128, 173, 144
2_Rows_Opposing, 14.5185, 186, 144
2_Rows_Opposing, 14.5239, 173, 144
2_Rows_Opposing, 14.5297, 185, 144
2_Rows_Opposing, 14.5350, 173, 144
2_Rows_Opposing, 14.5407, 186, 144
2_Rows_Opposing, 14.5461, 174, 144
2_Rows_Opposing, 14.5519, 185, 144
2_Rows_Opposing, 14.5572, 175, 144
2_Rows_Opposing, 14.5630, 186, 144
2_Rows_Opposing, 14.5683, 172, 144
2_Rows_Opposing, 14.5741, 188, 144
2_Rows_Opposing, 14.5794, 174, 144
2_Rows_Opposing, 14.5852, 187, 144
2_Rows_Opposing, 14.5905, 172, 144
2_Rows_Opposing, 14.5963, 187, 144
2_Rows_Opposing, 14.6017, 173, 144
2_Rows_Opposing, 14.6074, 187, 144
2_Rows_Opposing, 14.6128, 173, 144
2_Rows_Opposing, 14.6185, 186, 144
2_Rows_Opposing, 14.6239, 173, 144
2_Rows_Opposing, 14.6297, 186, 144
2_Rows_Opposing, 14.6350, 172, 144
2_Rows_Opposing, 14.6407, 188, 144
2_Rows_Opposing, 14.6461, 173, 144
2_Rows_Opposing, 14.6518, 185, 144
2_Rows_Opposing, 14.6572, 174, 144
2_Rows_Opposing, 14.6630, 186, 144
2_Rows_Opposing, 14.6683, 171, 144
2_Rows_Opposing, 14.6741, 190, 144
2_Rows_Opposing, 14.6794, 173, 144
2_Rows_Opposing, 14.6852, 186, 144
2_Rows_Opposing, 14.6905, 173, 144
2_Rows_Opposing, 14.6963, 187, 144
2_Rows_Opposing, 14.7017, 173, 144
2_Rows_Opposing, 14.7074, 185, 144
2_Rows_Opposing, 14.7128, 174, 144
2_Rows_Opposing, 14.7185, 187, 144
2_Rows_Opposing, 14.7239, 172, 144
2_Rows_Opposing, 14.7299, 185, 144
2_Rows_Opposing, 14.7351, 163, 144
2_Rows_Opposing, 14.7409, 196, 144
2_Rows_Opposing, 14.7462, 169, 144
2_Rows_Opposing, 14.7521, 192, 144
2_Rows_Opposing, 14.7573, 170, 144
2_Rows_Opposing, 14.7632, 191, 144
2_Rows_Opposing, 14.7684, 169, 144
2_Rows_Opposing, 14.7744, 190, 144
2_Rows_Opposing, 14.7795, 168, 144
2_Rows_Opposing, 14.7854, 194, 144
2_Rows_Opposing, 14.7906, 170, 144
2_Rows_Opposing, 14.7964, 191, 144
2_Rows_Opposing, 14.8018, 172, 144
2_Rows_Opposing, 14.8075, 179, 144
2_Rows_Opposing, 14.8130, 181, 144
2_Rows_Opposing, 14.8186, 179, 144
2_Rows_Opposing, 14.8241, 178, 144
2_Rows_Opposing, 14.8298, 182, 144
2_Rows_Opposing, 14.8351, 173, 144
2_Rows_Opposing, 14.8409, 189, 144
2_Rows_Opposing, 14.8463, 172, 144
2_Rows_Opposing, 14.8520, 184, 144
2_Rows_Opposing, 14.8573, 175, 144
2_Rows_Opposing, 14.8632, 189, 144
2_Rows_Opposing, 14.8685, 170, 144
2_Rows_Opposing, 14.8744, 188, 144
2_Rows_Opposing, 14.8795, 169, 144
2_Rows_Opposing, 14.8854, 192, 144
2_Rows_Opposing, 14.8907, 171, 144
2_Rows_Opposing, 14.8965, 185, 144
2_Rows_Opposing, 14.9017, 174, 144
2_Rows_Opposing, 14.9075, 189, 144
2_Rows_Opposing, 14.9130, 171, 144
2_Rows_Opposing, 14.9188, 184, 144
2_Rows_Opposing, 14.9240, 175, 144
2_Rows_Opposing, 14.9298, 188, 144
2_Rows_Opposing, 14.9352, 171, 144
2_Rows_Opposing, 14.9409, 185, 144
2_Rows_Opposing, 14.9464, 175, 144
2_Rows_Opposing, 14.9521, 183, 144
2_Rows_Opposing, 14.9574, 169, 144
2_Rows_Opposing, 14.9632, 195, 144
2_Rows_Opposing, 14.9684, 170, 144
2_Rows_Opposing, 14.9742, 193, 144
2_Rows_Opposing, 14.9796, 171, 144
2_Rows_Opposing, 14.9854, 187, 144
2_Rows_Opposing, 14.9907, 170, 144
2_Rows_Opposing, 14.9966, 187, 144
2_Rows_Opposing, 15.0019, 171, 144