1_Row_Opposing, 0.0000, 186, 72
1_Row_Opposing, 0.0052, 89, 72
1_Row_Opposing, 0.0093, 463, 72
1_Row_Opposing, 0.0146, 243, 72
1_Row_Opposing, 0.0204, 188, 72
1_Row_Opposing, 0.0257, 171, 72
1_Row_Opposing, 0.0314, 185, 72
1_Row_Opposing, 0.0368, 178, 72
1_Row_Opposing, 0.0426, 182, 72
1_Row_Opposing, 0.0480, 172, 72
1_Row_Opposing, 0.0537, 185, 72
1_Row_Opposing, 0.0590, 178, 72
1_Row_Opposing, 0.0649, 189, 72
1_Row_Opposing, 0.0701, 170, 72
1_Row_Opposing, 0.0760, 189, 72
1_Row_Opposing, 0.0813, 168, 72
1_Row_Opposing, 0.0871, 190, 72
1_Row_Opposing, 0.0923, 171, 72
1_Row_Opposing, 0.0981, 189, 72
1_Row_Opposing, 0.1035, 177, 72
1_Row_Opposing, 0.1093, 184, 72
1_Row_Opposing, 0.1146, 171, 72
1_Row_Opposing, 0.1203, 186, 72
1_Row_Opposing, 0.1257, 176, 72
1_Row_Opposing, 0.1314, 187, 72
1_Row_Opposing, 0.1368, 171, 72
1_Row_Opposing, 0.1426, 187, 72
1_Row_Opposing, 0.1480, 170, 72
1_Row_Opposing, 0.1537, 187, 72
1_Row_Opposing, 0.1590, 170, 72
1_Row_Opposing, 0.1648, 190, 72
1_Row_Opposing, 0.1701, 172, 72
1_Row_Opposing, 0.1759, 191, 72
1_Row_Opposing, 0.1813, 172, 72
1_Row_Opposing, 0.1870, 187, 72
1_Row_Opposing, 0.1923, 174, 72
1_Row_Opposing, 0.1983, 187, 72
1_Row_Opposing, 0.2035, 167, 72
1_Row_Opposing, 0.2093, 195, 72
1_Row_Opposing, 0.2146, 169, 72
1_Row_Opposing, 0.2204, 190, 72
1_Row_Opposing, 0.2257, 172, 72
1_Row_Opposing, 0.2315, 188, 72
1_Row_Opposing, 0.2368, 169, 72
1_Row_Opposing, 0.2426, 189, 72
1_Row_Opposing, 0.2480, 171, 72
1_Row_Opposing, 0.2537, 187, 72
1_Row_Opposing, 0.2590, 174, 72
1_Row_Opposing, 0.2648, 189, 72
1_Row_Opposing, 0.2701, 176, 72
1_Row_Opposing, 0.2759, 184, 72
1_Row_Opposing, 0.2812, 173, 72
1_Row_Opposing, 0.2871, 191, 72
1_Row_Opposing, 0.2923, 166, 72
1_Row_Opposing, 0.2981, 191, 72
1_Row_Opposing, 0.3035, 172, 72
1_Row_Opposing, 0.3092, 188, 72
1_Row_Opposing, 0.3145, 172, 72
1_Row_Opposing, 0.3203, 190, 72
1_Row_Opposing, 0.3257, 171, 72
1_Row_Opposing, 0.3314, 188, 72
1_Row_Opposing, 0.3367, 172, 72
1_Row_Opposing, 0.3425, 191, 72
1_Row_Opposing, 0.3479, 170, 72
1_Row_Opposing, 0.3536, 188, 72
1_Row_Opposing, 0.3590, 173, 72
1_Row_Opposing, 0.3648, 190, 72
1_Row_Opposing, 0.3701, 167, 72
1_Row_Opposing, 0.3759, 193, 72
1_Row_Opposing, 0.3812, 170, 72
1_Row_Opposing, 0.3870, 187, 72
1_Row_Opposing, 0.3923, 173, 72
1_Row_Opposing, 0.3982, 186, 72
1_Row_Opposing, 0.4034, 170, 72
1_Row_Opposing, 0.4093, 191, 72
1_Row_Opposing, 0.4145, 170, 72
1_Row_Opposing, 0.4204, 190, 72
1_Row_Opposing, 0.4256, 170, 72
1_Row_Opposing, 0.4314, 190, 72
1_Row_Opposing, 0.4368, 172, 72
1_Row_Opposing, 0.4426, 187, 72
1_Row_Opposing, 0.4479, 171, 72
1_Row_Opposing, 0.4536, 189, 72
1_Row_Opposing, 0.4590, 171, 72
1_Row_Opposing, 0.4648, 190, 72
1_Row_Opposing, 0.4701, 172, 72
1_Row_Opposing, 0.4759, 190, 72
1_Row_Opposing, 0.4812, 169, 72
1_Row_Opposing, 0.4870, 190, 72
1_Row_Opposing, 0.4923, 170, 72
1_Row_Opposing, 0.4982, 190, 72
1_Row_Opposing, 0.5035, 171, 72
1_Row_Opposing, 0.5093, 185, 72
1_Row_Opposing, 0.5146, 174, 72
1_Row_Opposing, 0.5203, 185, 72
1_Row_Opposing, 0.5256, 177, 72
1_Row_Opposing, 0.5315, 183, 72
1_Row_Opposing, 0.5369, 175, 72
1_Row_Opposing, 0.5426, 182, 72
1_Row_Opposing, 0.5479, 176, 72
1_Row_Opposing, 0.5537, 187, 72
1_Row_Opposing, 0.5590, 169, 72
1_Row_Opposing, 0.5649, 190, 72
1_Row_Opposing, 0.5702, 170, 72
1_Row_Opposing, 0.5759, 190, 72
1_Row_Opposing, 0.5812, 174, 72
1_Row_Opposing, 0.5870, 187, 72
1_Row_Opposing, 0.5924, 173, 72
1_Row_Opposing, 0.5981, 184, 72
1_Row_Opposing, 0.6035, 175, 72
1_Row_Opposing, 0.6093, 186, 72
1_Row_Opposing, 0.6146, 172, 72
1_Row_Opposing, 0.6204, 190, 72
1_Row_Opposing, 0.6257, 171, 72
1_Row_Opposing, 0.6315, 183, 72
1_Row_Opposing, 0.6368, 176, 72
1_Row_Opposing, 0.6426, 183, 72
1_Row_Opposing, 0.6479, 172, 72
1_Row_Opposing, 0.6537, 191, 72
1_Row_Opposing, 0.6590, 172, 72
1_Row_Opposing, 0.6648, 186, 72
1_Row_Opposing, 0.6702, 174, 72
1_Row_Opposing, 0.6759, 184, 72
1_Row_Opposing, 0.6812, 176, 72
1_Row_Opposing, 0.6871, 186, 72
1_Row_Opposing, 0.6923, 170, 72
1_Row_Opposing, 0.6982, 194, 72
1_Row_Opposing, 0.7035, 167, 72
1_Row_Opposing, 0.7093, 191, 72
1_Row_Opposing, 0.7146, 171, 72
1_Row_Opposing, 0.7204, 189, 72
1_Row_Opposing, 0.7257, 172, 72
1_Row_Opposing, 0.7314, 189, 72
1_Row_Opposing, 0.7368, 173, 72
1_Row_Opposing, 0.7426, 186, 72
1_Row_Opposing, 0.7479, 170, 72
1_Row_Opposing, 0.7537, 189, 72
1_Row_Opposing, 0.7590, 171, 72
1_Row_Opposing, 0.7648, 189, 72
1_Row_Opposing, 0.7703, 173, 72
1_Row_Opposing, 0.7760, 178, 72
1_Row_Opposing, 0.7812, 176, 72
1_Row_Opposing, 0.7870, 190, 72
1_Row_Opposing, 0.7924, 174, 72
1_Row_Opposing, 0.7981, 184, 72
1_Row_Opposing, 0.8035, 178, 72
1_Row_Opposing, 0.8092, 182, 72
1_Row_Opposing, 0.8146, 176, 72
1_Row_Opposing, 0.8204, 183, 72
1_Row_Opposing, 0.8257, 172, 72
1_Row_Opposing, 0.8314, 189, 72
1_Row_Opposing, 0.8368, 174, 72
1_Row_Opposing, 0.8426, 185, 72
1_Row_Opposing, 0.8480, 170, 72
1_Row_Opposing, 0.8538, 190, 72
1_Row_Opposing, 0.8591, 170, 72
1_Row_Opposing, 0.8649, 192, 72
1_Row_Opposing, 0.8701, 171, 72
1_Row_Opposing, 0.8760, 190, 72
1_Row_Opposing, 0.8813, 171, 72
1_Row_Opposing, 0.8871, 184, 72
1_Row_Opposing, 0.8924, 176, 72
1_Row_Opposing, 0.8981, 185, 72
1_Row_Opposing, 0.9035, 177, 72
1_Row_Opposing, 0.9093, 182, 72
1_Row_Opposing, 0.9146, 176, 72
1_Row_Opposing, 0.9203, 183, 72
1_Row_Opposing, 0.9257, 176, 72
1_Row_Opposing, 0.9314, 184, 72
1_Row_Opposing, 0.9368, 177, 72
1_Row_Opposing, 0.9426, 183, 72
1_Row_Opposing, 0.9479, 171, 72
1_Row_Opposing, 0.9539, 189, 72
1_Row_Opposing, 0.9591, 168, 72
1_Row_Opposing, 0.9648, 191, 72
1_Row_Opposing, 0.9701, 175, 72
1_Row_Opposing, 0.9759, 188, 72
1_Row_Opposing, 0.9813, 171, 72
1_Row_Opposing, 0.9871, 188, 72
1_Row_Opposing, 0.9923, 171, 72
1_Row_Opposing, 0.9982, 191, 72
1_Row_Opposing, 1.0034, 170, 72
1_Row_Opposing, 1.0092, 187, 72
1_Row_Opposing, 1.0146, 176, 72
1_Row_Opposing, 1.0204, 180, 72
1_Row_Opposing, 1.0257, 172, 72
1_Row_Opposing, 1.0314, 194, 72
1_Row_Opposing, 1.0369, 173, 72
1_Row_Opposing, 1.0426, 181, 72
1_Row_Opposing, 1.0480, 176, 72
1_Row_Opposing, 1.0537, 183, 72
1_Row_Opposing, 1.0590, 176, 72
1_Row_Opposing, 1.0648, 186, 72
1_Row_Opposing, 1.0702, 172, 72
1_Row_Opposing, 1.0759, 186, 72
1_Row_Opposing, 1.0812, 173, 72
1_Row_Opposing, 1.0871, 192, 72
1_Row_Opposing, 1.0924, 168, 72
1_Row_Opposing, 1.0982, 186, 72
1_Row_Opposing, 1.1035, 174, 72
1_Row_Opposing, 1.1093, 187, 72
1_Row_Opposing, 1.1146, 172, 72
1_Row_Opposing, 1.1204, 186, 72
1_Row_Opposing, 1.1257, 174, 72
1_Row_Opposing, 1.1315, 189, 72
1_Row_Opposing, 1.1369, 168, 72
1_Row_Opposing, 1.1426, 189, 72
1_Row_Opposing, 1.1479, 175, 72
1_Row_Opposing, 1.1537, 190, 72
1_Row_Opposing, 1.1590, 171, 72
1_Row_Opposing, 1.1648, 186, 72
1_Row_Opposing, 1.1701, 175, 72
1_Row_Opposing, 1.1758, 184, 72
1_Row_Opposing, 1.1812, 177, 72
1_Row_Opposing, 1.1870, 182, 72
1_Row_Opposing, 1.1923, 174, 72
1_Row_Opposing, 1.1981, 188, 72
1_Row_Opposing, 1.2034, 170, 72
1_Row_Opposing, 1.2092, 190, 72
1_Row_Opposing, 1.2146, 174, 72
1_Row_Opposing, 1.2203, 184, 72
1_Row_Opposing, 1.2256, 173, 72
1_Row_Opposing, 1.2314, 185, 72
1_Row_Opposing, 1.2368, 175, 72
1_Row_Opposing, 1.2426, 183, 72
1_Row_Opposing, 1.2479, 172, 72
1_Row_Opposing, 1.2536, 189, 72
1_Row_Opposing, 1.2590, 174, 72
1_Row_Opposing, 1.2648, 184, 72
1_Row_Opposing, 1.2702, 174, 72
1_Row_Opposing, 1.2760, 186, 72
1_Row_Opposing, 1.2812, 169, 72
1_Row_Opposing, 1.2870, 195, 72
1_Row_Opposing, 1.2923, 171, 72
1_Row_Opposing, 1.2981, 186, 72
1_Row_Opposing, 1.3035, 176, 72
1_Row_Opposing, 1.3092, 185, 72
1_Row_Opposing, 1.3145, 171, 72
1_Row_Opposing, 1.3203, 191, 72
1_Row_Opposing, 1.3257, 170, 72
1_Row_Opposing, 1.3315, 185, 72
1_Row_Opposing, 1.3368, 172, 72
1_Row_Opposing, 1.3426, 188, 72
1_Row_Opposing, 1.3480, 173, 72
1_Row_Opposing, 1.3536, 186, 72
1_Row_Opposing, 1.3590, 175, 72
1_Row_Opposing, 1.3649, 187, 72
1_Row_Opposing, 1.3701, 169, 72
1_Row_Opposing, 1.3760, 188, 72
1_Row_Opposing, 1.3813, 174, 72
1_Row_Opposing, 1.3871, 185, 72
1_Row_Opposing, 1.3924, 172, 72
1_Row_Opposing, 1.3982, 192, 72
1_Row_Opposing, 1.4035, 172, 72
1_Row_Opposing, 1.4093, 186, 72
1_Row_Opposing, 1.4147, 171, 72
1_Row_Opposing, 1.4204, 184, 72
1_Row_Opposing, 1.4256, 175, 72
1_Row_Opposing, 1.4315, 194, 72
1_Row_Opposing, 1.4368, 168, 72
1_Row_Opposing, 1.4426, 187, 72
1_Row_Opposing, 1.4479, 171, 72
1_Row_Opposing, 1.4537, 189, 72
1_Row_Opposing, 1.4590, 173, 72
1_Row_Opposing, 1.4649, 189, 72
1_Row_Opposing, 1.4701, 169, 72
1_Row_Opposing, 1.4759, 191, 72
1_Row_Opposing, 1.4813, 171, 72
1_Row_Opposing, 1.4870, 188, 72
1_Row_Opposing, 1.4923, 173, 72
1_Row_Opposing, 1.4982, 188, 72
1_Row_Opposing, 1.5035, 168, 72
1_Row_Opposing, 1.5093, 187, 72
1_Row_Opposing, 1.5146, 176, 72
1_Row_Opposing, 1.5203, 188, 72
1_Row_Opposing, 1.5257, 172, 72
1_Row_Opposing, 1.5315, 183, 72
1_Row_Opposing, 1.5369, 173, 72
1_Row_Opposing, 1.5426, 188, 72
1_Row_Opposing, 1.5480, 176, 72
1_Row_Opposing, 1.5537, 182, 72
1_Row_Opposing, 1.5590, 178, 72
1_Row_Opposing, 1.5649, 187, 72
1_Row_Opposing, 1.5701, 169, 72
1_Row_Opposing, 1.5759, 192, 72
1_Row_Opposing, 1.5812, 171, 72
1_Row_Opposing, 1.5870, 188, 72
1_Row_Opposing, 1.5923, 173, 72
1_Row_Opposing, 1.5981, 189, 72
1_Row_Opposing, 1.6035, 171, 72
1_Row_Opposing, 1.6093, 184, 72
1_Row_Opposing, 1.6146, 174, 72
1_Row_Opposing, 1.6204, 188, 72
1_Row_Opposing, 1.6257, 169, 72
1_Row_Opposing, 1.6314, 187, 72
1_Row_Opposing, 1.6369, 174, 72
1_Row_Opposing, 1.6426, 184, 72
1_Row_Opposing, 1.6480, 176, 72
1_Row_Opposing, 1.6537, 185, 72
1_Row_Opposing, 1.6591, 171, 72
1_Row_Opposing, 1.6648, 187, 72
1_Row_Opposing, 1.6701, 175, 72
1_Row_Opposing, 1.6758, 191, 72
1_Row_Opposing, 1.6813, 173, 72
1_Row_Opposing, 1.6870, 182, 72
1_Row_Opposing, 1.6923, 174, 72
1_Row_Opposing, 1.6981, 190, 72
1_Row_Opposing, 1.7035, 173, 72
1_Row_Opposing, 1.7093, 185, 72
1_Row_Opposing, 1.7146, 171, 72
1_Row_Opposing, 1.7204, 187, 72
1_Row_Opposing, 1.7256, 171, 72
1_Row_Opposing, 1.7315, 195, 72
1_Row_Opposing, 1.7368, 168, 72
1_Row_Opposing, 1.7441, 189, 72
1_Row_Opposing, 1.7479, 136, 72
1_Row_Opposing, 1.7537, 269, 72
1_Row_Opposing, 1.7590, 170, 72
1_Row_Opposing, 1.7649, 191, 72
1_Row_Opposing, 1.7701, 165, 72
1_Row_Opposing, 1.7759, 191, 72
1_Row_Opposing, 1.7813, 171, 72
1_Row_Opposing, 1.7870, 187, 72
1_Row_Opposing, 1.7924, 173, 72
1_Row_Opposing, 1.7983, 191, 72
1_Row_Opposing, 1.8034, 169, 72
1_Row_Opposing, 1.8092, 191, 72
1_Row_Opposing, 1.8146, 171, 72
1_Row_Opposing, 1.8204, 185, 72
1_Row_Opposing, 1.8257, 175, 72
1_Row_Opposing, 1.8314, 188, 72
1_Row_Opposing, 1.8368, 172, 72
1_Row_Opposing, 1.8426, 188, 72
1_Row_Opposing, 1.8479, 170, 72
1_Row_Opposing, 1.8536, 193, 72
1_Row_Opposing, 1.8590, 172, 72
1_Row_Opposing, 1.8648, 184, 72
1_Row_Opposing, 1.8701, 169, 72
1_Row_Opposing, 1.8758, 192, 72
1_Row_Opposing, 1.8812, 171, 72
1_Row_Opposing, 1.8869, 187, 72
1_Row_Opposing, 1.8923, 173, 72
1_Row_Opposing, 1.8981, 183, 72
1_Row_Opposing, 1.9034, 177, 72
1_Row_Opposing, 1.9092, 184, 72
1_Row_Opposing, 1.9146, 174, 72
1_Row_Opposing, 1.9205, 185, 72
1_Row_Opposing, 1.9257, 167, 72
1_Row_Opposing, 1.9315, 192, 72
1_Row_Opposing, 1.9368, 170, 72
1_Row_Opposing, 1.9426, 192, 72
1_Row_Opposing, 1.9480, 169, 72
1_Row_Opposing, 1.9537, 186, 72
1_Row_Opposing, 1.9591, 173, 72
1_Row_Opposing, 1.9650, 186, 72
1_Row_Opposing, 1.9702, 165, 72
1_Row_Opposing, 1.9760, 194, 72
1_Row_Opposing, 1.9812, 176, 72
1_Row_Opposing, 1.9871, 187, 72
1_Row_Opposing, 1.9924, 170, 72
1_Row_Opposing, 1.9982, 193, 72
1_Row_Opposing, 2.0035, 167, 72
1_Row_Opposing, 2.0092, 192, 72
1_Row_Opposing, 2.0146, 175, 72
1_Row_Opposing, 2.0204, 186, 72
1_Row_Opposing, 2.0256, 167, 72
1_Row_Opposing, 2.0315, 196, 72
1_Row_Opposing, 2.0369, 167, 72
1_Row_Opposing, 2.0426, 188, 72
1_Row_Opposing, 2.0478, 177, 72
1_Row_Opposing, 2.0537, 189, 72
1_Row_Opposing, 2.0590, 166, 72
1_Row_Opposing, 2.0648, 190, 72
1_Row_Opposing, 2.0701, 172, 72
1_Row_Opposing, 2.0759, 189, 72
1_Row_Opposing, 2.0812, 171, 72
1_Row_Opposing, 2.0870, 190, 72
1_Row_Opposing, 2.0923, 170, 72
1_Row_Opposing, 2.0982, 189, 72
1_Row_Opposing, 2.1034, 171, 72
1_Row_Opposing, 2.1093, 186, 72
1_Row_Opposing, 2.1146, 174, 72
1_Row_Opposing, 2.1204, 184, 72
1_Row_Opposing, 2.1257, 170, 72
1_Row_Opposing, 2.1314, 189, 72
1_Row_Opposing, 2.1368, 174, 72
1_Row_Opposing, 2.1425, 184, 72
1_Row_Opposing, 2.1480, 174, 72
1_Row_Opposing, 2.1537, 185, 72
1_Row_Opposing, 2.1590, 174, 72
1_Row_Opposing, 2.1649, 189, 72
1_Row_Opposing, 2.1702, 169, 72
1_Row_Opposing, 2.1760, 189, 72
1_Row_Opposing, 2.1813, 175, 72
1_Row_Opposing, 2.1871, 185, 72
1_Row_Opposing, 2.1923, 172, 72
1_Row_Opposing, 2.1982, 192, 72
1_Row_Opposing, 2.2035, 169, 72
1_Row_Opposing, 2.2093, 187, 72
1_Row_Opposing, 2.2146, 176, 72
1_Row_Opposing, 2.2203, 183, 72
1_Row_Opposing, 2.2256, 178, 72
1_Row_Opposing, 2.2315, 188, 72
1_Row_Opposing, 2.2368, 167, 72
1_Row_Opposing, 2.2426, 194, 72
1_Row_Opposing, 2.2479, 170, 72
1_Row_Opposing, 2.2536, 189, 72
1_Row_Opposing, 2.2590, 169, 72
1_Row_Opposing, 2.2647, 191, 72
1_Row_Opposing, 2.2701, 176, 72
1_Row_Opposing, 2.2759, 180, 72
1_Row_Opposing, 2.2812, 173, 72
1_Row_Opposing, 2.2870, 191, 72
1_Row_Opposing, 2.2923, 170, 72
1_Row_Opposing, 2.2984, 188, 72
1_Row_Opposing, 2.3036, 165, 72
1_Row_Opposing, 2.3092, 192, 72
1_Row_Opposing, 2.3146, 180, 72
1_Row_Opposing, 2.3204, 181, 72
1_Row_Opposing, 2.3257, 172, 72
1_Row_Opposing, 2.3315, 193, 72
1_Row_Opposing, 2.3368, 170, 72
1_Row_Opposing, 2.3425, 191, 72
1_Row_Opposing, 2.3479, 174, 72
1_Row_Opposing, 2.3537, 181, 72
1_Row_Opposing, 2.3590, 172, 72
1_Row_Opposing, 2.3649, 193, 72
1_Row_Opposing, 2.3702, 170, 72
1_Row_Opposing, 2.3759, 185, 72
1_Row_Opposing, 2.3813, 176, 72
1_Row_Opposing, 2.3871, 183, 72
1_Row_Opposing, 2.3923, 175, 72
1_Row_Opposing, 2.3981, 190, 72
1_Row_Opposing, 2.4035, 171, 72
1_Row_Opposing, 2.4092, 187, 72
1_Row_Opposing, 2.4146, 175, 72
1_Row_Opposing, 2.4203, 181, 72
1_Row_Opposing, 2.4257, 176, 72
1_Row_Opposing, 2.4314, 184, 72
1_Row_Opposing, 2.4368, 176, 72
1_Row_Opposing, 2.4426, 184, 72
1_Row_Opposing, 2.4479, 171, 72
1_Row_Opposing, 2.4537, 190, 72
1_Row_Opposing, 2.4590, 170, 72
1_Row_Opposing, 2.4648, 190, 72
1_Row_Opposing, 2.4701, 171, 72
1_Row_Opposing, 2.4760, 190, 72
1_Row_Opposing, 2.4812, 170, 72
1_Row_Opposing, 2.4871, 190, 72
1_Row_Opposing, 2.4923, 170, 72
1_Row_Opposing, 2.4982, 190, 72
1_Row_Opposing, 2.5035, 170, 72
1_Row_Opposing, 2.5093, 186, 72
1_Row_Opposing, 2.5146, 174, 72
1_Row_Opposing, 2.5203, 184, 72
1_Row_Opposing, 2.5257, 178, 72
1_Row_Opposing, 2.5314, 175, 72
1_Row_Opposing, 2.5368, 182, 72
1_Row_Opposing, 2.5425, 184, 72
1_Row_Opposing, 2.5479, 176, 72
1_Row_Opposing, 2.5537, 188, 72
1_Row_Opposing, 2.5590, 167, 72
1_Row_Opposing, 2.5648, 191, 72
1_Row_Opposing, 2.5701, 170, 72
1_Row_Opposing, 2.5760, 191, 72
1_Row_Opposing, 2.5813, 170, 72
1_Row_Opposing, 2.5871, 190, 72
1_Row_Opposing, 2.5924, 171, 72
1_Row_Opposing, 2.5981, 189, 72
1_Row_Opposing, 2.6035, 175, 72
1_Row_Opposing, 2.6093, 185, 72
1_Row_Opposing, 2.6145, 171, 72
1_Row_Opposing, 2.6204, 190, 72
1_Row_Opposing, 2.6257, 171, 72
1_Row_Opposing, 2.6315, 186, 72
1_Row_Opposing, 2.6368, 174, 72
1_Row_Opposing, 2.6426, 185, 72
1_Row_Opposing, 2.6479, 176, 72
1_Row_Opposing, 2.6536, 183, 72
1_Row_Opposing, 2.6590, 178, 72
1_Row_Opposing, 2.6648, 187, 72
1_Row_Opposing, 2.6701, 171, 72
1_Row_Opposing, 2.6760, 184, 72
1_Row_Opposing, 2.6813, 171, 72
1_Row_Opposing, 2.6871, 189, 72
1_Row_Opposing, 2.6923, 172, 72
1_Row_Opposing, 2.6982, 192, 72
1_Row_Opposing, 2.7035, 168, 72
1_Row_Opposing, 2.7093, 191, 72
1_Row_Opposing, 2.7146, 170, 72
1_Row_Opposing, 2.7203, 191, 72
1_Row_Opposing, 2.7257, 175, 72
1_Row_Opposing, 2.7315, 184, 72
1_Row_Opposing, 2.7368, 171, 72
1_Row_Opposing, 2.7426, 186, 72
1_Row_Opposing, 2.7479, 174, 72
1_Row_Opposing, 2.7537, 190, 72
1_Row_Opposing, 2.7590, 171, 72
1_Row_Opposing, 2.7648, 184, 72
1_Row_Opposing, 2.7701, 175, 72
1_Row_Opposing, 2.7759, 185, 72
1_Row_Opposing, 2.7812, 175, 72
1_Row_Opposing, 2.7870, 184, 72
1_Row_Opposing, 2.7924, 175, 72
1_Row_Opposing, 2.7981, 184, 72
1_Row_Opposing, 2.8035, 175, 72
1_Row_Opposing, 2.8093, 184, 72
1_Row_Opposing, 2.8146, 170, 72
1_Row_Opposing, 2.8204, 190, 72
1_Row_Opposing, 2.8257, 172, 72
1_Row_Opposing, 2.8315, 189, 72
1_Row_Opposing, 2.8368, 170, 72
1_Row_Opposing, 2.8426, 191, 72
1_Row_Opposing, 2.8479, 171, 72
1_Row_Opposing, 2.8536, 189, 72
1_Row_Opposing, 2.8590, 174, 72
1_Row_Opposing, 2.8649, 186, 72
1_Row_Opposing, 2.8702, 170, 72
1_Row_Opposing, 2.8759, 186, 72
1_Row_Opposing, 2.8813, 175, 72
1_Row_Opposing, 2.8871, 184, 72
1_Row_Opposing, 2.8924, 171, 72
1_Row_Opposing, 2.8981, 192, 72
1_Row_Opposing, 2.9034, 172, 72
1_Row_Opposing, 2.9092, 192, 72
1_Row_Opposing, 2.9146, 172, 72
1_Row_Opposing, 2.9203, 186, 72
1_Row_Opposing, 2.9257, 175, 72
1_Row_Opposing, 2.9314, 183, 72
1_Row_Opposing, 2.9368, 173, 72
1_Row_Opposing, 2.9426, 188, 72
1_Row_Opposing, 2.9479, 171, 72
1_Row_Opposing, 2.9539, 189, 72
1_Row_Opposing, 2.9591, 166, 72
1_Row_Opposing, 2.9650, 194, 72
1_Row_Opposing, 2.9701, 166, 72
1_Row_Opposing, 2.9760, 194, 72
1_Row_Opposing, 2.9812, 172, 72
1_Row_Opposing, 2.9870, 188, 72
1_Row_Opposing, 2.9923, 172, 72
1_Row_Opposing, 2.9981, 190, 72
1_Row_Opposing, 3.0035, 171, 72
1_Row_Opposing, 3.0093, 184, 72
1_Row_Opposing, 3.0145, 172, 72
1_Row_Opposing, 3.0203, 190, 72
1_Row_Opposing, 3.0256, 175, 72
1_Row_Opposing, 3.0314, 187, 72
1_Row_Opposing, 3.0369, 170, 72
1_Row_Opposing, 3.0425, 184, 72
1_Row_Opposing, 3.0479, 176, 72
1_Row_Opposing, 3.0537, 185, 72
1_Row_Opposing, 3.0590, 175, 72
1_Row_Opposing, 3.0648, 186, 72
1_Row_Opposing, 3.0701, 170, 72
1_Row_Opposing, 3.0759, 189, 72
1_Row_Opposing, 3.0812, 172, 72
1_Row_Opposing, 3.0871, 190, 72
1_Row_Opposing, 3.0923, 171, 72
1_Row_Opposing, 3.0982, 190, 72
1_Row_Opposing, 3.1034, 171, 72
1_Row_Opposing, 3.1092, 185, 72
1_Row_Opposing, 3.1145, 176, 72
1_Row_Opposing, 3.1204, 184, 72
1_Row_Opposing, 3.1256, 170, 72
1_Row_Opposing, 3.1314, 194, 72
1_Row_Opposing, 3.1368, 170, 72
1_Row_Opposing, 3.1426, 185, 72
1_Row_Opposing, 3.1479, 172, 72
1_Row_Opposing, 3.1537, 187, 72
1_Row_Opposing, 3.1590, 175, 72
1_Row_Opposing, 3.1648, 190, 72
1_Row_Opposing, 3.1702, 169, 72
1_Row_Opposing, 3.1759, 189, 72
1_Row_Opposing, 3.1812, 174, 72
1_Row_Opposing, 3.1870, 189, 72
1_Row_Opposing, 3.1923, 169, 72
1_Row_Opposing, 3.1982, 190, 72
1_Row_Opposing, 3.2035, 172, 72
1_Row_Opposing, 3.2093, 186, 72
1_Row_Opposing, 3.2146, 172, 72
1_Row_Opposing, 3.2203, 186, 72
1_Row_Opposing, 3.2257, 177, 72
1_Row_Opposing, 3.2314, 186, 72
1_Row_Opposing, 3.2368, 172, 72
1_Row_Opposing, 3.2425, 186, 72
1_Row_Opposing, 3.2479, 175, 72
1_Row_Opposing, 3.2536, 186, 72
1_Row_Opposing, 3.2590, 176, 72
1_Row_Opposing, 3.2647, 182, 72
1_Row_Opposing, 3.2701, 174, 72
1_Row_Opposing, 3.2759, 189, 72
1_Row_Opposing, 3.2812, 169, 72
1_Row_Opposing, 3.2870, 188, 72
1_Row_Opposing, 3.2923, 173, 72
1_Row_Opposing, 3.2981, 188, 72
1_Row_Opposing, 3.3035, 175, 72
1_Row_Opposing, 3.3093, 183, 72
1_Row_Opposing, 3.3145, 173, 72
1_Row_Opposing, 3.3203, 192, 72
1_Row_Opposing, 3.3257, 169, 72
1_Row_Opposing, 3.3314, 189, 72
1_Row_Opposing, 3.3368, 172, 72
1_Row_Opposing, 3.3426, 186, 72
1_Row_Opposing, 3.3479, 175, 72
1_Row_Opposing, 3.3537, 186, 72
1_Row_Opposing, 3.3590, 172, 72
1_Row_Opposing, 3.3647, 188, 72
1_Row_Opposing, 3.3701, 173, 72
1_Row_Opposing, 3.3759, 189, 72
1_Row_Opposing, 3.3812, 169, 72
1_Row_Opposing, 3.3870, 188, 72
1_Row_Opposing, 3.3923, 172, 72
1_Row_Opposing, 3.3980, 186, 72
1_Row_Opposing, 3.4035, 178, 72
1_Row_Opposing, 3.4092, 180, 72
1_Row_Opposing, 3.4145, 175, 72
1_Row_Opposing, 3.4204, 190, 72
1_Row_Opposing, 3.4257, 167, 72
1_Row_Opposing, 3.4315, 189, 72
1_Row_Opposing, 3.4368, 172, 72
1_Row_Opposing, 3.4426, 189, 72
1_Row_Opposing, 3.4479, 170, 72
1_Row_Opposing, 3.4538, 190, 72
1_Row_Opposing, 3.4590, 170, 72
1_Row_Opposing, 3.4648, 193, 72
1_Row_Opposing, 3.4701, 169, 72
1_Row_Opposing, 3.4759, 189, 72
1_Row_Opposing, 3.4812, 172, 72
1_Row_Opposing, 3.4871, 185, 72
1_Row_Opposing, 3.4924, 174, 72
1_Row_Opposing, 3.4981, 186, 72
1_Row_Opposing, 3.5035, 174, 72
1_Row_Opposing, 3.5093, 185, 72
1_Row_Opposing, 3.5146, 175, 72
1_Row_Opposing, 3.5204, 185, 72
1_Row_Opposing, 3.5257, 174, 72
1_Row_Opposing, 3.5314, 185, 72
1_Row_Opposing, 3.5368, 177, 72
1_Row_Opposing, 3.5425, 183, 72
1_Row_Opposing, 3.5479, 175, 72
1_Row_Opposing, 3.5538, 184, 72
1_Row_Opposing, 3.5590, 170, 72
1_Row_Opposing, 3.5647, 191, 72
1_Row_Opposing, 3.5701, 176, 72
1_Row_Opposing, 3.5760, 185, 72
1_Row_Opposing, 3.5812, 170, 72
1_Row_Opposing, 3.5871, 191, 72
1_Row_Opposing, 3.5923, 170, 72
1_Row_Opposing, 3.5982, 190, 72
1_Row_Opposing, 3.6035, 171, 72
1_Row_Opposing, 3.6093, 185, 72
1_Row_Opposing, 3.6145, 175, 72
1_Row_Opposing, 3.6204, 190, 72
1_Row_Opposing, 3.6257, 170, 72
1_Row_Opposing, 3.6314, 187, 72
1_Row_Opposing, 3.6368, 176, 72
1_Row_Opposing, 3.6426, 181, 72
1_Row_Opposing, 3.6479, 176, 72
1_Row_Opposing, 3.6537, 183, 72
1_Row_Opposing, 3.6590, 176, 72
1_Row_Opposing, 3.6648, 184, 72
1_Row_Opposing, 3.6701, 176, 72
1_Row_Opposing, 3.6759, 185, 72
1_Row_Opposing, 3.6812, 171, 72
1_Row_Opposing, 3.6871, 190, 72
1_Row_Opposing, 3.6923, 170, 72
1_Row_Opposing, 3.6982, 193, 72
1_Row_Opposing, 3.7035, 168, 72
1_Row_Opposing, 3.7093, 190, 72
1_Row_Opposing, 3.7146, 171, 72
1_Row_Opposing, 3.7203, 191, 72
1_Row_Opposing, 3.7257, 174, 72
1_Row_Opposing, 3.7315, 186, 72
1_Row_Opposing, 3.7368, 170, 72
1_Row_Opposing, 3.7426, 187, 72
1_Row_Opposing, 3.7479, 174, 72
1_Row_Opposing, 3.7537, 184, 72
1_Row_Opposing, 3.7590, 175, 72
1_Row_Opposing, 3.7648, 185, 72
1_Row_Opposing, 3.7701, 175, 72
1_Row_Opposing, 3.7759, 184, 72
1_Row_Opposing, 3.7812, 176, 72
1_Row_Opposing, 3.7870, 184, 72
1_Row_Opposing, 3.7923, 176, 72
1_Row_Opposing, 3.7982, 185, 72
1_Row_Opposing, 3.8035, 171, 72
1_Row_Opposing, 3.8094, 189, 72
1_Row_Opposing, 3.8146, 168, 72
1_Row_Opposing, 3.8204, 192, 72
1_Row_Opposing, 3.8257, 172, 72
1_Row_Opposing, 3.8315, 190, 72
1_Row_Opposing, 3.8368, 170, 72
1_Row_Opposing, 3.8425, 190, 72
1_Row_Opposing, 3.8479, 175, 72
1_Row_Opposing, 3.8537, 185, 72
1_Row_Opposing, 3.8590, 168, 72
1_Row_Opposing, 3.8648, 193, 72
1_Row_Opposing, 3.8701, 170, 72
1_Row_Opposing, 3.8758, 188, 72
1_Row_Opposing, 3.8812, 174, 72
1_Row_Opposing, 3.8870, 186, 72
1_Row_Opposing, 3.8924, 173, 72
1_Row_Opposing, 3.8981, 187, 72
1_Row_Opposing, 3.9034, 170, 72
1_Row_Opposing, 3.9092, 192, 72
1_Row_Opposing, 3.9145, 172, 72
1_Row_Opposing, 3.9203, 185, 72
1_Row_Opposing, 3.9256, 175, 72
1_Row_Opposing, 3.9314, 185, 72
1_Row_Opposing, 3.9368, 172, 72
1_Row_Opposing, 3.9426, 186, 72
1_Row_Opposing, 3.9478, 171, 72
1_Row_Opposing, 3.9537, 193, 72
1_Row_Opposing, 3.9591, 168, 72
1_Row_Opposing, 3.9650, 188, 72
1_Row_Opposing, 3.9701, 170, 72
1_Row_Opposing, 3.9759, 194, 72
1_Row_Opposing, 3.9812, 173, 72
1_Row_Opposing, 3.9871, 186, 72
1_Row_Opposing, 3.9925, 171, 72
1_Row_Opposing, 3.9981, 182, 72
1_Row_Opposing, 4.0036, 179, 72
1_Row_Opposing, 4.0108, 181, 72
1_Row_Opposing, 4.0146, 139, 72
1_Row_Opposing, 4.0203, 257, 72
1_Row_Opposing, 4.0257, 176, 72
1_Row_Opposing, 4.0315, 183, 72
1_Row_Opposing, 4.0369, 176, 72
1_Row_Opposing, 4.0426, 183, 72
1_Row_Opposing, 4.0479, 177, 72
1_Row_Opposing, 4.0538, 185, 72
1_Row_Opposing, 4.0591, 169, 72
1_Row_Opposing, 4.0649, 190, 72
1_Row_Opposing, 4.0701, 171, 72
1_Row_Opposing, 4.0760, 193, 72
1_Row_Opposing, 4.0813, 169, 72
1_Row_Opposing, 4.0871, 182, 72
1_Row_Opposing, 4.0923, 172, 72
1_Row_Opposing, 4.0983, 196, 72
1_Row_Opposing, 4.1035, 167, 72
1_Row_Opposing, 4.1095, 187, 72
1_Row_Opposing, 4.1147, 171, 72
1_Row_Opposing, 4.1205, 190, 72
1_Row_Opposing, 4.1257, 172, 72
1_Row_Opposing, 4.1318, 187, 72
1_Row_Opposing, 4.1369, 168, 72
1_Row_Opposing, 4.1426, 194, 72
1_Row_Opposing, 4.1480, 176, 72
1_Row_Opposing, 4.1537, 183, 72
1_Row_Opposing, 4.1590, 176, 72
1_Row_Opposing, 4.1648, 185, 72
1_Row_Opposing, 4.1702, 176, 72
1_Row_Opposing, 4.1760, 182, 72
1_Row_Opposing, 4.1813, 173, 72
1_Row_Opposing, 4.1871, 189, 72
1_Row_Opposing, 4.1924, 171, 72
1_Row_Opposing, 4.1983, 188, 72
1_Row_Opposing, 4.2035, 170, 72
1_Row_Opposing, 4.2093, 192, 72
1_Row_Opposing, 4.2146, 171, 72
1_Row_Opposing, 4.2206, 190, 72
1_Row_Opposing, 4.2259, 166, 72
1_Row_Opposing, 4.2316, 190, 72
1_Row_Opposing, 4.2369, 174, 72
1_Row_Opposing, 4.2427, 187, 72
1_Row_Opposing, 4.2480, 174, 72
1_Row_Opposing, 4.2538, 185, 72
1_Row_Opposing, 4.2591, 174, 72
1_Row_Opposing, 4.2649, 186, 72
1_Row_Opposing, 4.2704, 173, 72
1_Row_Opposing, 4.2762, 181, 72
1_Row_Opposing, 4.2815, 174, 72
1_Row_Opposing, 4.2872, 186, 72
1_Row_Opposing, 4.2924, 177, 72
1_Row_Opposing, 4.2982, 189, 72
1_Row_Opposing, 4.3035, 172, 72
1_Row_Opposing, 4.3093, 189, 72
1_Row_Opposing, 4.3146, 171, 72
1_Row_Opposing, 4.3203, 190, 72
1_Row_Opposing, 4.3257, 175, 72
1_Row_Opposing, 4.3314, 184, 72
1_Row_Opposing, 4.3368, 174, 72
1_Row_Opposing, 4.3426, 186, 72
1_Row_Opposing, 4.3478, 174, 72
1_Row_Opposing, 4.3538, 190, 72
1_Row_Opposing, 4.3591, 166, 72
1_Row_Opposing, 4.3649, 190, 72
1_Row_Opposing, 4.3702, 173, 72
1_Row_Opposing, 4.3759, 189, 72
1_Row_Opposing, 4.3813, 175, 72
1_Row_Opposing, 4.3870, 184, 72
1_Row_Opposing, 4.3924, 175, 72
1_Row_Opposing, 4.3982, 181, 72
1_Row_Opposing, 4.4035, 174, 72
1_Row_Opposing, 4.4092, 187, 72
1_Row_Opposing, 4.4146, 177, 72
1_Row_Opposing, 4.4204, 183, 72
1_Row_Opposing, 4.4257, 173, 72
1_Row_Opposing, 4.4315, 187, 72
1_Row_Opposing, 4.4368, 172, 72
1_Row_Opposing, 4.4426, 189, 72
1_Row_Opposing, 4.4479, 170, 72
1_Row_Opposing, 4.4537, 192, 72
1_Row_Opposing, 4.4590, 170, 72
1_Row_Opposing, 4.4648, 190, 72
1_Row_Opposing, 4.4701, 171, 72
1_Row_Opposing, 4.4760, 189, 72
1_Row_Opposing, 4.4812, 171, 72
1_Row_Opposing, 4.4869, 187, 72
1_Row_Opposing, 4.4923, 176, 72
1_Row_Opposing, 4.4982, 187, 72
1_Row_Opposing, 4.5035, 169, 72
1_Row_Opposing, 4.5093, 186, 72
1_Row_Opposing, 4.5146, 175, 72
1_Row_Opposing, 4.5203, 185, 72
1_Row_Opposing, 4.5257, 175, 72
1_Row_Opposing, 4.5314, 185, 72
1_Row_Opposing, 4.5368, 176, 72
1_Row_Opposing, 4.5425, 184, 72
1_Row_Opposing, 4.5479, 174, 72
1_Row_Opposing, 4.5539, 185, 72
1_Row_Opposing, 4.5591, 166, 72
1_Row_Opposing, 4.5649, 197, 72
1_Row_Opposing, 4.5701, 170, 72
1_Row_Opposing, 4.5758, 191, 72
1_Row_Opposing, 4.5812, 176, 72
1_Row_Opposing, 4.5871, 185, 72
1_Row_Opposing, 4.5923, 170, 72
1_Row_Opposing, 4.5981, 191, 72
1_Row_Opposing, 4.6035, 173, 72
1_Row_Opposing, 4.6093, 183, 72
1_Row_Opposing, 4.6145, 172, 72
1_Row_Opposing, 4.6203, 190, 72
1_Row_Opposing, 4.6257, 171, 72
1_Row_Opposing, 4.6314, 189, 72
1_Row_Opposing, 4.6367, 175, 72
1_Row_Opposing, 4.6425, 186, 72
1_Row_Opposing, 4.6479, 173, 72
1_Row_Opposing, 4.6537, 184, 72
1_Row_Opposing, 4.6591, 172, 72
1_Row_Opposing, 4.6649, 184, 72
1_Row_Opposing, 4.6702, 171, 72
1_Row_Opposing, 4.6759, 189, 72
1_Row_Opposing, 4.6813, 173, 72
1_Row_Opposing, 4.6873, 184, 72
1_Row_Opposing, 4.6926, 163, 72
1_Row_Opposing, 4.6987, 188, 72
1_Row_Opposing, 4.7037, 165, 72
1_Row_Opposing, 4.7095, 198, 72
1_Row_Opposing, 4.7146, 176, 72
1_Row_Opposing, 4.7203, 196, 72
1_Row_Opposing, 4.7257, 173, 72
1_Row_Opposing, 4.7317, 186, 72
1_Row_Opposing, 4.7373, 166, 72
1_Row_Opposing, 4.7429, 178, 72
1_Row_Opposing, 4.7480, 177, 72
1_Row_Opposing, 4.7537, 197, 72
1_Row_Opposing, 4.7590, 175, 72
1_Row_Opposing, 4.7648, 190, 72
1_Row_Opposing, 4.7701, 169, 72
1_Row_Opposing, 4.7759, 187, 72
1_Row_Opposing, 4.7812, 173, 72
1_Row_Opposing, 4.7870, 189, 72
1_Row_Opposing, 4.7924, 170, 72
1_Row_Opposing, 4.7982, 187, 72
1_Row_Opposing, 4.8034, 173, 72
1_Row_Opposing, 4.8093, 189, 72
1_Row_Opposing, 4.8146, 171, 72
1_Row_Opposing, 4.8204, 184, 72
1_Row_Opposing, 4.8258, 173, 72
1_Row_Opposing, 4.8315, 188, 72
1_Row_Opposing, 4.8368, 170, 72
1_Row_Opposing, 4.8426, 191, 72
1_Row_Opposing, 4.8480, 172, 72
1_Row_Opposing, 4.8536, 186, 72
1_Row_Opposing, 4.8590, 177, 72
1_Row_Opposing, 4.8648, 185, 72
1_Row_Opposing, 4.8702, 175, 72
1_Row_Opposing, 4.8759, 184, 72
1_Row_Opposing, 4.8813, 173, 72
1_Row_Opposing, 4.8871, 186, 72
1_Row_Opposing, 4.8924, 171, 72
1_Row_Opposing, 4.8982, 189, 72
1_Row_Opposing, 4.9035, 168, 72
1_Row_Opposing, 4.9093, 193, 72
1_Row_Opposing, 4.9145, 171, 72
1_Row_Opposing, 4.9203, 190, 72
1_Row_Opposing, 4.9256, 172, 72
1_Row_Opposing, 4.9315, 189, 72
1_Row_Opposing, 4.9367, 168, 72
1_Row_Opposing, 4.9426, 194, 72
1_Row_Opposing, 4.9479, 170, 72
1_Row_Opposing, 4.9538, 189, 72
1_Row_Opposing, 4.9591, 168, 72
1_Row_Opposing, 4.9650, 189, 72
1_Row_Opposing, 4.9701, 169, 72
1_Row_Opposing, 4.9759, 199, 72
1_Row_Opposing, 4.9812, 170, 72
1_Row_Opposing, 4.9871, 189, 72
1_Row_Opposing, 4.9924, 169, 72
1_Row_Opposing, 4.9982, 189, 72
1_Row_Opposing, 5.0034, 169, 72
1_Row_Opposing, 5.0092, 192, 72
1_Row_Opposing, 5.0146, 173, 72
1_Row_Opposing, 5.0204, 183, 72
1_Row_Opposing, 5.0257, 176, 72
1_Row_Opposing, 5.0314, 185, 72
1_Row_Opposing, 5.0368, 172, 72
1_Row_Opposing, 5.0426, 190, 72
1_Row_Opposing, 5.0480, 172, 72
1_Row_Opposing, 5.0538, 184, 72
1_Row_Opposing, 5.0591, 173, 72
1_Row_Opposing, 5.0649, 188, 72
1_Row_Opposing, 5.0702, 169, 72
1_Row_Opposing, 5.0760, 191, 72
1_Row_Opposing, 5.0812, 172, 72
1_Row_Opposing, 5.0870, 192, 72
1_Row_Opposing, 5.0923, 173, 72
1_Row_Opposing, 5.0982, 185, 72
1_Row_Opposing, 5.1034, 171, 72
1_Row_Opposing, 5.1092, 189, 72
1_Row_Opposing, 5.1146, 175, 72
1_Row_Opposing, 5.1204, 183, 72
1_Row_Opposing, 5.1257, 174, 72
1_Row_Opposing, 5.1314, 186, 72
1_Row_Opposing, 5.1369, 174, 72
1_Row_Opposing, 5.1427, 181, 72
1_Row_Opposing, 5.1479, 174, 72
1_Row_Opposing, 5.1537, 189, 72
1_Row_Opposing, 5.1591, 175, 72
1_Row_Opposing, 5.1649, 182, 72
1_Row_Opposing, 5.1702, 172, 72
1_Row_Opposing, 5.1759, 188, 72
1_Row_Opposing, 5.1813, 174, 72
1_Row_Opposing, 5.1872, 185, 72
1_Row_Opposing, 5.1925, 171, 72
1_Row_Opposing, 5.1984, 189, 72
1_Row_Opposing, 5.2034, 169, 72
1_Row_Opposing, 5.2093, 197, 72
1_Row_Opposing, 5.2147, 169, 72
1_Row_Opposing, 5.2204, 188, 72
1_Row_Opposing, 5.2258, 174, 72
1_Row_Opposing, 5.2316, 184, 72
1_Row_Opposing, 5.2368, 173, 72
1_Row_Opposing, 5.2426, 190, 72
1_Row_Opposing, 5.2480, 171, 72
1_Row_Opposing, 5.2537, 182, 72
1_Row_Opposing, 5.2592, 178, 72
1_Row_Opposing, 5.2649, 182, 72
1_Row_Opposing, 5.2702, 174, 72
1_Row_Opposing, 5.2760, 188, 72
1_Row_Opposing, 5.2812, 173, 72
1_Row_Opposing, 5.2871, 189, 72
1_Row_Opposing, 5.2924, 169, 72
1_Row_Opposing, 5.2982, 191, 72
1_Row_Opposing, 5.3035, 170, 72
1_Row_Opposing, 5.3093, 191, 72
1_Row_Opposing, 5.3146, 171, 72
1_Row_Opposing, 5.3204, 186, 72
1_Row_Opposing, 5.3256, 174, 72
1_Row_Opposing, 5.3315, 188, 72
1_Row_Opposing, 5.3368, 171, 72
1_Row_Opposing, 5.3426, 189, 72
1_Row_Opposing, 5.3479, 170, 72
1_Row_Opposing, 5.3537, 187, 72
1_Row_Opposing, 5.3591, 172, 72
1_Row_Opposing, 5.3647, 187, 72
1_Row_Opposing, 5.3702, 177, 72
1_Row_Opposing, 5.3759, 183, 72
1_Row_Opposing, 5.3812, 174, 72
1_Row_Opposing, 5.3871, 187, 72
1_Row_Opposing, 5.3924, 173, 72
1_Row_Opposing, 5.3981, 186, 72
1_Row_Opposing, 5.4035, 174, 72
1_Row_Opposing, 5.4092, 185, 72
1_Row_Opposing, 5.4145, 173, 72
1_Row_Opposing, 5.4204, 190, 72
1_Row_Opposing, 5.4257, 169, 72
1_Row_Opposing, 5.4314, 189, 72
1_Row_Opposing, 5.4368, 176, 72
1_Row_Opposing, 5.4426, 183, 72
1_Row_Opposing, 5.4479, 171, 72
1_Row_Opposing, 5.4537, 191, 72
1_Row_Opposing, 5.4590, 170, 72
1_Row_Opposing, 5.4650, 189, 72
1_Row_Opposing, 5.4702, 166, 72
1_Row_Opposing, 5.4760, 191, 72
1_Row_Opposing, 5.4813, 171, 72
1_Row_Opposing, 5.4872, 189, 72
1_Row_Opposing, 5.4925, 171, 72
1_Row_Opposing, 5.4981, 187, 72
1_Row_Opposing, 5.5035, 176, 72
1_Row_Opposing, 5.5092, 186, 72
1_Row_Opposing, 5.5146, 173, 72
1_Row_Opposing, 5.5203, 184, 72
1_Row_Opposing, 5.5256, 177, 72
1_Row_Opposing, 5.5315, 185, 72
1_Row_Opposing, 5.5368, 171, 72
1_Row_Opposing, 5.5426, 186, 72
1_Row_Opposing, 5.5479, 172, 72
1_Row_Opposing, 5.5537, 189, 72
1_Row_Opposing, 5.5591, 171, 72
1_Row_Opposing, 5.5649, 188, 72
1_Row_Opposing, 5.5701, 171, 72
1_Row_Opposing, 5.5759, 190, 72
1_Row_Opposing, 5.5812, 174, 72
1_Row_Opposing, 5.5871, 186, 72
1_Row_Opposing, 5.5924, 170, 72
1_Row_Opposing, 5.5983, 187, 72
1_Row_Opposing, 5.6035, 169, 72
1_Row_Opposing, 5.6093, 189, 72
1_Row_Opposing, 5.6146, 174, 72
1_Row_Opposing, 5.6204, 187, 72
1_Row_Opposing, 5.6257, 175, 72
1_Row_Opposing, 5.6315, 186, 72
1_Row_Opposing, 5.6368, 174, 72
1_Row_Opposing, 5.6426, 184, 72
1_Row_Opposing, 5.6479, 176, 72
1_Row_Opposing, 5.6537, 186, 72
1_Row_Opposing, 5.6590, 174, 72
1_Row_Opposing, 5.6648, 185, 72
1_Row_Opposing, 5.6701, 173, 72
1_Row_Opposing, 5.6760, 188, 72
1_Row_Opposing, 5.6812, 170, 72
1_Row_Opposing, 5.6871, 190, 72
1_Row_Opposing, 5.6924, 171, 72
1_Row_Opposing, 5.6982, 189, 72
1_Row_Opposing, 5.7035, 171, 72
1_Row_Opposing, 5.7093, 189, 72
1_Row_Opposing, 5.7146, 171, 72
1_Row_Opposing, 5.7204, 189, 72
1_Row_Opposing, 5.7257, 172, 72
1_Row_Opposing, 5.7315, 187, 72
1_Row_Opposing, 5.7368, 173, 72
1_Row_Opposing, 5.7425, 187, 72
1_Row_Opposing, 5.7479, 174, 72
1_Row_Opposing, 5.7537, 184, 72
1_Row_Opposing, 5.7590, 174, 72
1_Row_Opposing, 5.7647, 185, 72
1_Row_Opposing, 5.7701, 177, 72
1_Row_Opposing, 5.7759, 184, 72
1_Row_Opposing, 5.7813, 174, 72
1_Row_Opposing, 5.7872, 181, 72
1_Row_Opposing, 5.7924, 172, 72
1_Row_Opposing, 5.7981, 190, 72
1_Row_Opposing, 5.8036, 175, 72
1_Row_Opposing, 5.8094, 183, 72
1_Row_Opposing, 5.8147, 172, 72
1_Row_Opposing, 5.8205, 186, 72
1_Row_Opposing, 5.8258, 172, 72
1_Row_Opposing, 5.8317, 189, 72
1_Row_Opposing, 5.8368, 170, 72
1_Row_Opposing, 5.8426, 196, 72
1_Row_Opposing, 5.8479, 170, 72
1_Row_Opposing, 5.8536, 188, 72
1_Row_Opposing, 5.8591, 176, 72
1_Row_Opposing, 5.8647, 183, 72
1_Row_Opposing, 5.8700, 177, 72
1_Row_Opposing, 5.8758, 189, 72
1_Row_Opposing, 5.8812, 171, 72
1_Row_Opposing, 5.8870, 185, 72
1_Row_Opposing, 5.8923, 173, 72
1_Row_Opposing, 5.8981, 188, 72
1_Row_Opposing, 5.9034, 172, 72
1_Row_Opposing, 5.9093, 188, 72
1_Row_Opposing, 5.9145, 170, 72
1_Row_Opposing, 5.9203, 188, 72
1_Row_Opposing, 5.9258, 173, 72
1_Row_Opposing, 5.9314, 182, 72
1_Row_Opposing, 5.9368, 172, 72
1_Row_Opposing, 5.9425, 192, 72
1_Row_Opposing, 5.9478, 174, 72
1_Row_Opposing, 5.9537, 186, 72
1_Row_Opposing, 5.9590, 171, 72
1_Row_Opposing, 5.9650, 187, 72
1_Row_Opposing, 5.9701, 168, 72
1_Row_Opposing, 5.9759, 194, 72
1_Row_Opposing, 5.9812, 171, 72
1_Row_Opposing, 5.9871, 190, 72
1_Row_Opposing, 5.9923, 169, 72
1_Row_Opposing, 5.9981, 194, 72
1_Row_Opposing, 6.0034, 170, 72
1_Row_Opposing, 6.0093, 189, 72
1_Row_Opposing, 6.0145, 170, 72
1_Row_Opposing, 6.0203, 187, 72
1_Row_Opposing, 6.0257, 174, 72
1_Row_Opposing, 6.0315, 187, 72
1_Row_Opposing, 6.0368, 167, 72
1_Row_Opposing, 6.0426, 191, 72
1_Row_Opposing, 6.0479, 174, 72
1_Row_Opposing, 6.0537, 188, 72
1_Row_Opposing, 6.0590, 171, 72
1_Row_Opposing, 6.0648, 191, 72
1_Row_Opposing, 6.0701, 170, 72
1_Row_Opposing, 6.0759, 186, 72
1_Row_Opposing, 6.0812, 172, 72
1_Row_Opposing, 6.0871, 188, 72
1_Row_Opposing, 6.0923, 173, 72
1_Row_Opposing, 6.0982, 188, 72
1_Row_Opposing, 6.1034, 171, 72
1_Row_Opposing, 6.1093, 190, 72
1_Row_Opposing, 6.1145, 170, 72
1_Row_Opposing, 6.1203, 190, 72
1_Row_Opposing, 6.1256, 171, 72
1_Row_Opposing, 6.1314, 188, 72
1_Row_Opposing, 6.1368, 174, 72
1_Row_Opposing, 6.1425, 185, 72
1_Row_Opposing, 6.1479, 174, 72
1_Row_Opposing, 6.1537, 185, 72
1_Row_Opposing, 6.1589, 174, 72
1_Row_Opposing, 6.1648, 188, 72
1_Row_Opposing, 6.1700, 172, 72
1_Row_Opposing, 6.1758, 188, 72
1_Row_Opposing, 6.1812, 172, 72
1_Row_Opposing, 6.1870, 186, 72
1_Row_Opposing, 6.1923, 170, 72
1_Row_Opposing, 6.1981, 189, 72
1_Row_Opposing, 6.2034, 172, 72
1_Row_Opposing, 6.2091, 189, 72
1_Row_Opposing, 6.2145, 173, 72
1_Row_Opposing, 6.2204, 187, 72
1_Row_Opposing, 6.2256, 172, 72
1_Row_Opposing, 6.2314, 188, 72
1_Row_Opposing, 6.2368, 173, 72
1_Row_Opposing, 6.2425, 187, 72
1_Row_Opposing, 6.2479, 171, 72
1_Row_Opposing, 6.2536, 187, 72
1_Row_Opposing, 6.2589, 175, 72
1_Row_Opposing, 6.2647, 188, 72
1_Row_Opposing, 6.2700, 171, 72
1_Row_Opposing, 6.2759, 190, 72
1_Row_Opposing, 6.2828, 169, 72
1_Row_Opposing, 6.2871, 144, 72
1_Row_Opposing, 6.2923, 233, 72
1_Row_Opposing, 6.2982, 190, 72
1_Row_Opposing, 6.3034, 172, 72
1_Row_Opposing, 6.3093, 188, 72
1_Row_Opposing, 6.3146, 173, 72
1_Row_Opposing, 6.3204, 187, 72
1_Row_Opposing, 6.3257, 172, 72
1_Row_Opposing, 6.3317, 189, 72
1_Row_Opposing, 6.3370, 165, 72
1_Row_Opposing, 6.3429, 184, 72
1_Row_Opposing, 6.3480, 169, 72
1_Row_Opposing, 6.3539, 199, 72
1_Row_Opposing, 6.3591, 170, 72
1_Row_Opposing, 6.3650, 191, 72
1_Row_Opposing, 6.3702, 170, 72
1_Row_Opposing, 6.3759, 191, 72
1_Row_Opposing, 6.3814, 174, 72
1_Row_Opposing, 6.3871, 183, 72
1_Row_Opposing, 6.3924, 175, 72
1_Row_Opposing, 6.3982, 185, 72
1_Row_Opposing, 6.4035, 174, 72
1_Row_Opposing, 6.4093, 187, 72
1_Row_Opposing, 6.4146, 174, 72
1_Row_Opposing, 6.4206, 187, 72
1_Row_Opposing, 6.4257, 169, 72
1_Row_Opposing, 6.4317, 194, 72
1_Row_Opposing, 6.4368, 165, 72
1_Row_Opposing, 6.4426, 196, 72
1_Row_Opposing, 6.4479, 173, 72
1_Row_Opposing, 6.4538, 187, 72
1_Row_Opposing, 6.4591, 170, 72
1_Row_Opposing, 6.4648, 187, 72
1_Row_Opposing, 6.4701, 176, 72
1_Row_Opposing, 6.4759, 188, 72
1_Row_Opposing, 6.4812, 173, 72
1_Row_Opposing, 6.4870, 187, 72
1_Row_Opposing, 6.4924, 171, 72
1_Row_Opposing, 6.4981, 186, 72
1_Row_Opposing, 6.5035, 173, 72
1_Row_Opposing, 6.5092, 186, 72
1_Row_Opposing, 6.5146, 174, 72
1_Row_Opposing, 6.5203, 188, 72
1_Row_Opposing, 6.5257, 172, 72
1_Row_Opposing, 6.5314, 189, 72
1_Row_Opposing, 6.5368, 173, 72
1_Row_Opposing, 6.5426, 186, 72
1_Row_Opposing, 6.5479, 171, 72
1_Row_Opposing, 6.5537, 188, 72
1_Row_Opposing, 6.5590, 173, 72
1_Row_Opposing, 6.5648, 187, 72
1_Row_Opposing, 6.5701, 173, 72
1_Row_Opposing, 6.5759, 187, 72
1_Row_Opposing, 6.5812, 174, 72
1_Row_Opposing, 6.5870, 187, 72
1_Row_Opposing, 6.5923, 172, 72
1_Row_Opposing, 6.5981, 188, 72
1_Row_Opposing, 6.6035, 173, 72
1_Row_Opposing, 6.6093, 185, 72
1_Row_Opposing, 6.6146, 172, 72
1_Row_Opposing, 6.6205, 190, 72
1_Row_Opposing, 6.6257, 168, 72
1_Row_Opposing, 6.6315, 193, 72
1_Row_Opposing, 6.6368, 170, 72
1_Row_Opposing, 6.6426, 189, 72
1_Row_Opposing, 6.6478, 171, 72
1_Row_Opposing, 6.6536, 193, 72
1_Row_Opposing, 6.6590, 170, 72
1_Row_Opposing, 6.6647, 187, 72
1_Row_Opposing, 6.6702, 173, 72
1_Row_Opposing, 6.6759, 186, 72
1_Row_Opposing, 6.6812, 175, 72
1_Row_Opposing, 6.6870, 186, 72
1_Row_Opposing, 6.6923, 173, 72
1_Row_Opposing, 6.6981, 185, 72
1_Row_Opposing, 6.7034, 172, 72
1_Row_Opposing, 6.7092, 188, 72
1_Row_Opposing, 6.7145, 173, 72
1_Row_Opposing, 6.7203, 187, 72
1_Row_Opposing, 6.7256, 173, 72
1_Row_Opposing, 6.7314, 187, 72
1_Row_Opposing, 6.7367, 174, 72
1_Row_Opposing, 6.7425, 185, 72
1_Row_Opposing, 6.7478, 174, 72
1_Row_Opposing, 6.7537, 188, 72
1_Row_Opposing, 6.7590, 168, 72
1_Row_Opposing, 6.7647, 190, 72
1_Row_Opposing, 6.7701, 169, 72
1_Row_Opposing, 6.7759, 192, 72
1_Row_Opposing, 6.7812, 173, 72
1_Row_Opposing, 6.7869, 187, 72
1_Row_Opposing, 6.7923, 173, 72
1_Row_Opposing, 6.7981, 187, 72
1_Row_Opposing, 6.8034, 172, 72
1_Row_Opposing, 6.8092, 188, 72
1_Row_Opposing, 6.8145, 171, 72
1_Row_Opposing, 6.8203, 189, 72
1_Row_Opposing, 6.8256, 172, 72
1_Row_Opposing, 6.8314, 188, 72
1_Row_Opposing, 6.8367, 169, 72
1_Row_Opposing, 6.8425, 190, 72
1_Row_Opposing, 6.8479, 172, 72
1_Row_Opposing, 6.8537, 184, 72
1_Row_Opposing, 6.8590, 173, 72
1_Row_Opposing, 6.8648, 189, 72
1_Row_Opposing, 6.8701, 172, 72
1_Row_Opposing, 6.8759, 187, 72
1_Row_Opposing, 6.8812, 172, 72
1_Row_Opposing, 6.8870, 186, 72
1_Row_Opposing, 6.8923, 174, 72
1_Row_Opposing, 6.8982, 189, 72
1_Row_Opposing, 6.9034, 169, 72
1_Row_Opposing, 6.9092, 189, 72
1_Row_Opposing, 6.9145, 174, 72
1_Row_Opposing, 6.9203, 187, 72
1_Row_Opposing, 6.9257, 174, 72
1_Row_Opposing, 6.9314, 185, 72
1_Row_Opposing, 6.9368, 173, 72
1_Row_Opposing, 6.9426, 187, 72
1_Row_Opposing, 6.9478, 170, 72
1_Row_Opposing, 6.9538, 192, 72
1_Row_Opposing, 6.9591, 166, 72
1_Row_Opposing, 6.9650, 189, 72
1_Row_Opposing, 6.9701, 167, 72
1_Row_Opposing, 6.9759, 197, 72
1_Row_Opposing, 6.9812, 173, 72
1_Row_Opposing, 6.9870, 188, 72
1_Row_Opposing, 6.9924, 171, 72
1_Row_Opposing, 6.9982, 186, 72
1_Row_Opposing, 7.0034, 172, 72
1_Row_Opposing, 7.0092, 190, 72
1_Row_Opposing, 7.0145, 173, 72
1_Row_Opposing, 7.0203, 186, 72
1_Row_Opposing, 7.0257, 173, 72
1_Row_Opposing, 7.0314, 186, 72
1_Row_Opposing, 7.0368, 173, 72
1_Row_Opposing, 7.0426, 187, 72
1_Row_Opposing, 7.0478, 171, 72
1_Row_Opposing, 7.0537, 192, 72
1_Row_Opposing, 7.0590, 170, 72
1_Row_Opposing, 7.0648, 189, 72
1_Row_Opposing, 7.0701, 171, 72
1_Row_Opposing, 7.0758, 188, 72
1_Row_Opposing, 7.0812, 175, 72
1_Row_Opposing, 7.0870, 185, 72
1_Row_Opposing, 7.0923, 171, 72
1_Row_Opposing, 7.0981, 188, 72
1_Row_Opposing, 7.1034, 172, 72
1_Row_Opposing, 7.1092, 189, 72
1_Row_Opposing, 7.1145, 173, 72
1_Row_Opposing, 7.1203, 188, 72
1_Row_Opposing, 7.1257, 172, 72
1_Row_Opposing, 7.1314, 185, 72
1_Row_Opposing, 7.1368, 175, 72
1_Row_Opposing, 7.1425, 185, 72
1_Row_Opposing, 7.1479, 175, 72
1_Row_Opposing, 7.1536, 184, 72
1_Row_Opposing, 7.1590, 174, 72
1_Row_Opposing, 7.1647, 186, 72
1_Row_Opposing, 7.1700, 172, 72
1_Row_Opposing, 7.1759, 188, 72
1_Row_Opposing, 7.1812, 171, 72
1_Row_Opposing, 7.1870, 186, 72
1_Row_Opposing, 7.1923, 175, 72
1_Row_Opposing, 7.1981, 190, 72
1_Row_Opposing, 7.2034, 168, 72
1_Row_Opposing, 7.2093, 189, 72
1_Row_Opposing, 7.2145, 172, 72
1_Row_Opposing, 7.2204, 188, 72
1_Row_Opposing, 7.2256, 170, 72
1_Row_Opposing, 7.2315, 190, 72
1_Row_Opposing, 7.2368, 171, 72
1_Row_Opposing, 7.2426, 186, 72
1_Row_Opposing, 7.2479, 172, 72
1_Row_Opposing, 7.2537, 188, 72
1_Row_Opposing, 7.2589, 173, 72
1_Row_Opposing, 7.2647, 190, 72
1_Row_Opposing, 7.2700, 172, 72
1_Row_Opposing, 7.2760, 188, 72
1_Row_Opposing, 7.2812, 169, 72
1_Row_Opposing, 7.2870, 190, 72
1_Row_Opposing, 7.2923, 172, 72
1_Row_Opposing, 7.2982, 190, 72
1_Row_Opposing, 7.3034, 168, 72
1_Row_Opposing, 7.3094, 190, 72
1_Row_Opposing, 7.3146, 168, 72
1_Row_Opposing, 7.3204, 192, 72
1_Row_Opposing, 7.3257, 171, 72
1_Row_Opposing, 7.3314, 191, 72
1_Row_Opposing, 7.3368, 171, 72
1_Row_Opposing, 7.3426, 189, 72
1_Row_Opposing, 7.3478, 172, 72
1_Row_Opposing, 7.3536, 188, 72
1_Row_Opposing, 7.3591, 173, 72
1_Row_Opposing, 7.3648, 181, 72
1_Row_Opposing, 7.3702, 174, 72
1_Row_Opposing, 7.3759, 188, 72
1_Row_Opposing, 7.3812, 172, 72
1_Row_Opposing, 7.3870, 189, 72
1_Row_Opposing, 7.3923, 173, 72
1_Row_Opposing, 7.3981, 188, 72
1_Row_Opposing, 7.4034, 171, 72
1_Row_Opposing, 7.4093, 187, 72
1_Row_Opposing, 7.4145, 172, 72
1_Row_Opposing, 7.4202, 191, 72
1_Row_Opposing, 7.4256, 173, 72
1_Row_Opposing, 7.4314, 185, 72
1_Row_Opposing, 7.4368, 174, 72
1_Row_Opposing, 7.4425, 184, 72
1_Row_Opposing, 7.4479, 175, 72
1_Row_Opposing, 7.4536, 185, 72
1_Row_Opposing, 7.4590, 173, 72
1_Row_Opposing, 7.4648, 186, 72
1_Row_Opposing, 7.4701, 170, 72
1_Row_Opposing, 7.4758, 191, 72
1_Row_Opposing, 7.4812, 174, 72
1_Row_Opposing, 7.4869, 184, 72
1_Row_Opposing, 7.4923, 177, 72
1_Row_Opposing, 7.4981, 185, 72
1_Row_Opposing, 7.5034, 173, 72
1_Row_Opposing, 7.5091, 186, 72
1_Row_Opposing, 7.5146, 176, 72
1_Row_Opposing, 7.5204, 181, 72
1_Row_Opposing, 7.5257, 174, 72
1_Row_Opposing, 7.5314, 186, 72
1_Row_Opposing, 7.5368, 173, 72
1_Row_Opposing, 7.5425, 188, 72
1_Row_Opposing, 7.5479, 174, 72
1_Row_Opposing, 7.5537, 186, 72
1_Row_Opposing, 7.5589, 170, 72
1_Row_Opposing, 7.5647, 193, 72
1_Row_Opposing, 7.5701, 171, 72
1_Row_Opposing, 7.5759, 185, 72
1_Row_Opposing, 7.5812, 172, 72
1_Row_Opposing, 7.5870, 191, 72
1_Row_Opposing, 7.5923, 157, 72
1_Row_Opposing, 7.5981, 210, 72
1_Row_Opposing, 7.6034, 168, 72
1_Row_Opposing, 7.6092, 191, 72
1_Row_Opposing, 7.6145, 171, 72
1_Row_Opposing, 7.6203, 188, 72
1_Row_Opposing, 7.6257, 173, 72
1_Row_Opposing, 7.6314, 186, 72
1_Row_Opposing, 7.6367, 174, 72
1_Row_Opposing, 7.6425, 186, 72
1_Row_Opposing, 7.6479, 172, 72
1_Row_Opposing, 7.6536, 186, 72
1_Row_Opposing, 7.6590, 174, 72
1_Row_Opposing, 7.6649, 186, 72
1_Row_Opposing, 7.6701, 167, 72
1_Row_Opposing, 7.6759, 193, 72
1_Row_Opposing, 7.6812, 174, 72
1_Row_Opposing, 7.6870, 189, 72
1_Row_Opposing, 7.6923, 170, 72
1_Row_Opposing, 7.6981, 191, 72
1_Row_Opposing, 7.7034, 169, 72
1_Row_Opposing, 7.7093, 189, 72
1_Row_Opposing, 7.7146, 171, 72
1_Row_Opposing, 7.7203, 185, 72
1_Row_Opposing, 7.7257, 179, 72
1_Row_Opposing, 7.7315, 183, 72
1_Row_Opposing, 7.7368, 170, 72
1_Row_Opposing, 7.7425, 190, 72
1_Row_Opposing, 7.7479, 173, 72
1_Row_Opposing, 7.7537, 188, 72
1_Row_Opposing, 7.7590, 172, 72
1_Row_Opposing, 7.7647, 187, 72
1_Row_Opposing, 7.7702, 170, 72
1_Row_Opposing, 7.7759, 189, 72
1_Row_Opposing, 7.7811, 177, 72
1_Row_Opposing, 7.7869, 189, 72
1_Row_Opposing, 7.7923, 172, 72
1_Row_Opposing, 7.7981, 185, 72
1_Row_Opposing, 7.8034, 172, 72
1_Row_Opposing, 7.8091, 185, 72
1_Row_Opposing, 7.8145, 176, 72
1_Row_Opposing, 7.8203, 187, 72
1_Row_Opposing, 7.8256, 173, 72
1_Row_Opposing, 7.8315, 184, 72
1_Row_Opposing, 7.8368, 172, 72
1_Row_Opposing, 7.8425, 189, 72
1_Row_Opposing, 7.8479, 175, 72
1_Row_Opposing, 7.8537, 184, 72
1_Row_Opposing, 7.8590, 173, 72
1_Row_Opposing, 7.8648, 187, 72
1_Row_Opposing, 7.8701, 170, 72
1_Row_Opposing, 7.8759, 189, 72
1_Row_Opposing, 7.8812, 171, 72
1_Row_Opposing, 7.8870, 188, 72
1_Row_Opposing, 7.8924, 175, 72
1_Row_Opposing, 7.8982, 183, 72
1_Row_Opposing, 7.9035, 172, 72
1_Row_Opposing, 7.9092, 188, 72
1_Row_Opposing, 7.9146, 175, 72
1_Row_Opposing, 7.9203, 185, 72
1_Row_Opposing, 7.9256, 177, 72
1_Row_Opposing, 7.9315, 185, 72
1_Row_Opposing, 7.9368, 170, 72
1_Row_Opposing, 7.9426, 186, 72
1_Row_Opposing, 7.9479, 173, 72
1_Row_Opposing, 7.9537, 189, 72
1_Row_Opposing, 7.9591, 173, 72
1_Row_Opposing, 7.9650, 184, 72
1_Row_Opposing, 7.9701, 168, 72
1_Row_Opposing, 7.9759, 194, 72
1_Row_Opposing, 7.9813, 173, 72
1_Row_Opposing, 7.9870, 185, 72
1_Row_Opposing, 7.9924, 175, 72
1_Row_Opposing, 7.9981, 185, 72
1_Row_Opposing, 8.0034, 176, 72
1_Row_Opposing, 8.0093, 184, 72
1_Row_Opposing, 8.0145, 170, 72
1_Row_Opposing, 8.0203, 191, 72
1_Row_Opposing, 8.0257, 174, 72
1_Row_Opposing, 8.0315, 183, 72
1_Row_Opposing, 8.0368, 171, 72
1_Row_Opposing, 8.0426, 191, 72
1_Row_Opposing, 8.0479, 171, 72
1_Row_Opposing, 8.0537, 186, 72
1_Row_Opposing, 8.0590, 174, 72
1_Row_Opposing, 8.0647, 187, 72
1_Row_Opposing, 8.0701, 174, 72
1_Row_Opposing, 8.0759, 188, 72
1_Row_Opposing, 8.0812, 173, 72
1_Row_Opposing, 8.0869, 184, 72
1_Row_Opposing, 8.0923, 176, 72
1_Row_Opposing, 8.0980, 185, 72
1_Row_Opposing, 8.1034, 175, 72
1_Row_Opposing, 8.1092, 183, 72
1_Row_Opposing, 8.1145, 176, 72
1_Row_Opposing, 8.1203, 184, 72
1_Row_Opposing, 8.1256, 173, 72
1_Row_Opposing, 8.1314, 190, 72
1_Row_Opposing, 8.1367, 168, 72
1_Row_Opposing, 8.1425, 190, 72
1_Row_Opposing, 8.1478, 172, 72
1_Row_Opposing, 8.1536, 191, 72
1_Row_Opposing, 8.1590, 170, 72
1_Row_Opposing, 8.1647, 186, 72
1_Row_Opposing, 8.1700, 171, 72
1_Row_Opposing, 8.1759, 192, 72
1_Row_Opposing, 8.1812, 170, 72
1_Row_Opposing, 8.1869, 190, 72
1_Row_Opposing, 8.1923, 173, 72
1_Row_Opposing, 8.1980, 187, 72
1_Row_Opposing, 8.2034, 169, 72
1_Row_Opposing, 8.2091, 189, 72
1_Row_Opposing, 8.2145, 175, 72
1_Row_Opposing, 8.2203, 185, 72
1_Row_Opposing, 8.2256, 175, 72
1_Row_Opposing, 8.2314, 188, 72
1_Row_Opposing, 8.2367, 168, 72
1_Row_Opposing, 8.2425, 190, 72
1_Row_Opposing, 8.2478, 174, 72
1_Row_Opposing, 8.2536, 188, 72
1_Row_Opposing, 8.2589, 173, 72
1_Row_Opposing, 8.2648, 185, 72
1_Row_Opposing, 8.2700, 167, 72
1_Row_Opposing, 8.2759, 194, 72
1_Row_Opposing, 8.2812, 170, 72
1_Row_Opposing, 8.2869, 187, 72
1_Row_Opposing, 8.2923, 177, 72
1_Row_Opposing, 8.2982, 183, 72
1_Row_Opposing, 8.3034, 170, 72
1_Row_Opposing, 8.3091, 191, 72
1_Row_Opposing, 8.3145, 175, 72
1_Row_Opposing, 8.3202, 183, 72
1_Row_Opposing, 8.3256, 176, 72
1_Row_Opposing, 8.3313, 185, 72
1_Row_Opposing, 8.3368, 173, 72
1_Row_Opposing, 8.3425, 185, 72
1_Row_Opposing, 8.3479, 175, 72
1_Row_Opposing, 8.3537, 187, 72
1_Row_Opposing, 8.3590, 169, 72
1_Row_Opposing, 8.3647, 189, 72
1_Row_Opposing, 8.3702, 174, 72
1_Row_Opposing, 8.3759, 182, 72
1_Row_Opposing, 8.3812, 176, 72
1_Row_Opposing, 8.3870, 187, 72
1_Row_Opposing, 8.3923, 170, 72
1_Row_Opposing, 8.3981, 192, 72
1_Row_Opposing, 8.4034, 169, 72
1_Row_Opposing, 8.4093, 189, 72
1_Row_Opposing, 8.4146, 168, 72
1_Row_Opposing, 8.4203, 191, 72
1_Row_Opposing, 8.4257, 175, 72
1_Row_Opposing, 8.4315, 184, 72
1_Row_Opposing, 8.4368, 172, 72
1_Row_Opposing, 8.4426, 189, 72
1_Row_Opposing, 8.4479, 168, 72
1_Row_Opposing, 8.4536, 192, 72
1_Row_Opposing, 8.4590, 171, 72
1_Row_Opposing, 8.4648, 185, 72
1_Row_Opposing, 8.4701, 172, 72
1_Row_Opposing, 8.4759, 188, 72
1_Row_Opposing, 8.4812, 172, 72
1_Row_Opposing, 8.4869, 190, 72
1_Row_Opposing, 8.4923, 173, 72
1_Row_Opposing, 8.4981, 185, 72
1_Row_Opposing, 8.5035, 174, 72
1_Row_Opposing, 8.5092, 184, 72
1_Row_Opposing, 8.5146, 176, 72
1_Row_Opposing, 8.5203, 185, 72
1_Row_Opposing, 8.5257, 173, 72
1_Row_Opposing, 8.5315, 185, 72
1_Row_Opposing, 8.5367, 174, 72
1_Row_Opposing, 8.5426, 188, 72
1_Row_Opposing, 8.5479, 171, 72
1_Row_Opposing, 8.5551, 186, 72
1_Row_Opposing, 8.5590, 141, 72
1_Row_Opposing, 8.5649, 257, 72
1_Row_Opposing, 8.5701, 168, 72
1_Row_Opposing, 8.5760, 189, 72
1_Row_Opposing, 8.5812, 171, 72
1_Row_Opposing, 8.5870, 192, 72
1_Row_Opposing, 8.5924, 171, 72
1_Row_Opposing, 8.5981, 185, 72
1_Row_Opposing, 8.6035, 177, 72
1_Row_Opposing, 8.6092, 181, 72
1_Row_Opposing, 8.6145, 176, 72
1_Row_Opposing, 8.6203, 186, 72
1_Row_Opposing, 8.6256, 174, 72
1_Row_Opposing, 8.6314, 187, 72
1_Row_Opposing, 8.6368, 173, 72
1_Row_Opposing, 8.6425, 184, 72
1_Row_Opposing, 8.6479, 174, 72
1_Row_Opposing, 8.6536, 187, 72
1_Row_Opposing, 8.6589, 173, 72
1_Row_Opposing, 8.6648, 188, 72
1_Row_Opposing, 8.6700, 170, 72
1_Row_Opposing, 8.6758, 190, 72
1_Row_Opposing, 8.6812, 172, 72
1_Row_Opposing, 8.6870, 187, 72
1_Row_Opposing, 8.6923, 171, 72
1_Row_Opposing, 8.6980, 191, 72
1_Row_Opposing, 8.7034, 172, 72
1_Row_Opposing, 8.7091, 183, 72
1_Row_Opposing, 8.7145, 176, 72
1_Row_Opposing, 8.7202, 184, 72
1_Row_Opposing, 8.7257, 176, 72
1_Row_Opposing, 8.7313, 182, 72
1_Row_Opposing, 8.7368, 177, 72
1_Row_Opposing, 8.7424, 183, 72
1_Row_Opposing, 8.7479, 176, 72
1_Row_Opposing, 8.7536, 183, 72
1_Row_Opposing, 8.7589, 175, 72
1_Row_Opposing, 8.7647, 186, 72
1_Row_Opposing, 8.7702, 173, 72
1_Row_Opposing, 8.7760, 182, 72
1_Row_Opposing, 8.7812, 172, 72
1_Row_Opposing, 8.7870, 191, 72
1_Row_Opposing, 8.7923, 174, 72
1_Row_Opposing, 8.7981, 186, 72
1_Row_Opposing, 8.8035, 173, 72
1_Row_Opposing, 8.8094, 185, 72
1_Row_Opposing, 8.8146, 169, 72
1_Row_Opposing, 8.8204, 190, 72
1_Row_Opposing, 8.8257, 172, 72
1_Row_Opposing, 8.8315, 188, 72
1_Row_Opposing, 8.8368, 171, 72
1_Row_Opposing, 8.8426, 188, 72
1_Row_Opposing, 8.8478, 171, 72
1_Row_Opposing, 8.8536, 191, 72
1_Row_Opposing, 8.8591, 173, 72
1_Row_Opposing, 8.8648, 182, 72
1_Row_Opposing, 8.8701, 176, 72
1_Row_Opposing, 8.8759, 187, 72
1_Row_Opposing, 8.8812, 174, 72
1_Row_Opposing, 8.8870, 185, 72
1_Row_Opposing, 8.8923, 174, 72
1_Row_Opposing, 8.8981, 185, 72
1_Row_Opposing, 8.9035, 172, 72
1_Row_Opposing, 8.9092, 188, 72
1_Row_Opposing, 8.9145, 176, 72
1_Row_Opposing, 8.9204, 184, 72
1_Row_Opposing, 8.9256, 171, 72
1_Row_Opposing, 8.9314, 190, 72
1_Row_Opposing, 8.9367, 175, 72
1_Row_Opposing, 8.9426, 186, 72
1_Row_Opposing, 8.9478, 169, 72
1_Row_Opposing, 8.9538, 191, 72
1_Row_Opposing, 8.9590, 165, 72
1_Row_Opposing, 8.9649, 191, 72
1_Row_Opposing, 8.9701, 170, 72
1_Row_Opposing, 8.9759, 191, 72
1_Row_Opposing, 8.9812, 173, 72
1_Row_Opposing, 8.9870, 187, 72
1_Row_Opposing, 8.9923, 172, 72
1_Row_Opposing, 8.9981, 189, 72
1_Row_Opposing, 9.0035, 171, 72
1_Row_Opposing, 9.0092, 186, 72
1_Row_Opposing, 9.0146, 174, 72
1_Row_Opposing, 9.0204, 187, 72
1_Row_Opposing, 9.0256, 171, 72
1_Row_Opposing, 9.0314, 192, 72
1_Row_Opposing, 9.0368, 171, 72
1_Row_Opposing, 9.0426, 186, 72
1_Row_Opposing, 9.0479, 171, 72
1_Row_Opposing, 9.0537, 188, 72
1_Row_Opposing, 9.0589, 172, 72
1_Row_Opposing, 9.0647, 190, 72
1_Row_Opposing, 9.0701, 175, 72
1_Row_Opposing, 9.0759, 184, 72
1_Row_Opposing, 9.0812, 172, 72
1_Row_Opposing, 9.0871, 187, 72
1_Row_Opposing, 9.0923, 170, 72
1_Row_Opposing, 9.0980, 190, 72
1_Row_Opposing, 9.1034, 175, 72
1_Row_Opposing, 9.1092, 188, 72
1_Row_Opposing, 9.1145, 168, 72
1_Row_Opposing, 9.1203, 193, 72
1_Row_Opposing, 9.1256, 170, 72
1_Row_Opposing, 9.1314, 187, 72
1_Row_Opposing, 9.1368, 174, 72
1_Row_Opposing, 9.1426, 184, 72
1_Row_Opposing, 9.1479, 171, 72
1_Row_Opposing, 9.1537, 188, 72
1_Row_Opposing, 9.1589, 172, 72
1_Row_Opposing, 9.1649, 191, 72
1_Row_Opposing, 9.1701, 169, 72
1_Row_Opposing, 9.1760, 191, 72
1_Row_Opposing, 9.1812, 168, 72
1_Row_Opposing, 9.1869, 190, 72
1_Row_Opposing, 9.1923, 176, 72
1_Row_Opposing, 9.1982, 183, 72
1_Row_Opposing, 9.2034, 172, 72
1_Row_Opposing, 9.2093, 190, 72
1_Row_Opposing, 9.2145, 170, 72
1_Row_Opposing, 9.2203, 190, 72
1_Row_Opposing, 9.2257, 172, 72
1_Row_Opposing, 9.2314, 186, 72
1_Row_Opposing, 9.2368, 175, 72
1_Row_Opposing, 9.2425, 186, 72
1_Row_Opposing, 9.2479, 173, 72
1_Row_Opposing, 9.2536, 186, 72
1_Row_Opposing, 9.2590, 173, 72
1_Row_Opposing, 9.2648, 187, 72
1_Row_Opposing, 9.2701, 172, 72
1_Row_Opposing, 9.2759, 188, 72
1_Row_Opposing, 9.2812, 172, 72
1_Row_Opposing, 9.2870, 188, 72
1_Row_Opposing, 9.2923, 170, 72
1_Row_Opposing, 9.2980, 189, 72
1_Row_Opposing, 9.3034, 176, 72
1_Row_Opposing, 9.3092, 182, 72
1_Row_Opposing, 9.3145, 173, 72
1_Row_Opposing, 9.3203, 189, 72
1_Row_Opposing, 9.3256, 171, 72
1_Row_Opposing, 9.3314, 190, 72
1_Row_Opposing, 9.3367, 171, 72
1_Row_Opposing, 9.3425, 191, 72
1_Row_Opposing, 9.3478, 171, 72
1_Row_Opposing, 9.3537, 188, 72
1_Row_Opposing, 9.3590, 169, 72
1_Row_Opposing, 9.3648, 189, 72
1_Row_Opposing, 9.3702, 172, 72
1_Row_Opposing, 9.3759, 184, 72
1_Row_Opposing, 9.3812, 173, 72
1_Row_Opposing, 9.3870, 189, 72
1_Row_Opposing, 9.3923, 171, 72
1_Row_Opposing, 9.3981, 188, 72
1_Row_Opposing, 9.4036, 173, 72
1_Row_Opposing, 9.4093, 179, 72
1_Row_Opposing, 9.4145, 178, 72
1_Row_Opposing, 9.4204, 191, 72
1_Row_Opposing, 9.4256, 169, 72
1_Row_Opposing, 9.4315, 192, 72
1_Row_Opposing, 9.4368, 169, 72
1_Row_Opposing, 9.4425, 187, 72
1_Row_Opposing, 9.4479, 174, 72
1_Row_Opposing, 9.4537, 185, 72
1_Row_Opposing, 9.4590, 173, 72
1_Row_Opposing, 9.4648, 186, 72
1_Row_Opposing, 9.4700, 172, 72
1_Row_Opposing, 9.4759, 191, 72
1_Row_Opposing, 9.4812, 172, 72
1_Row_Opposing, 9.4870, 186, 72
1_Row_Opposing, 9.4923, 172, 72
1_Row_Opposing, 9.4981, 186, 72
1_Row_Opposing, 9.5034, 174, 72
1_Row_Opposing, 9.5093, 186, 72
1_Row_Opposing, 9.5145, 171, 72
1_Row_Opposing, 9.5203, 189, 72
1_Row_Opposing, 9.5257, 172, 72
1_Row_Opposing, 9.5314, 186, 72
1_Row_Opposing, 9.5368, 173, 72
1_Row_Opposing, 9.5426, 187, 72
1_Row_Opposing, 9.5479, 171, 72
1_Row_Opposing, 9.5537, 190, 72
1_Row_Opposing, 9.5590, 172, 72
1_Row_Opposing, 9.5648, 188, 72
1_Row_Opposing, 9.5701, 172, 72
1_Row_Opposing, 9.5758, 189, 72
1_Row_Opposing, 9.5812, 174, 72
1_Row_Opposing, 9.5870, 185, 72
1_Row_Opposing, 9.5923, 173, 72
1_Row_Opposing, 9.5981, 187, 72
1_Row_Opposing, 9.6035, 171, 72
1_Row_Opposing, 9.6092, 186, 72
1_Row_Opposing, 9.6145, 176, 72
1_Row_Opposing, 9.6203, 190, 72
1_Row_Opposing, 9.6256, 171, 72
1_Row_Opposing, 9.6314, 187, 72
1_Row_Opposing, 9.6368, 175, 72
1_Row_Opposing, 9.6426, 183, 72
1_Row_Opposing, 9.6478, 173, 72
1_Row_Opposing, 9.6537, 188, 72
1_Row_Opposing, 9.6590, 171, 72
1_Row_Opposing, 9.6647, 187, 72
1_Row_Opposing, 9.6701, 176, 72
1_Row_Opposing, 9.6760, 184, 72
1_Row_Opposing, 9.6812, 168, 72
1_Row_Opposing, 9.6870, 194, 72
1_Row_Opposing, 9.6923, 169, 72
1_Row_Opposing, 9.6981, 191, 72
1_Row_Opposing, 9.7034, 170, 72
1_Row_Opposing, 9.7092, 189, 72
1_Row_Opposing, 9.7145, 172, 72
1_Row_Opposing, 9.7203, 187, 72
1_Row_Opposing, 9.7256, 173, 72
1_Row_Opposing, 9.7314, 190, 72
1_Row_Opposing, 9.7368, 171, 72
1_Row_Opposing, 9.7425, 184, 72
1_Row_Opposing, 9.7478, 174, 72
1_Row_Opposing, 9.7536, 188, 72
1_Row_Opposing, 9.7590, 173, 72
1_Row_Opposing, 9.7647, 184, 72
1_Row_Opposing, 9.7701, 173, 72
1_Row_Opposing, 9.7758, 187, 72
1_Row_Opposing, 9.7812, 173, 72
1_Row_Opposing, 9.7870, 186, 72
1_Row_Opposing, 9.7922, 172, 72
1_Row_Opposing, 9.7981, 191, 72
1_Row_Opposing, 9.8034, 169, 72
1_Row_Opposing, 9.8092, 190, 72
1_Row_Opposing, 9.8145, 171, 72
1_Row_Opposing, 9.8202, 190, 72
1_Row_Opposing, 9.8256, 173, 72
1_Row_Opposing, 9.8314, 184, 72
1_Row_Opposing, 9.8368, 176, 72
1_Row_Opposing, 9.8425, 186, 72
1_Row_Opposing, 9.8478, 172, 72
1_Row_Opposing, 9.8536, 187, 72
1_Row_Opposing, 9.8590, 175, 72
1_Row_Opposing, 9.8647, 182, 72
1_Row_Opposing, 9.8701, 178, 72
1_Row_Opposing, 9.8758, 182, 72
1_Row_Opposing, 9.8812, 175, 72
1_Row_Opposing, 9.8870, 185, 72
1_Row_Opposing, 9.8922, 172, 72
1_Row_Opposing, 9.8981, 189, 72
1_Row_Opposing, 9.9034, 170, 72
1_Row_Opposing, 9.9092, 189, 72
1_Row_Opposing, 9.9145, 171, 72
1_Row_Opposing, 9.9202, 190, 72
1_Row_Opposing, 9.9256, 173, 72
1_Row_Opposing, 9.9314, 187, 72
1_Row_Opposing, 9.9367, 171, 72
1_Row_Opposing, 9.9425, 191, 72
1_Row_Opposing, 9.9478, 169, 72
1_Row_Opposing, 9.9537, 188, 72
1_Row_Opposing, 9.9591, 172, 72
1_Row_Opposing, 9.9649, 182, 72
1_Row_Opposing, 9.9701, 174, 72
1_Row_Opposing, 9.9758, 189, 72
1_Row_Opposing, 9.9812, 177, 72
1_Row_Opposing, 9.9870, 182, 72
1_Row_Opposing, 9.9922, 175, 72
1_Row_Opposing, 9.9980, 187, 72
1_Row_Opposing, 10.0034, 173, 72
1_Row_Opposing, 10.0091, 186, 72
1_Row_Opposing, 10.0145, 173, 72
1_Row_Opposing, 10.0204, 186, 72
1_Row_Opposing, 10.0256, 171, 72
1_Row_Opposing, 10.0314, 191, 72
1_Row_Opposing, 10.0368, 170, 72
1_Row_Opposing, 10.0425, 189, 72
1_Row_Opposing, 10.0479, 174, 72
1_Row_Opposing, 10.0536, 186, 72
1_Row_Opposing, 10.0590, 173, 72
1_Row_Opposing, 10.0647, 187, 72
1_Row_Opposing, 10.0701, 173, 72
1_Row_Opposing, 10.0759, 184, 72
1_Row_Opposing, 10.0812, 172, 72
1_Row_Opposing, 10.0870, 188, 72
1_Row_Opposing, 10.0923, 171, 72
1_Row_Opposing, 10.0980, 189, 72
1_Row_Opposing, 10.1034, 174, 72
1_Row_Opposing, 10.1092, 183, 72
1_Row_Opposing, 10.1145, 175, 72
1_Row_Opposing, 10.1202, 187, 72
1_Row_Opposing, 10.1256, 175, 72
1_Row_Opposing, 10.1314, 183, 72
1_Row_Opposing, 10.1367, 172, 72
1_Row_Opposing, 10.1425, 189, 72
1_Row_Opposing, 10.1479, 174, 72
1_Row_Opposing, 10.1537, 185, 72
1_Row_Opposing, 10.1589, 172, 72
1_Row_Opposing, 10.1649, 190, 72
1_Row_Opposing, 10.1701, 167, 72
1_Row_Opposing, 10.1759, 192, 72
1_Row_Opposing, 10.1812, 171, 72
1_Row_Opposing, 10.1870, 191, 72
1_Row_Opposing, 10.1923, 171, 72
1_Row_Opposing, 10.1981, 187, 72
1_Row_Opposing, 10.2034, 173, 72
1_Row_Opposing, 10.2092, 186, 72
1_Row_Opposing, 10.2145, 173, 72
1_Row_Opposing, 10.2203, 187, 72
1_Row_Opposing, 10.2256, 174, 72
1_Row_Opposing, 10.2313, 187, 72
1_Row_Opposing, 10.2368, 175, 72
1_Row_Opposing, 10.2424, 183, 72
1_Row_Opposing, 10.2479, 176, 72
1_Row_Opposing, 10.2536, 180, 72
1_Row_Opposing, 10.2590, 177, 72
1_Row_Opposing, 10.2648, 184, 72
1_Row_Opposing, 10.2701, 172, 72
1_Row_Opposing, 10.2759, 188, 72
1_Row_Opposing, 10.2812, 170, 72
1_Row_Opposing, 10.2869, 190, 72
1_Row_Opposing, 10.2923, 175, 72
1_Row_Opposing, 10.2982, 184, 72
1_Row_Opposing, 10.3034, 171, 72
1_Row_Opposing, 10.3093, 192, 72
1_Row_Opposing, 10.3145, 170, 72
1_Row_Opposing, 10.3204, 190, 72
1_Row_Opposing, 10.3257, 171, 72
1_Row_Opposing, 10.3314, 186, 72
1_Row_Opposing, 10.3367, 176, 72
1_Row_Opposing, 10.3426, 186, 72
1_Row_Opposing, 10.3479, 171, 72
1_Row_Opposing, 10.3536, 186, 72
1_Row_Opposing, 10.3591, 177, 72
1_Row_Opposing, 10.3647, 180, 72
1_Row_Opposing, 10.3701, 178, 72
1_Row_Opposing, 10.3759, 185, 72
1_Row_Opposing, 10.3812, 174, 72
1_Row_Opposing, 10.3870, 187, 72
1_Row_Opposing, 10.3923, 171, 72
1_Row_Opposing, 10.3980, 190, 72
1_Row_Opposing, 10.4034, 173, 72
1_Row_Opposing, 10.4092, 185, 72
1_Row_Opposing, 10.4145, 174, 72
1_Row_Opposing, 10.4203, 188, 72
1_Row_Opposing, 10.4256, 170, 72
1_Row_Opposing, 10.4314, 190, 72
1_Row_Opposing, 10.4367, 170, 72
1_Row_Opposing, 10.4425, 188, 72
1_Row_Opposing, 10.4479, 172, 72
1_Row_Opposing, 10.4536, 187, 72
1_Row_Opposing, 10.4590, 173, 72
1_Row_Opposing, 10.4648, 186, 72
1_Row_Opposing, 10.4701, 172, 72
1_Row_Opposing, 10.4759, 188, 72
1_Row_Opposing, 10.4812, 173, 72
1_Row_Opposing, 10.4869, 186, 72
1_Row_Opposing, 10.4923, 174, 72
1_Row_Opposing, 10.4980, 187, 72
1_Row_Opposing, 10.5034, 173, 72
1_Row_Opposing, 10.5091, 185, 72
1_Row_Opposing, 10.5145, 176, 72
1_Row_Opposing, 10.5203, 183, 72
1_Row_Opposing, 10.5257, 173, 72
1_Row_Opposing, 10.5314, 185, 72
1_Row_Opposing, 10.5368, 175, 72
1_Row_Opposing, 10.5425, 185, 72
1_Row_Opposing, 10.5478, 174, 72
1_Row_Opposing, 10.5537, 187, 72
1_Row_Opposing, 10.5590, 170, 72
1_Row_Opposing, 10.5647, 189, 72
1_Row_Opposing, 10.5701, 175, 72
1_Row_Opposing, 10.5759, 185, 72
1_Row_Opposing, 10.5812, 171, 72
1_Row_Opposing, 10.5869, 192, 72
1_Row_Opposing, 10.5923, 171, 72
1_Row_Opposing, 10.5981, 185, 72
1_Row_Opposing, 10.6034, 172, 72
1_Row_Opposing, 10.6091, 187, 72
1_Row_Opposing, 10.6145, 175, 72
1_Row_Opposing, 10.6202, 184, 72
1_Row_Opposing, 10.6256, 175, 72
1_Row_Opposing, 10.6314, 186, 72
1_Row_Opposing, 10.6368, 172, 72
1_Row_Opposing, 10.6425, 186, 72
1_Row_Opposing, 10.6479, 173, 72
1_Row_Opposing, 10.6536, 185, 72
1_Row_Opposing, 10.6590, 175, 72
1_Row_Opposing, 10.6647, 185, 72
1_Row_Opposing, 10.6701, 177, 72
1_Row_Opposing, 10.6759, 184, 72
1_Row_Opposing, 10.6812, 172, 72
1_Row_Opposing, 10.6870, 187, 72
1_Row_Opposing, 10.6923, 173, 72
1_Row_Opposing, 10.6982, 188, 72
1_Row_Opposing, 10.7033, 169, 72
1_Row_Opposing, 10.7092, 194, 72
1_Row_Opposing, 10.7145, 170, 72
1_Row_Opposing, 10.7203, 187, 72
1_Row_Opposing, 10.7256, 174, 72
1_Row_Opposing, 10.7313, 189, 72
1_Row_Opposing, 10.7368, 174, 72
1_Row_Opposing, 10.7426, 181, 72
1_Row_Opposing, 10.7479, 172, 72
1_Row_Opposing, 10.7536, 187, 72
1_Row_Opposing, 10.7590, 173, 72
1_Row_Opposing, 10.7648, 187, 72
1_Row_Opposing, 10.7701, 171, 72
1_Row_Opposing, 10.7759, 190, 72
1_Row_Opposing, 10.7812, 172, 72
1_Row_Opposing, 10.7870, 188, 72
1_Row_Opposing, 10.7923, 173, 72
1_Row_Opposing, 10.7980, 186, 72
1_Row_Opposing, 10.8034, 175, 72
1_Row_Opposing, 10.8092, 185, 72
1_Row_Opposing, 10.8145, 172, 72
1_Row_Opposing, 10.8202, 186, 72
1_Row_Opposing, 10.8271, 174, 72
1_Row_Opposing, 10.8315, 145, 72
1_Row_Opposing, 10.8367, 229, 72
1_Row_Opposing, 10.8426, 190, 72
1_Row_Opposing, 10.8479, 170, 72
1_Row_Opposing, 10.8536, 189, 72
1_Row_Opposing, 10.8590, 176, 72
1_Row_Opposing, 10.8647, 184, 72
1_Row_Opposing, 10.8701, 175, 72
1_Row_Opposing, 10.8759, 184, 72
1_Row_Opposing, 10.8812, 172, 72
1_Row_Opposing, 10.8870, 189, 72
1_Row_Opposing, 10.8923, 170, 72
1_Row_Opposing, 10.8982, 189, 72
1_Row_Opposing, 10.9034, 172, 72
1_Row_Opposing, 10.9093, 188, 72
1_Row_Opposing, 10.9145, 171, 72
1_Row_Opposing, 10.9202, 191, 72
1_Row_Opposing, 10.9256, 173, 72
1_Row_Opposing, 10.9313, 187, 72
1_Row_Opposing, 10.9367, 173, 72
1_Row_Opposing, 10.9424, 186, 72
1_Row_Opposing, 10.9478, 174, 72
1_Row_Opposing, 10.9538, 185, 72
1_Row_Opposing, 10.9591, 167, 72
1_Row_Opposing, 10.9648, 190, 72
1_Row_Opposing, 10.9701, 173, 72
1_Row_Opposing, 10.9758, 188, 72
1_Row_Opposing, 10.9811, 176, 72
1_Row_Opposing, 10.9870, 185, 72
1_Row_Opposing, 10.9923, 171, 72
1_Row_Opposing, 10.9981, 188, 72
1_Row_Opposing, 11.0034, 173, 72
1_Row_Opposing, 11.0092, 185, 72
1_Row_Opposing, 11.0145, 173, 72
1_Row_Opposing, 11.0203, 187, 72
1_Row_Opposing, 11.0256, 170, 72
1_Row_Opposing, 11.0314, 190, 72
1_Row_Opposing, 11.0368, 174, 72
1_Row_Opposing, 11.0426, 183, 72
1_Row_Opposing, 11.0479, 172, 72
1_Row_Opposing, 11.0537, 188, 72
1_Row_Opposing, 11.0590, 172, 72
1_Row_Opposing, 11.0648, 188, 72
1_Row_Opposing, 11.0701, 170, 72
1_Row_Opposing, 11.0759, 189, 72
1_Row_Opposing, 11.0812, 171, 72
1_Row_Opposing, 11.0870, 190, 72
1_Row_Opposing, 11.0923, 171, 72
1_Row_Opposing, 11.0981, 188, 72
1_Row_Opposing, 11.1034, 172, 72
1_Row_Opposing, 11.1092, 187, 72
1_Row_Opposing, 11.1145, 175, 72
1_Row_Opposing, 11.1203, 188, 72
1_Row_Opposing, 11.1256, 174, 72
1_Row_Opposing, 11.1314, 185, 72
1_Row_Opposing, 11.1368, 174, 72
1_Row_Opposing, 11.1426, 185, 72
1_Row_Opposing, 11.1479, 172, 72
1_Row_Opposing, 11.1537, 187, 72
1_Row_Opposing, 11.1590, 172, 72
1_Row_Opposing, 11.1648, 188, 72
1_Row_Opposing, 11.1701, 172, 72
1_Row_Opposing, 11.1759, 189, 72
1_Row_Opposing, 11.1812, 172, 72
1_Row_Opposing, 11.1872, 188, 72
1_Row_Opposing, 11.1924, 167, 72
1_Row_Opposing, 11.1982, 194, 72
1_Row_Opposing, 11.2035, 171, 72
1_Row_Opposing, 11.2092, 188, 72
1_Row_Opposing, 11.2146, 173, 72
1_Row_Opposing, 11.2204, 186, 72
1_Row_Opposing, 11.2257, 173, 72
1_Row_Opposing, 11.2314, 185, 72
1_Row_Opposing, 11.2368, 176, 72
1_Row_Opposing, 11.2427, 184, 72
1_Row_Opposing, 11.2479, 170, 72
1_Row_Opposing, 11.2536, 190, 72
1_Row_Opposing, 11.2590, 174, 72
1_Row_Opposing, 11.2648, 187, 72
1_Row_Opposing, 11.2701, 170, 72
1_Row_Opposing, 11.2758, 191, 72
1_Row_Opposing, 11.2812, 174, 72
1_Row_Opposing, 11.2871, 183, 72
1_Row_Opposing, 11.2923, 170, 72
1_Row_Opposing, 11.2982, 191, 72
1_Row_Opposing, 11.3034, 172, 72
1_Row_Opposing, 11.3092, 190, 72
1_Row_Opposing, 11.3146, 171, 72
1_Row_Opposing, 11.3203, 185, 72
1_Row_Opposing, 11.3256, 176, 72
1_Row_Opposing, 11.3315, 186, 72
1_Row_Opposing, 11.3367, 172, 72
1_Row_Opposing, 11.3425, 189, 72
1_Row_Opposing, 11.3479, 172, 72
1_Row_Opposing, 11.3536, 186, 72
1_Row_Opposing, 11.3590, 174, 72
1_Row_Opposing, 11.3647, 185, 72
1_Row_Opposing, 11.3701, 174, 72
1_Row_Opposing, 11.3759, 187, 72
1_Row_Opposing, 11.3812, 170, 72
1_Row_Opposing, 11.3870, 191, 72
1_Row_Opposing, 11.3923, 171, 72
1_Row_Opposing, 11.3981, 189, 72
1_Row_Opposing, 11.4034, 171, 72
1_Row_Opposing, 11.4092, 186, 72
1_Row_Opposing, 11.4145, 173, 72
1_Row_Opposing, 11.4204, 191, 72
1_Row_Opposing, 11.4257, 169, 72
1_Row_Opposing, 11.4315, 187, 72
1_Row_Opposing, 11.4368, 173, 72
1_Row_Opposing, 11.4427, 185, 72
1_Row_Opposing, 11.4479, 171, 72
1_Row_Opposing, 11.4537, 191, 72
1_Row_Opposing, 11.4590, 174, 72
1_Row_Opposing, 11.4648, 187, 72
1_Row_Opposing, 11.4701, 173, 72
1_Row_Opposing, 11.4759, 185, 72
1_Row_Opposing, 11.4812, 175, 72
1_Row_Opposing, 11.4869, 185, 72
1_Row_Opposing, 11.4922, 176, 72
1_Row_Opposing, 11.4981, 187, 72
1_Row_Opposing, 11.5034, 169, 72
1_Row_Opposing, 11.5092, 188, 72
1_Row_Opposing, 11.5145, 175, 72
1_Row_Opposing, 11.5203, 184, 72
1_Row_Opposing, 11.5256, 172, 72
1_Row_Opposing, 11.5315, 192, 72
1_Row_Opposing, 11.5367, 169, 72
1_Row_Opposing, 11.5425, 191, 72
1_Row_Opposing, 11.5479, 170, 72
1_Row_Opposing, 11.5537, 187, 72
1_Row_Opposing, 11.5590, 171, 72
1_Row_Opposing, 11.5648, 188, 72
1_Row_Opposing, 11.5701, 173, 72
1_Row_Opposing, 11.5759, 186, 72
1_Row_Opposing, 11.5812, 172, 72
1_Row_Opposing, 11.5870, 188, 72
1_Row_Opposing, 11.5923, 172, 72
1_Row_Opposing, 11.5981, 188, 72
1_Row_Opposing, 11.6034, 173, 72
1_Row_Opposing, 11.6092, 186, 72
1_Row_Opposing, 11.6145, 175, 72
1_Row_Opposing, 11.6205, 186, 72
1_Row_Opposing, 11.6257, 168, 72
1_Row_Opposing, 11.6316, 191, 72
1_Row_Opposing, 11.6368, 169, 72
1_Row_Opposing, 11.6425, 191, 72
1_Row_Opposing, 11.6479, 176, 72
1_Row_Opposing, 11.6537, 184, 72
1_Row_Opposing, 11.6590, 171, 72
1_Row_Opposing, 11.6648, 188, 72
1_Row_Opposing, 11.6701, 172, 72
1_Row_Opposing, 11.6758, 191, 72
1_Row_Opposing, 11.6812, 172, 72
1_Row_Opposing, 11.6871, 186, 72
1_Row_Opposing, 11.6923, 171, 72
1_Row_Opposing, 11.6980, 190, 72
1_Row_Opposing, 11.7034, 174, 72
1_Row_Opposing, 11.7092, 185, 72
1_Row_Opposing, 11.7146, 172, 72
1_Row_Opposing, 11.7203, 187, 72
1_Row_Opposing, 11.7257, 173, 72
1_Row_Opposing, 11.7314, 187, 72
1_Row_Opposing, 11.7368, 173, 72
1_Row_Opposing, 11.7426, 185, 72
1_Row_Opposing, 11.7479, 171, 72
1_Row_Opposing, 11.7537, 190, 72
1_Row_Opposing, 11.7590, 171, 72
1_Row_Opposing, 11.7647, 189, 72
1_Row_Opposing, 11.7701, 173, 72
1_Row_Opposing, 11.7758, 187, 72
1_Row_Opposing, 11.7811, 174, 72
1_Row_Opposing, 11.7870, 188, 72
1_Row_Opposing, 11.7923, 170, 72
1_Row_Opposing, 11.7981, 189, 72
1_Row_Opposing, 11.8035, 171, 72
1_Row_Opposing, 11.8093, 187, 72
1_Row_Opposing, 11.8145, 172, 72
1_Row_Opposing, 11.8204, 188, 72
1_Row_Opposing, 11.8257, 172, 72
1_Row_Opposing, 11.8314, 188, 72
1_Row_Opposing, 11.8368, 173, 72
1_Row_Opposing, 11.8425, 186, 72
1_Row_Opposing, 11.8479, 173, 72
1_Row_Opposing, 11.8536, 187, 72
1_Row_Opposing, 11.8590, 174, 72
1_Row_Opposing, 11.8648, 185, 72
1_Row_Opposing, 11.8701, 172, 72
1_Row_Opposing, 11.8758, 188, 72
1_Row_Opposing, 11.8811, 175, 72
1_Row_Opposing, 11.8871, 188, 72
1_Row_Opposing, 11.8923, 166, 72
1_Row_Opposing, 11.8982, 192, 72
1_Row_Opposing, 11.9034, 169, 72
1_Row_Opposing, 11.9092, 193, 72
1_Row_Opposing, 11.9145, 175, 72
1_Row_Opposing, 11.9204, 184, 72
1_Row_Opposing, 11.9256, 170, 72
1_Row_Opposing, 11.9315, 192, 72
1_Row_Opposing, 11.9368, 170, 72
1_Row_Opposing, 11.9426, 187, 72
1_Row_Opposing, 11.9479, 173, 72
1_Row_Opposing, 11.9538, 187, 72
1_Row_Opposing, 11.9590, 171, 72
1_Row_Opposing, 11.9649, 189, 72
1_Row_Opposing, 11.9701, 170, 72
1_Row_Opposing, 11.9759, 190, 72
1_Row_Opposing, 11.9813, 175, 72
1_Row_Opposing, 11.9870, 183, 72
1_Row_Opposing, 11.9924, 174, 72
1_Row_Opposing, 11.9982, 186, 72
1_Row_Opposing, 12.0035, 171, 72
1_Row_Opposing, 12.0092, 189, 72
1_Row_Opposing, 12.0145, 175, 72
1_Row_Opposing, 12.0204, 187, 72
1_Row_Opposing, 12.0257, 169, 72
1_Row_Opposing, 12.0315, 189, 72
1_Row_Opposing, 12.0368, 171, 72
1_Row_Opposing, 12.0427, 189, 72
1_Row_Opposing, 12.0479, 170, 72
1_Row_Opposing, 12.0538, 189, 72
1_Row_Opposing, 12.0591, 169, 72
1_Row_Opposing, 12.0648, 189, 72
1_Row_Opposing, 12.0701, 173, 72
1_Row_Opposing, 12.0760, 190, 72
1_Row_Opposing, 12.0812, 169, 72
1_Row_Opposing, 12.0870, 191, 72
1_Row_Opposing, 12.0923, 171, 72
1_Row_Opposing, 12.0981, 188, 72
1_Row_Opposing, 12.1035, 173, 72
1_Row_Opposing, 12.1092, 185, 72
1_Row_Opposing, 12.1146, 175, 72
1_Row_Opposing, 12.1204, 183, 72
1_Row_Opposing, 12.1257, 172, 72
1_Row_Opposing, 12.1315, 190, 72
1_Row_Opposing, 12.1368, 172, 72
1_Row_Opposing, 12.1425, 188, 72
1_Row_Opposing, 12.1479, 176, 72
1_Row_Opposing, 12.1537, 183, 72
1_Row_Opposing, 12.1589, 171, 72
1_Row_Opposing, 12.1648, 192, 72
1_Row_Opposing, 12.1701, 168, 72
1_Row_Opposing, 12.1758, 191, 72
1_Row_Opposing, 12.1812, 174, 72
1_Row_Opposing, 12.1870, 186, 72
1_Row_Opposing, 12.1923, 171, 72
1_Row_Opposing, 12.1980, 189, 72
1_Row_Opposing, 12.2034, 174, 72
1_Row_Opposing, 12.2092, 186, 72
1_Row_Opposing, 12.2146, 171, 72
1_Row_Opposing, 12.2203, 185, 72
1_Row_Opposing, 12.2257, 177, 72
1_Row_Opposing, 12.2314, 183, 72
1_Row_Opposing, 12.2368, 174, 72
1_Row_Opposing, 12.2426, 184, 72
1_Row_Opposing, 12.2478, 172, 72
1_Row_Opposing, 12.2537, 192, 72
1_Row_Opposing, 12.2590, 168, 72
1_Row_Opposing, 12.2647, 189, 72
1_Row_Opposing, 12.2701, 176, 72
1_Row_Opposing, 12.2759, 184, 72
1_Row_Opposing, 12.2812, 171, 72
1_Row_Opposing, 12.2871, 190, 72
1_Row_Opposing, 12.2923, 171, 72
1_Row_Opposing, 12.2982, 190, 72
1_Row_Opposing, 12.3035, 171, 72
1_Row_Opposing, 12.3092, 187, 72
1_Row_Opposing, 12.3145, 176, 72
1_Row_Opposing, 12.3204, 187, 72
1_Row_Opposing, 12.3256, 170, 72
1_Row_Opposing, 12.3314, 189, 72
1_Row_Opposing, 12.3367, 173, 72
1_Row_Opposing, 12.3425, 186, 72
1_Row_Opposing, 12.3479, 173, 72
1_Row_Opposing, 12.3537, 185, 72
1_Row_Opposing, 12.3590, 173, 72
1_Row_Opposing, 12.3648, 185, 72
1_Row_Opposing, 12.3701, 172, 72
1_Row_Opposing, 12.3759, 188, 72
1_Row_Opposing, 12.3812, 172, 72
1_Row_Opposing, 12.3871, 189, 72
1_Row_Opposing, 12.3923, 170, 72
1_Row_Opposing, 12.3982, 193, 72
1_Row_Opposing, 12.4034, 168, 72
1_Row_Opposing, 12.4093, 193, 72
1_Row_Opposing, 12.4145, 168, 72
1_Row_Opposing, 12.4204, 193, 72
1_Row_Opposing, 12.4256, 169, 72
1_Row_Opposing, 12.4315, 189, 72
1_Row_Opposing, 12.4368, 171, 72
1_Row_Opposing, 12.4426, 185, 72
1_Row_Opposing, 12.4478, 175, 72
1_Row_Opposing, 12.4536, 190, 72
1_Row_Opposing, 12.4589, 171, 72
1_Row_Opposing, 12.4647, 188, 72
1_Row_Opposing, 12.4701, 172, 72
1_Row_Opposing, 12.4758, 187, 72
1_Row_Opposing, 12.4812, 174, 72
1_Row_Opposing, 12.4869, 186, 72
1_Row_Opposing, 12.4923, 172, 72
1_Row_Opposing, 12.4981, 188, 72
1_Row_Opposing, 12.5034, 171, 72
1_Row_Opposing, 12.5091, 188, 72
1_Row_Opposing, 12.5145, 174, 72
1_Row_Opposing, 12.5202, 186, 72
1_Row_Opposing, 12.5256, 175, 72
1_Row_Opposing, 12.5313, 183, 72
1_Row_Opposing, 12.5368, 176, 72
1_Row_Opposing, 12.5424, 184, 72
1_Row_Opposing, 12.5478, 174, 72
1_Row_Opposing, 12.5536, 184, 72
1_Row_Opposing, 12.5590, 174, 72
1_Row_Opposing, 12.5648, 186, 72
1_Row_Opposing, 12.5701, 171, 72
1_Row_Opposing, 12.5758, 190, 72
1_Row_Opposing, 12.5811, 174, 72
1_Row_Opposing, 12.5870, 186, 72
1_Row_Opposing, 12.5923, 171, 72
1_Row_Opposing, 12.5981, 188, 72
1_Row_Opposing, 12.6034, 170, 72
1_Row_Opposing, 12.6093, 188, 72
1_Row_Opposing, 12.6145, 171, 72
1_Row_Opposing, 12.6204, 188, 72
1_Row_Opposing, 12.6256, 172, 72
1_Row_Opposing, 12.6313, 190, 72
1_Row_Opposing, 12.6367, 175, 72
1_Row_Opposing, 12.6425, 185, 72
1_Row_Opposing, 12.6478, 173, 72
1_Row_Opposing, 12.6536, 190, 72
1_Row_Opposing, 12.6589, 170, 72
1_Row_Opposing, 12.6647, 190, 72
1_Row_Opposing, 12.6700, 173, 72
1_Row_Opposing, 12.6759, 186, 72
1_Row_Opposing, 12.6812, 171, 72
1_Row_Opposing, 12.6870, 188, 72
1_Row_Opposing, 12.6922, 171, 72
1_Row_Opposing, 12.6980, 191, 72
1_Row_Opposing, 12.7034, 172, 72
1_Row_Opposing, 12.7092, 184, 72
1_Row_Opposing, 12.7145, 172, 72
1_Row_Opposing, 12.7203, 191, 72
1_Row_Opposing, 12.7256, 172, 72
1_Row_Opposing, 12.7314, 187, 72
1_Row_Opposing, 12.7368, 171, 72
1_Row_Opposing, 12.7426, 185, 72
1_Row_Opposing, 12.7478, 173, 72
1_Row_Opposing, 12.7537, 191, 72
1_Row_Opposing, 12.7590, 170, 72
1_Row_Opposing, 12.7648, 188, 72
1_Row_Opposing, 12.7701, 171, 72
1_Row_Opposing, 12.7759, 190, 72
1_Row_Opposing, 12.7812, 170, 72
1_Row_Opposing, 12.7870, 190, 72
1_Row_Opposing, 12.7923, 171, 72
1_Row_Opposing, 12.7980, 191, 72
1_Row_Opposing, 12.8034, 174, 72
1_Row_Opposing, 12.8093, 183, 72
1_Row_Opposing, 12.8145, 172, 72
1_Row_Opposing, 12.8202, 191, 72
1_Row_Opposing, 12.8256, 173, 72
1_Row_Opposing, 12.8314, 184, 72
1_Row_Opposing, 12.8367, 174, 72
1_Row_Opposing, 12.8425, 188, 72
1_Row_Opposing, 12.8479, 172, 72
1_Row_Opposing, 12.8536, 183, 72
1_Row_Opposing, 12.8590, 175, 72
1_Row_Opposing, 12.8647, 186, 72
1_Row_Opposing, 12.8701, 174, 72
1_Row_Opposing, 12.8759, 185, 72
1_Row_Opposing, 12.8812, 171, 72
1_Row_Opposing, 12.8870, 189, 72
1_Row_Opposing, 12.8923, 172, 72
1_Row_Opposing, 12.8981, 189, 72
1_Row_Opposing, 12.9034, 170, 72
1_Row_Opposing, 12.9092, 190, 72
1_Row_Opposing, 12.9145, 170, 72
1_Row_Opposing, 12.9203, 190, 72
1_Row_Opposing, 12.9256, 171, 72
1_Row_Opposing, 12.9313, 190, 72
1_Row_Opposing, 12.9368, 174, 72
1_Row_Opposing, 12.9426, 184, 72
1_Row_Opposing, 12.9479, 172, 72
1_Row_Opposing, 12.9537, 187, 72
1_Row_Opposing, 12.9591, 170, 72
1_Row_Opposing, 12.9648, 186, 72
1_Row_Opposing, 12.9701, 174, 72
1_Row_Opposing, 12.9758, 189, 72
1_Row_Opposing, 12.9811, 176, 72
1_Row_Opposing, 12.9870, 187, 72
1_Row_Opposing, 12.9923, 168, 72
1_Row_Opposing, 12.9981, 189, 72
1_Row_Opposing, 13.0034, 171, 72
1_Row_Opposing, 13.0092, 188, 72
1_Row_Opposing, 13.0145, 172, 72
1_Row_Opposing, 13.0202, 188, 72
1_Row_Opposing, 13.0256, 175, 72
1_Row_Opposing, 13.0313, 185, 72
1_Row_Opposing, 13.0367, 175, 72
1_Row_Opposing, 13.0424, 185, 72
1_Row_Opposing, 13.0478, 174, 72
1_Row_Opposing, 13.0537, 187, 72
1_Row_Opposing, 13.0590, 170, 72
1_Row_Opposing, 13.0647, 187, 72
1_Row_Opposing, 13.0701, 176, 72
1_Row_Opposing, 13.0759, 184, 72
1_Row_Opposing, 13.0812, 174, 72
1_Row_Opposing, 13.0870, 187, 72
1_Row_Opposing, 13.0923, 173, 72
1_Row_Opposing, 13.0996, 185, 72
1_Row_Opposing, 13.1034, 137, 72
1_Row_Opposing, 13.1091, 260, 72
1_Row_Opposing, 13.1145, 175, 72
1_Row_Opposing, 13.1203, 183, 72
1_Row_Opposing, 13.1256, 174, 72
1_Row_Opposing, 13.1315, 189, 72
1_Row_Opposing, 13.1367, 170, 72
1_Row_Opposing, 13.1425, 190, 72
1_Row_Opposing, 13.1479, 175, 72
1_Row_Opposing, 13.1537, 184, 72
1_Row_Opposing, 13.1590, 170, 72
1_Row_Opposing, 13.1648, 191, 72
1_Row_Opposing, 13.1701, 171, 72
1_Row_Opposing, 13.1759, 190, 72
1_Row_Opposing, 13.1812, 171, 72
1_Row_Opposing, 13.1870, 184, 72
1_Row_Opposing, 13.1923, 173, 72
1_Row_Opposing, 13.1981, 190, 72
1_Row_Opposing, 13.2034, 173, 72
1_Row_Opposing, 13.2092, 188, 72
1_Row_Opposing, 13.2145, 171, 72
1_Row_Opposing, 13.2203, 190, 72
1_Row_Opposing, 13.2256, 171, 72
1_Row_Opposing, 13.2314, 185, 72
1_Row_Opposing, 13.2368, 175, 72
1_Row_Opposing, 13.2425, 184, 72
1_Row_Opposing, 13.2479, 173, 72
1_Row_Opposing, 13.2537, 186, 72
1_Row_Opposing, 13.2590, 171, 72
1_Row_Opposing, 13.2648, 189, 72
1_Row_Opposing, 13.2701, 172, 72
1_Row_Opposing, 13.2758, 188, 72
1_Row_Opposing, 13.2812, 175, 72
1_Row_Opposing, 13.2870, 184, 72
1_Row_Opposing, 13.2923, 171, 72
1_Row_Opposing, 13.2981, 190, 72
1_Row_Opposing, 13.3034, 171, 72
1_Row_Opposing, 13.3091, 187, 72
1_Row_Opposing, 13.3145, 176, 72
1_Row_Opposing, 13.3203, 183, 72
1_Row_Opposing, 13.3256, 174, 72
1_Row_Opposing, 13.3314, 190, 72
1_Row_Opposing, 13.3368, 171, 72
1_Row_Opposing, 13.3425, 185, 72
1_Row_Opposing, 13.3479, 175, 72
1_Row_Opposing, 13.3536, 186, 72
1_Row_Opposing, 13.3590, 175, 72
1_Row_Opposing, 13.3647, 184, 72
1_Row_Opposing, 13.3701, 175, 72
1_Row_Opposing, 13.3759, 184, 72
1_Row_Opposing, 13.3812, 171, 72
1_Row_Opposing, 13.3870, 189, 72
1_Row_Opposing, 13.3923, 172, 72
1_Row_Opposing, 13.3981, 188, 72
1_Row_Opposing, 13.4033, 171, 72
1_Row_Opposing, 13.4093, 192, 72
1_Row_Opposing, 13.4145, 167, 72
1_Row_Opposing, 13.4202, 190, 72
1_Row_Opposing, 13.4256, 175, 72
1_Row_Opposing, 13.4313, 186, 72
1_Row_Opposing, 13.4367, 174, 72
1_Row_Opposing, 13.4425, 186, 72
1_Row_Opposing, 13.4478, 171, 72
1_Row_Opposing, 13.4537, 189, 72
1_Row_Opposing, 13.4589, 171, 72
1_Row_Opposing, 13.4647, 190, 72
1_Row_Opposing, 13.4701, 171, 72
1_Row_Opposing, 13.4758, 188, 72
1_Row_Opposing, 13.4812, 174, 72
1_Row_Opposing, 13.4870, 186, 72
1_Row_Opposing, 13.4923, 171, 72
1_Row_Opposing, 13.4981, 189, 72
1_Row_Opposing, 13.5034, 172, 72
1_Row_Opposing, 13.5091, 189, 72
1_Row_Opposing, 13.5145, 174, 72
1_Row_Opposing, 13.5203, 184, 72
1_Row_Opposing, 13.5256, 172, 72
1_Row_Opposing, 13.5313, 189, 72
1_Row_Opposing, 13.5367, 173, 72
1_Row_Opposing, 13.5425, 186, 72
1_Row_Opposing, 13.5479, 171, 72
1_Row_Opposing, 13.5536, 187, 72
1_Row_Opposing, 13.5589, 173, 72
1_Row_Opposing, 13.5647, 189, 72
1_Row_Opposing, 13.5701, 171, 72
1_Row_Opposing, 13.5758, 188, 72
1_Row_Opposing, 13.5812, 174, 72
1_Row_Opposing, 13.5869, 187, 72
1_Row_Opposing, 13.5923, 172, 72
1_Row_Opposing, 13.5980, 187, 72
1_Row_Opposing, 13.6034, 174, 72
1_Row_Opposing, 13.6092, 185, 72
1_Row_Opposing, 13.6145, 173, 72
1_Row_Opposing, 13.6203, 188, 72
1_Row_Opposing, 13.6256, 171, 72
1_Row_Opposing, 13.6314, 187, 72
1_Row_Opposing, 13.6367, 172, 72
1_Row_Opposing, 13.6425, 189, 72
1_Row_Opposing, 13.6478, 172, 72
1_Row_Opposing, 13.6535, 187, 72
1_Row_Opposing, 13.6590, 174, 72
1_Row_Opposing, 13.6648, 184, 72
1_Row_Opposing, 13.6701, 173, 72
1_Row_Opposing, 13.6758, 188, 72
1_Row_Opposing, 13.6811, 174, 72
1_Row_Opposing, 13.6870, 186, 72
1_Row_Opposing, 13.6922, 171, 72
1_Row_Opposing, 13.6982, 191, 72
1_Row_Opposing, 13.7034, 167, 72
1_Row_Opposing, 13.7092, 191, 72
1_Row_Opposing, 13.7145, 173, 72
1_Row_Opposing, 13.7203, 187, 72
1_Row_Opposing, 13.7256, 172, 72
1_Row_Opposing, 13.7314, 188, 72
1_Row_Opposing, 13.7367, 171, 72
1_Row_Opposing, 13.7425, 188, 72
1_Row_Opposing, 13.7478, 173, 72
1_Row_Opposing, 13.7536, 190, 72
1_Row_Opposing, 13.7589, 170, 72
1_Row_Opposing, 13.7647, 190, 72
1_Row_Opposing, 13.7701, 170, 72
1_Row_Opposing, 13.7758, 189, 72
1_Row_Opposing, 13.7812, 174, 72
1_Row_Opposing, 13.7870, 184, 72
1_Row_Opposing, 13.7922, 172, 72
1_Row_Opposing, 13.7981, 190, 72
1_Row_Opposing, 13.8034, 171, 72
1_Row_Opposing, 13.8092, 187, 72
1_Row_Opposing, 13.8145, 171, 72
1_Row_Opposing, 13.8202, 189, 72
1_Row_Opposing, 13.8256, 174, 72
1_Row_Opposing, 13.8314, 186, 72
1_Row_Opposing, 13.8367, 170, 72
1_Row_Opposing, 13.8425, 190, 72
1_Row_Opposing, 13.8479, 173, 72
1_Row_Opposing, 13.8536, 185, 72
1_Row_Opposing, 13.8589, 173, 72
1_Row_Opposing, 13.8647, 188, 72
1_Row_Opposing, 13.8701, 173, 72
1_Row_Opposing, 13.8758, 186, 72
1_Row_Opposing, 13.8812, 172, 72
1_Row_Opposing, 13.8870, 188, 72
1_Row_Opposing, 13.8923, 172, 72
1_Row_Opposing, 13.8981, 188, 72
1_Row_Opposing, 13.9034, 172, 72
1_Row_Opposing, 13.9092, 187, 72
1_Row_Opposing, 13.9145, 172, 72
1_Row_Opposing, 13.9203, 188, 72
1_Row_Opposing, 13.9256, 171, 72
1_Row_Opposing, 13.9313, 189, 72
1_Row_Opposing, 13.9367, 174, 72
1_Row_Opposing, 13.9425, 185, 72
1_Row_Opposing, 13.9478, 172, 72
1_Row_Opposing, 13.9537, 187, 72
1_Row_Opposing, 13.9591, 170, 72
1_Row_Opposing, 13.9647, 187, 72
1_Row_Opposing, 13.9701, 176, 72
1_Row_Opposing, 13.9758, 187, 72
1_Row_Opposing, 13.9812, 174, 72
1_Row_Opposing, 13.9870, 185, 72
1_Row_Opposing, 13.9923, 172, 72
1_Row_Opposing, 13.9981, 187, 72
1_Row_Opposing, 14.0034, 172, 72
1_Row_Opposing, 14.0092, 188, 72
1_Row_Opposing, 14.0145, 171, 72
1_Row_Opposing, 14.0203, 189, 72
1_Row_Opposing, 14.0256, 172, 72
1_Row_Opposing, 14.0314, 187, 72
1_Row_Opposing, 14.0367, 172, 72
1_Row_Opposing, 14.0424, 189, 72
1_Row_Opposing, 14.0478, 174, 72
1_Row_Opposing, 14.0535, 186, 72
1_Row_Opposing, 14.0589, 173, 72
1_Row_Opposing, 14.0647, 186, 72
1_Row_Opposing, 14.0701, 173, 72
1_Row_Opposing, 14.0758, 186, 72
1_Row_Opposing, 14.0812, 173, 72
1_Row_Opposing, 14.0869, 186, 72
1_Row_Opposing, 14.0923, 175, 72
1_Row_Opposing, 14.0980, 187, 72
1_Row_Opposing, 14.1034, 173, 72
1_Row_Opposing, 14.1091, 185, 72
1_Row_Opposing, 14.1144, 176, 72
1_Row_Opposing, 14.1203, 186, 72
1_Row_Opposing, 14.1256, 170, 72
1_Row_Opposing, 14.1314, 186, 72
1_Row_Opposing, 14.1368, 174, 72
1_Row_Opposing, 14.1426, 186, 72
1_Row_Opposing, 14.1479, 171, 72
1_Row_Opposing, 14.1537, 189, 72
1_Row_Opposing, 14.1589, 170, 72
1_Row_Opposing, 14.1648, 192, 72
1_Row_Opposing, 14.1701, 169, 72
1_Row_Opposing, 14.1759, 187, 72
1_Row_Opposing, 14.1812, 172, 72
1_Row_Opposing, 14.1870, 188, 72
1_Row_Opposing, 14.1923, 173, 72
1_Row_Opposing, 14.1981, 187, 72
1_Row_Opposing, 14.2034, 173, 72
1_Row_Opposing, 14.2092, 187, 72
1_Row_Opposing, 14.2145, 173, 72
1_Row_Opposing, 14.2202, 186, 72
1_Row_Opposing, 14.2256, 176, 72
1_Row_Opposing, 14.2314, 187, 72
1_Row_Opposing, 14.2368, 170, 72
1_Row_Opposing, 14.2425, 186, 72
1_Row_Opposing, 14.2478, 175, 72
1_Row_Opposing, 14.2536, 187, 72
1_Row_Opposing, 14.2590, 171, 72
1_Row_Opposing, 14.2648, 187, 72
1_Row_Opposing, 14.2701, 172, 72
1_Row_Opposing, 14.2759, 189, 72
1_Row_Opposing, 14.2812, 171, 72
1_Row_Opposing, 14.2870, 189, 72
1_Row_Opposing, 14.2923, 171, 72
1_Row_Opposing, 14.2981, 188, 72
1_Row_Opposing, 14.3034, 172, 72
1_Row_Opposing, 14.3092, 188, 72
1_Row_Opposing, 14.3145, 171, 72
1_Row_Opposing, 14.3203, 188, 72
1_Row_Opposing, 14.3256, 173, 72
1_Row_Opposing, 14.3314, 188, 72
1_Row_Opposing, 14.3368, 170, 72
1_Row_Opposing, 14.3425, 188, 72
1_Row_Opposing, 14.3478, 175, 72
1_Row_Opposing, 14.3537, 185, 72
1_Row_Opposing, 14.3590, 171, 72
1_Row_Opposing, 14.3648, 189, 72
1_Row_Opposing, 14.3701, 173, 72
1_Row_Opposing, 14.3759, 188, 72
1_Row_Opposing, 14.3812, 171, 72
1_Row_Opposing, 14.3870, 188, 72
1_Row_Opposing, 14.3922, 171, 72
1_Row_Opposing, 14.3981, 193, 72
1_Row_Opposing, 14.4034, 168, 72
1_Row_Opposing, 14.4093, 187, 72
1_Row_Opposing, 14.4146, 170, 72
1_Row_Opposing, 14.4204, 192, 72
1_Row_Opposing, 14.4256, 172, 72
1_Row_Opposing, 14.4314, 189, 72
1_Row_Opposing, 14.4367, 171, 72
1_Row_Opposing, 14.4425, 188, 72
1_Row_Opposing, 14.4479, 171, 72
1_Row_Opposing, 14.4536, 185, 72
1_Row_Opposing, 14.4590, 175, 72
1_Row_Opposing, 14.4647, 185, 72
1_Row_Opposing, 14.4701, 173, 72
1_Row_Opposing, 14.4759, 186, 72
1_Row_Opposing, 14.4812, 172, 72
1_Row_Opposing, 14.4869, 190, 72
1_Row_Opposing, 14.4922, 173, 72
1_Row_Opposing, 14.4981, 188, 72
1_Row_Opposing, 14.5034, 170, 72
1_Row_Opposing, 14.5092, 190, 72
1_Row_Opposing, 14.5145, 169, 72
1_Row_Opposing, 14.5203, 189, 72
1_Row_Opposing, 14.5256, 171, 72
1_Row_Opposing, 14.5314, 190, 72
1_Row_Opposing, 14.5367, 171, 72
1_Row_Opposing, 14.5424, 188, 72
1_Row_Opposing, 14.5478, 174, 72
1_Row_Opposing, 14.5536, 185, 72
1_Row_Opposing, 14.5589, 174, 72
1_Row_Opposing, 14.5647, 187, 72
1_Row_Opposing, 14.5700, 173, 72
1_Row_Opposing, 14.5758, 188, 72
1_Row_Opposing, 14.5812, 171, 72
1_Row_Opposing, 14.5869, 186, 72
1_Row_Opposing, 14.5922, 174, 72
1_Row_Opposing, 14.5981, 186, 72
1_Row_Opposing, 14.6034, 171, 72
1_Row_Opposing, 14.6092, 187, 72
1_Row_Opposing, 14.6145, 172, 72
1_Row_Opposing, 14.6203, 188, 72
1_Row_Opposing, 14.6256, 173, 72
1_Row_Opposing, 14.6314, 185, 72
1_Row_Opposing, 14.6367, 172, 72
1_Row_Opposing, 14.6425, 189, 72
1_Row_Opposing, 14.6479, 171, 72
1_Row_Opposing, 14.6536, 189, 72
1_Row_Opposing, 14.6589, 171, 72
1_Row_Opposing, 14.6647, 189, 72
1_Row_Opposing, 14.6700, 171, 72
1_Row_Opposing, 14.6758, 188, 72
1_Row_Opposing, 14.6812, 174, 72
1_Row_Opposing, 14.6869, 184, 72
1_Row_Opposing, 14.6923, 173, 72
1_Row_Opposing, 14.6980, 188, 72
1_Row_Opposing, 14.7034, 173, 72
1_Row_Opposing, 14.7091, 185, 72
1_Row_Opposing, 14.7145, 176, 72
1_Row_Opposing, 14.7202, 184, 72
1_Row_Opposing, 14.7256, 173, 72
1_Row_Opposing, 14.7314, 187, 72
1_Row_Opposing, 14.7367, 171, 72
1_Row_Opposing, 14.7425, 190, 72
1_Row_Opposing, 14.7478, 171, 72
1_Row_Opposing, 14.7537, 189, 72
1_Row_Opposing, 14.7590, 168, 72
1_Row_Opposing, 14.7647, 188, 72
1_Row_Opposing, 14.7700, 175, 72
1_Row_Opposing, 14.7759, 186, 72
1_Row_Opposing, 14.7811, 170, 72
1_Row_Opposing, 14.7869, 191, 72
1_Row_Opposing, 14.7923, 173, 72
1_Row_Opposing, 14.7980, 186, 72
1_Row_Opposing, 14.8034, 173, 72
1_Row_Opposing, 14.8091, 187, 72
1_Row_Opposing, 14.8145, 173, 72
1_Row_Opposing, 14.8203, 185, 72
1_Row_Opposing, 14.8256, 172, 72
1_Row_Opposing, 14.8313, 190, 72
1_Row_Opposing, 14.8367, 174, 72
1_Row_Opposing, 14.8425, 187, 72
1_Row_Opposing, 14.8478, 172, 72
1_Row_Opposing, 14.8535, 187, 72
1_Row_Opposing, 14.8589, 175, 72
1_Row_Opposing, 14.8647, 184, 72
1_Row_Opposing, 14.8700, 173, 72
1_Row_Opposing, 14.8759, 188, 72
1_Row_Opposing, 14.8811, 169, 72
1_Row_Opposing, 14.8870, 190, 72
1_Row_Opposing, 14.8923, 169, 72
1_Row_Opposing, 14.8980, 189, 72
1_Row_Opposing, 14.9034, 175, 72
1_Row_Opposing, 14.9091, 186, 72
1_Row_Opposing, 14.9145, 173, 72
1_Row_Opposing, 14.9203, 187, 72
1_Row_Opposing, 14.9256, 171, 72
1_Row_Opposing, 14.9313, 189, 72
1_Row_Opposing, 14.9367, 174, 72
1_Row_Opposing, 14.9425, 185, 72
1_Row_Opposing, 14.9478, 171, 72
1_Row_Opposing, 14.9538, 189, 72
1_Row_Opposing, 14.9591, 167, 72
1_Row_Opposing, 14.9648, 187, 72
1_Row_Opposing, 14.9701, 176, 72
1_Row_Opposing, 14.9758, 189, 72
1_Row_Opposing, 14.9812, 173, 72
1_Row_Opposing, 14.9870, 186, 72
1_Row_Opposing, 14.9923, 172, 72
1_Row_Opposing, 14.9981, 190, 72
1_Row_Opposing, 15.0034, 169, 72