1_Row_Opposing, 0.0001, 175, 72
1_Row_Opposing, 0.0045, 34, 72
1_Row_Opposing, 0.0152, 93, 72
1_Row_Opposing, 0.0255, 97, 72
1_Row_Opposing, 0.0356, 98, 72
1_Row_Opposing, 0.0452, 103, 72
1_Row_Opposing, 0.0547, 106, 72
1_Row_Opposing, 0.0639, 110, 72
1_Row_Opposing, 0.0726, 113, 72
1_Row_Opposing, 0.0804, 126, 72
1_Row_Opposing, 0.0884, 124, 72
1_Row_Opposing, 0.0962, 128, 72
1_Row_Opposing, 0.1039, 130, 72
1_Row_Opposing, 0.1113, 133, 72
1_Row_Opposing, 0.1189, 131, 72
1_Row_Opposing, 0.1264, 134, 72
1_Row_Opposing, 0.1335, 140, 72
1_Row_Opposing, 0.1406, 140, 72
1_Row_Opposing, 0.1476, 143, 72
1_Row_Opposing, 0.1546, 141, 72
1_Row_Opposing, 0.1618, 138, 72
1_Row_Opposing, 0.1691, 138, 72
1_Row_Opposing, 0.1761, 141, 72
1_Row_Opposing, 0.1828, 148, 72
1_Row_Opposing, 0.1897, 145, 72
1_Row_Opposing, 0.1972, 134, 72
1_Row_Opposing, 0.2037, 152, 72
1_Row_Opposing, 0.2098, 163, 72
1_Row_Opposing, 0.2161, 157, 72
1_Row_Opposing, 0.2221, 168, 72
1_Row_Opposing, 0.2282, 164, 72
1_Row_Opposing, 0.2342, 166, 72
1_Row_Opposing, 0.2403, 164, 72
1_Row_Opposing, 0.2462, 167, 72
1_Row_Opposing, 0.2522, 170, 72
1_Row_Opposing, 0.2582, 164, 72
1_Row_Opposing, 0.2641, 169, 72
1_Row_Opposing, 0.2696, 181, 72
1_Row_Opposing, 0.2753, 174, 72
1_Row_Opposing, 0.2810, 177, 72
1_Row_Opposing, 0.2865, 179, 72
1_Row_Opposing, 0.2921, 180, 72
1_Row_Opposing, 0.2973, 193, 72
1_Row_Opposing, 0.3027, 183, 72
1_Row_Opposing, 0.3078, 195, 72
1_Row_Opposing, 0.3124, 218, 72
1_Row_Opposing, 0.3168, 227, 72
1_Row_Opposing, 0.3208, 248, 72
1_Row_Opposing, 0.3251, 258, 72
1_Row_Opposing, 0.3308, 216, 72
1_Row_Opposing, 0.3362, 190, 72
1_Row_Opposing, 0.3417, 179, 72
1_Row_Opposing, 0.3473, 178, 72
1_Row_Opposing, 0.3529, 162, 72
1_Row_Opposing, 0.3628, 91, 72
1_Row_Opposing, 0.3674, 215, 72
1_Row_Opposing, 0.3717, 233, 72
1_Row_Opposing, 0.3755, 263, 72
1_Row_Opposing, 0.3807, 240, 72
1_Row_Opposing, 0.3862, 196, 72
1_Row_Opposing, 0.3919, 177, 72
1_Row_Opposing, 0.3973, 188, 72
1_Row_Opposing, 0.4029, 162, 72
1_Row_Opposing, 0.4086, 184, 72
1_Row_Opposing, 0.4140, 183, 72
1_Row_Opposing, 0.4195, 172, 72
1_Row_Opposing, 0.4251, 188, 72
1_Row_Opposing, 0.4306, 184, 72
1_Row_Opposing, 0.4362, 175, 72
1_Row_Opposing, 0.4417, 192, 72
1_Row_Opposing, 0.4473, 168, 72
1_Row_Opposing, 0.4529, 188, 72
1_Row_Opposing, 0.4626, 88, 72
1_Row_Opposing, 0.4671, 221, 72
1_Row_Opposing, 0.4709, 265, 72
1_Row_Opposing, 0.4751, 276, 72
1_Row_Opposing, 0.4807, 223, 72
1_Row_Opposing, 0.4862, 183, 72
1_Row_Opposing, 0.4918, 174, 72
1_Row_Opposing, 0.4973, 166, 72
1_Row_Opposing, 0.5029, 186, 72
1_Row_Opposing, 0.5084, 198, 72
1_Row_Opposing, 0.5140, 160, 72
1_Row_Opposing, 0.5307, 185, 72
1_Row_Opposing, 0.5347, 60, 72
1_Row_Opposing, 0.5383, 280, 72
1_Row_Opposing, 0.5419, 272, 72
1_Row_Opposing, 0.5473, 295, 72
1_Row_Opposing, 0.5529, 176, 72
1_Row_Opposing, 0.5616, 94, 72
1_Row_Opposing, 0.5646, 327, 72
1_Row_Opposing, 0.5695, 325, 72
1_Row_Opposing, 0.5751, 208, 72
1_Row_Opposing, 0.5806, 175, 72
1_Row_Opposing, 0.5862, 176, 72
1_Row_Opposing, 0.5917, 167, 72
1_Row_Opposing, 0.5973, 184, 72
1_Row_Opposing, 0.6029, 181, 72
1_Row_Opposing, 0.6084, 182, 72
1_Row_Opposing, 0.6140, 181, 72
1_Row_Opposing, 0.6195, 185, 72
1_Row_Opposing, 0.6251, 175, 72
1_Row_Opposing, 0.6306, 173, 72
1_Row_Opposing, 0.6362, 189, 72
1_Row_Opposing, 0.6419, 179, 72
1_Row_Opposing, 0.6473, 175, 72
1_Row_Opposing, 0.6529, 186, 72
1_Row_Opposing, 0.6616, 89, 72
1_Row_Opposing, 0.6647, 330, 72
1_Row_Opposing, 0.6695, 356, 72
1_Row_Opposing, 0.6751, 194, 72
1_Row_Opposing, 0.6806, 177, 72
1_Row_Opposing, 0.6862, 178, 72
1_Row_Opposing, 0.6917, 174, 72
1_Row_Opposing, 0.6973, 195, 72
1_Row_Opposing, 0.7029, 172, 72
1_Row_Opposing, 0.7084, 180, 72
1_Row_Opposing, 0.7140, 181, 72
1_Row_Opposing, 0.7195, 183, 72
1_Row_Opposing, 0.7251, 182, 72
1_Row_Opposing, 0.7307, 175, 72
1_Row_Opposing, 0.7362, 177, 72
1_Row_Opposing, 0.7417, 172, 72
1_Row_Opposing, 0.7473, 183, 72
1_Row_Opposing, 0.7528, 195, 72
1_Row_Opposing, 0.7617, 86, 72
1_Row_Opposing, 0.7646, 341, 72
1_Row_Opposing, 0.7695, 330, 72
1_Row_Opposing, 0.7751, 189, 72
1_Row_Opposing, 0.7806, 187, 72
1_Row_Opposing, 0.7862, 174, 72
1_Row_Opposing, 0.7917, 179, 72
1_Row_Opposing, 0.7973, 190, 72
1_Row_Opposing, 0.8029, 164, 72
1_Row_Opposing, 0.8084, 189, 72
1_Row_Opposing, 0.8140, 184, 72
1_Row_Opposing, 0.8195, 180, 72
1_Row_Opposing, 0.8251, 173, 72
1_Row_Opposing, 0.8306, 181, 72
1_Row_Opposing, 0.8362, 182, 72
1_Row_Opposing, 0.8417, 184, 72
1_Row_Opposing, 0.8473, 173, 72
1_Row_Opposing, 0.8528, 179, 72
1_Row_Opposing, 0.8616, 91, 72
1_Row_Opposing, 0.8647, 313, 72
1_Row_Opposing, 0.8695, 328, 72
1_Row_Opposing, 0.8751, 210, 72
1_Row_Opposing, 0.8807, 182, 72
1_Row_Opposing, 0.8862, 170, 72
1_Row_Opposing, 0.8917, 188, 72
1_Row_Opposing, 0.8973, 176, 72
1_Row_Opposing, 0.9029, 193, 72
1_Row_Opposing, 0.9084, 184, 72
1_Row_Opposing, 0.9140, 187, 72
1_Row_Opposing, 0.9195, 174, 72
1_Row_Opposing, 0.9251, 190, 72
1_Row_Opposing, 0.9306, 175, 72
1_Row_Opposing, 0.9362, 176, 72
1_Row_Opposing, 0.9417, 183, 72
1_Row_Opposing, 0.9473, 183, 72
1_Row_Opposing, 0.9529, 168, 72
1_Row_Opposing, 0.9584, 189, 72
1_Row_Opposing, 0.9639, 184, 72
1_Row_Opposing, 0.9695, 179, 72
1_Row_Opposing, 0.9751, 181, 72
1_Row_Opposing, 0.9807, 178, 72
1_Row_Opposing, 0.9862, 177, 72
1_Row_Opposing, 0.9917, 179, 72
1_Row_Opposing, 0.9973, 184, 72
1_Row_Opposing, 1.0030, 171, 72
1_Row_Opposing, 1.0084, 183, 72
1_Row_Opposing, 1.0139, 182, 72
1_Row_Opposing, 1.0195, 182, 72
1_Row_Opposing, 1.0251, 180, 72
1_Row_Opposing, 1.0306, 176, 72
1_Row_Opposing, 1.0362, 186, 72
1_Row_Opposing, 1.0417, 176, 72
1_Row_Opposing, 1.0473, 177, 72
1_Row_Opposing, 1.0529, 180, 72
1_Row_Opposing, 1.0584, 180, 72
1_Row_Opposing, 1.0639, 183, 72
1_Row_Opposing, 1.0695, 177, 72
1_Row_Opposing, 1.0751, 180, 72
1_Row_Opposing, 1.0807, 178, 72
1_Row_Opposing, 1.0862, 180, 72
1_Row_Opposing, 1.0917, 178, 72
1_Row_Opposing, 1.0973, 174, 72
1_Row_Opposing, 1.1028, 182, 72
1_Row_Opposing, 1.1084, 175, 72
1_Row_Opposing, 1.1139, 186, 72
1_Row_Opposing, 1.1195, 179, 72
1_Row_Opposing, 1.1251, 181, 72
1_Row_Opposing, 1.1306, 176, 72
1_Row_Opposing, 1.1362, 173, 72
1_Row_Opposing, 1.1417, 190, 72
1_Row_Opposing, 1.1473, 180, 72
1_Row_Opposing, 1.1529, 178, 72
1_Row_Opposing, 1.1584, 181, 72
1_Row_Opposing, 1.1640, 179, 72
1_Row_Opposing, 1.1695, 175, 72
1_Row_Opposing, 1.1751, 183, 72
1_Row_Opposing, 1.1806, 180, 72
1_Row_Opposing, 1.1862, 177, 72
1_Row_Opposing, 1.1917, 180, 72
1_Row_Opposing, 1.1973, 184, 72
1_Row_Opposing, 1.2028, 178, 72
1_Row_Opposing, 1.2084, 164, 72
1_Row_Opposing, 1.2140, 187, 72
1_Row_Opposing, 1.2195, 177, 72
1_Row_Opposing, 1.2251, 187, 72
1_Row_Opposing, 1.2306, 180, 72
1_Row_Opposing, 1.2362, 180, 72
1_Row_Opposing, 1.2417, 182, 72
1_Row_Opposing, 1.2473, 179, 72
1_Row_Opposing, 1.2529, 178, 72
1_Row_Opposing, 1.2584, 183, 72
1_Row_Opposing, 1.2640, 169, 72
1_Row_Opposing, 1.2695, 187, 72
1_Row_Opposing, 1.2751, 178, 72
1_Row_Opposing, 1.2806, 179, 72
1_Row_Opposing, 1.2862, 182, 72
1_Row_Opposing, 1.2917, 182, 72
1_Row_Opposing, 1.2973, 177, 72
1_Row_Opposing, 1.3029, 179, 72
1_Row_Opposing, 1.3084, 178, 72
1_Row_Opposing, 1.3140, 182, 72
1_Row_Opposing, 1.3195, 183, 72
1_Row_Opposing, 1.3251, 183, 72
1_Row_Opposing, 1.3310, 172, 72
1_Row_Opposing, 1.3363, 170, 72
1_Row_Opposing, 1.3418, 168, 72
1_Row_Opposing, 1.3474, 189, 72
1_Row_Opposing, 1.3530, 168, 72
1_Row_Opposing, 1.3586, 181, 72
1_Row_Opposing, 1.3642, 210, 72
1_Row_Opposing, 1.3695, 166, 72
1_Row_Opposing, 1.3750, 186, 72
1_Row_Opposing, 1.3806, 189, 72
1_Row_Opposing, 1.3862, 181, 72
1_Row_Opposing, 1.3917, 181, 72
1_Row_Opposing, 1.3973, 180, 72
1_Row_Opposing, 1.4028, 181, 72
1_Row_Opposing, 1.4084, 179, 72
1_Row_Opposing, 1.4140, 187, 72
1_Row_Opposing, 1.4196, 175, 72
1_Row_Opposing, 1.4251, 175, 72
1_Row_Opposing, 1.4306, 187, 72
1_Row_Opposing, 1.4362, 175, 72
1_Row_Opposing, 1.4417, 192, 72
1_Row_Opposing, 1.4473, 167, 72
1_Row_Opposing, 1.4528, 188, 72
1_Row_Opposing, 1.4584, 184, 72
1_Row_Opposing, 1.4640, 173, 72
1_Row_Opposing, 1.4695, 178, 72
1_Row_Opposing, 1.4751, 188, 72
1_Row_Opposing, 1.4806, 172, 72
1_Row_Opposing, 1.4862, 185, 72
1_Row_Opposing, 1.4917, 169, 72
1_Row_Opposing, 1.4973, 188, 72
1_Row_Opposing, 1.5028, 173, 72
1_Row_Opposing, 1.5084, 179, 72
1_Row_Opposing, 1.5139, 187, 72
1_Row_Opposing, 1.5195, 184, 72
1_Row_Opposing, 1.5251, 177, 72
1_Row_Opposing, 1.5306, 169, 72
1_Row_Opposing, 1.5362, 194, 72
1_Row_Opposing, 1.5417, 166, 72
1_Row_Opposing, 1.5473, 188, 72
1_Row_Opposing, 1.5528, 170, 72
1_Row_Opposing, 1.5584, 185, 72
1_Row_Opposing, 1.5640, 185, 72
1_Row_Opposing, 1.5695, 171, 72
1_Row_Opposing, 1.5751, 181, 72
1_Row_Opposing, 1.5806, 183, 72
1_Row_Opposing, 1.5862, 182, 72
1_Row_Opposing, 1.5917, 171, 72
1_Row_Opposing, 1.5973, 184, 72
1_Row_Opposing, 1.6028, 180, 72
1_Row_Opposing, 1.6084, 187, 72
1_Row_Opposing, 1.6139, 177, 72
1_Row_Opposing, 1.6195, 170, 72
1_Row_Opposing, 1.6251, 182, 72
1_Row_Opposing, 1.6306, 183, 72
1_Row_Opposing, 1.6362, 187, 72
1_Row_Opposing, 1.6417, 165, 72
1_Row_Opposing, 1.6473, 197, 72
1_Row_Opposing, 1.6528, 168, 72
1_Row_Opposing, 1.6584, 191, 72
1_Row_Opposing, 1.6640, 176, 72
1_Row_Opposing, 1.6695, 181, 72
1_Row_Opposing, 1.6750, 157, 72
1_Row_Opposing, 1.6806, 204, 72
1_Row_Opposing, 1.6861, 182, 72
1_Row_Opposing, 1.6973, 189, 72
1_Row_Opposing, 1.6995, 87, 72
1_Row_Opposing, 1.7028, 553, 72
1_Row_Opposing, 1.7084, 262, 72
1_Row_Opposing, 1.7139, 179, 72
1_Row_Opposing, 1.7195, 185, 72
1_Row_Opposing, 1.7250, 180, 72
1_Row_Opposing, 1.7306, 183, 72
1_Row_Opposing, 1.7362, 176, 72
1_Row_Opposing, 1.7417, 172, 72
1_Row_Opposing, 1.7473, 192, 72
1_Row_Opposing, 1.7528, 178, 72
1_Row_Opposing, 1.7584, 185, 72
1_Row_Opposing, 1.7639, 164, 72
1_Row_Opposing, 1.7695, 194, 72
1_Row_Opposing, 1.7751, 169, 72
1_Row_Opposing, 1.7806, 188, 72
1_Row_Opposing, 1.7862, 179, 72
1_Row_Opposing, 1.7917, 177, 72
1_Row_Opposing, 1.7973, 184, 72
1_Row_Opposing, 1.8028, 168, 72
1_Row_Opposing, 1.8084, 186, 72
1_Row_Opposing, 1.8140, 171, 72
1_Row_Opposing, 1.8195, 189, 72
1_Row_Opposing, 1.8250, 183, 72
1_Row_Opposing, 1.8306, 182, 72
1_Row_Opposing, 1.8362, 176, 72
1_Row_Opposing, 1.8417, 178, 72
1_Row_Opposing, 1.8473, 184, 72
1_Row_Opposing, 1.8528, 177, 72
1_Row_Opposing, 1.8584, 180, 72
1_Row_Opposing, 1.8639, 171, 72
1_Row_Opposing, 1.8695, 184, 72
1_Row_Opposing, 1.8750, 167, 72
1_Row_Opposing, 1.8806, 203, 72
1_Row_Opposing, 1.8862, 178, 72
1_Row_Opposing, 1.8917, 174, 72
1_Row_Opposing, 1.8973, 186, 72
1_Row_Opposing, 1.9028, 173, 72
1_Row_Opposing, 1.9084, 187, 72
1_Row_Opposing, 1.9139, 179, 72
1_Row_Opposing, 1.9195, 180, 72
1_Row_Opposing, 1.9251, 177, 72
1_Row_Opposing, 1.9306, 175, 72
1_Row_Opposing, 1.9362, 179, 72
1_Row_Opposing, 1.9417, 180, 72
1_Row_Opposing, 1.9473, 184, 72
1_Row_Opposing, 1.9528, 174, 72
1_Row_Opposing, 1.9584, 176, 72
1_Row_Opposing, 1.9639, 184, 72
1_Row_Opposing, 1.9695, 186, 72
1_Row_Opposing, 1.9750, 182, 72
1_Row_Opposing, 1.9806, 170, 72
1_Row_Opposing, 1.9862, 193, 72
1_Row_Opposing, 1.9917, 168, 72
1_Row_Opposing, 1.9973, 176, 72
1_Row_Opposing, 2.0029, 193, 72
1_Row_Opposing, 2.0084, 167, 72
1_Row_Opposing, 2.0140, 190, 72
1_Row_Opposing, 2.0195, 175, 72
1_Row_Opposing, 2.0250, 190, 72
1_Row_Opposing, 2.0306, 173, 72
1_Row_Opposing, 2.0362, 175, 72
1_Row_Opposing, 2.0417, 186, 72
1_Row_Opposing, 2.0473, 173, 72
1_Row_Opposing, 2.0529, 183, 72
1_Row_Opposing, 2.0584, 178, 72
1_Row_Opposing, 2.0639, 185, 72
1_Row_Opposing, 2.0695, 176, 72
1_Row_Opposing, 2.0750, 185, 72
1_Row_Opposing, 2.0807, 184, 72
1_Row_Opposing, 2.0862, 176, 72
1_Row_Opposing, 2.0917, 176, 72
1_Row_Opposing, 2.0973, 185, 72
1_Row_Opposing, 2.1028, 173, 72
1_Row_Opposing, 2.1084, 183, 72
1_Row_Opposing, 2.1140, 175, 72
1_Row_Opposing, 2.1195, 173, 72
1_Row_Opposing, 2.1250, 177, 72
1_Row_Opposing, 2.1306, 195, 72
1_Row_Opposing, 2.1362, 178, 72
1_Row_Opposing, 2.1418, 175, 72
1_Row_Opposing, 2.1473, 175, 72
1_Row_Opposing, 2.1530, 183, 72
1_Row_Opposing, 2.1584, 179, 72
1_Row_Opposing, 2.1640, 173, 72
1_Row_Opposing, 2.1695, 180, 72
1_Row_Opposing, 2.1751, 166, 72
1_Row_Opposing, 2.1806, 180, 72
1_Row_Opposing, 2.1863, 184, 72
1_Row_Opposing, 2.1918, 187, 72
1_Row_Opposing, 2.1973, 167, 72
1_Row_Opposing, 2.2028, 196, 72
1_Row_Opposing, 2.2084, 171, 72
1_Row_Opposing, 2.2141, 184, 72
1_Row_Opposing, 2.2196, 179, 72
1_Row_Opposing, 2.2251, 179, 72
1_Row_Opposing, 2.2307, 181, 72
1_Row_Opposing, 2.2362, 187, 72
1_Row_Opposing, 2.2417, 177, 72
1_Row_Opposing, 2.2473, 185, 72
1_Row_Opposing, 2.2528, 168, 72
1_Row_Opposing, 2.2584, 179, 72
1_Row_Opposing, 2.2639, 176, 72
1_Row_Opposing, 2.2695, 182, 72
1_Row_Opposing, 2.2751, 179, 72
1_Row_Opposing, 2.2806, 171, 72
1_Row_Opposing, 2.2862, 180, 72
1_Row_Opposing, 2.2917, 179, 72
1_Row_Opposing, 2.2973, 176, 72
1_Row_Opposing, 2.3029, 185, 72
1_Row_Opposing, 2.3084, 169, 72
1_Row_Opposing, 2.3140, 176, 72
1_Row_Opposing, 2.3195, 187, 72
1_Row_Opposing, 2.3252, 175, 72
1_Row_Opposing, 2.3306, 185, 72
1_Row_Opposing, 2.3362, 178, 72
1_Row_Opposing, 2.3418, 181, 72
1_Row_Opposing, 2.3473, 175, 72
1_Row_Opposing, 2.3529, 189, 72
1_Row_Opposing, 2.3584, 166, 72
1_Row_Opposing, 2.3640, 180, 72
1_Row_Opposing, 2.3695, 192, 72
1_Row_Opposing, 2.3751, 176, 72
1_Row_Opposing, 2.3806, 181, 72
1_Row_Opposing, 2.3862, 189, 72
1_Row_Opposing, 2.3917, 179, 72
1_Row_Opposing, 2.3973, 182, 72
1_Row_Opposing, 2.4028, 170, 72
1_Row_Opposing, 2.4084, 188, 72
1_Row_Opposing, 2.4140, 160, 72
1_Row_Opposing, 2.4195, 183, 72
1_Row_Opposing, 2.4251, 175, 72
1_Row_Opposing, 2.4306, 188, 72
1_Row_Opposing, 2.4362, 176, 72
1_Row_Opposing, 2.4417, 189, 72
1_Row_Opposing, 2.4473, 173, 72
1_Row_Opposing, 2.4529, 172, 72
1_Row_Opposing, 2.4584, 179, 72
1_Row_Opposing, 2.4641, 190, 72
1_Row_Opposing, 2.4695, 167, 72
1_Row_Opposing, 2.4750, 195, 72
1_Row_Opposing, 2.4806, 180, 72
1_Row_Opposing, 2.4862, 173, 72
1_Row_Opposing, 2.4917, 185, 72
1_Row_Opposing, 2.4973, 172, 72
1_Row_Opposing, 2.5028, 168, 72
1_Row_Opposing, 2.5084, 190, 72
1_Row_Opposing, 2.5140, 175, 72
1_Row_Opposing, 2.5195, 189, 72
1_Row_Opposing, 2.5251, 176, 72
1_Row_Opposing, 2.5306, 162, 72
1_Row_Opposing, 2.5361, 181, 72
1_Row_Opposing, 2.5417, 186, 72
1_Row_Opposing, 2.5473, 181, 72
1_Row_Opposing, 2.5528, 172, 72
1_Row_Opposing, 2.5584, 178, 72
1_Row_Opposing, 2.5639, 187, 72
1_Row_Opposing, 2.5695, 167, 72
1_Row_Opposing, 2.5750, 179, 72
1_Row_Opposing, 2.5806, 178, 72
1_Row_Opposing, 2.5862, 181, 72
1_Row_Opposing, 2.5917, 188, 72
1_Row_Opposing, 2.5973, 167, 72
1_Row_Opposing, 2.6028, 188, 72
1_Row_Opposing, 2.6084, 176, 72
1_Row_Opposing, 2.6139, 182, 72
1_Row_Opposing, 2.6195, 174, 72
1_Row_Opposing, 2.6251, 187, 72
1_Row_Opposing, 2.6306, 176, 72
1_Row_Opposing, 2.6362, 195, 72
1_Row_Opposing, 2.6417, 184, 72
1_Row_Opposing, 2.6473, 177, 72
1_Row_Opposing, 2.6528, 158, 72
1_Row_Opposing, 2.6584, 197, 72
1_Row_Opposing, 2.6639, 171, 72
1_Row_Opposing, 2.6695, 175, 72
1_Row_Opposing, 2.6751, 203, 72
1_Row_Opposing, 2.6806, 163, 72
1_Row_Opposing, 2.6861, 189, 72
1_Row_Opposing, 2.6917, 172, 72
1_Row_Opposing, 2.6973, 181, 72
1_Row_Opposing, 2.7028, 162, 72
1_Row_Opposing, 2.7084, 185, 72
1_Row_Opposing, 2.7140, 189, 72
1_Row_Opposing, 2.7195, 186, 72
1_Row_Opposing, 2.7251, 179, 72
1_Row_Opposing, 2.7306, 184, 72
1_Row_Opposing, 2.7362, 175, 72
1_Row_Opposing, 2.7417, 189, 72
1_Row_Opposing, 2.7473, 171, 72
1_Row_Opposing, 2.7528, 176, 72
1_Row_Opposing, 2.7584, 186, 72
1_Row_Opposing, 2.7639, 174, 72
1_Row_Opposing, 2.7695, 186, 72
1_Row_Opposing, 2.7751, 160, 72
1_Row_Opposing, 2.7806, 196, 72
1_Row_Opposing, 2.7861, 173, 72
1_Row_Opposing, 2.7917, 180, 72
1_Row_Opposing, 2.7973, 189, 72
1_Row_Opposing, 2.8028, 172, 72
1_Row_Opposing, 2.8084, 197, 72
1_Row_Opposing, 2.8141, 153, 72
1_Row_Opposing, 2.8196, 169, 72
1_Row_Opposing, 2.8250, 191, 72
1_Row_Opposing, 2.8306, 208, 72
1_Row_Opposing, 2.8362, 175, 72
1_Row_Opposing, 2.8417, 164, 72
1_Row_Opposing, 2.8530, 195, 72
1_Row_Opposing, 2.8578, 88, 72
1_Row_Opposing, 2.8627, 205, 72
1_Row_Opposing, 2.8677, 198, 72
1_Row_Opposing, 2.8728, 195, 72
1_Row_Opposing, 2.8780, 191, 72
1_Row_Opposing, 2.8832, 194, 72
1_Row_Opposing, 2.8878, 218, 72
1_Row_Opposing, 2.8924, 217, 72
1_Row_Opposing, 2.8973, 239, 72
1_Row_Opposing, 2.9028, 181, 72
1_Row_Opposing, 2.9084, 164, 72
1_Row_Opposing, 2.9139, 200, 72
1_Row_Opposing, 2.9195, 192, 72
1_Row_Opposing, 2.9251, 176, 72
1_Row_Opposing, 2.9306, 173, 72
1_Row_Opposing, 2.9361, 177, 72
1_Row_Opposing, 2.9417, 183, 72
1_Row_Opposing, 2.9473, 176, 72
1_Row_Opposing, 2.9528, 175, 72
1_Row_Opposing, 2.9584, 181, 72
1_Row_Opposing, 2.9639, 185, 72
1_Row_Opposing, 2.9695, 157, 72
1_Row_Opposing, 2.9750, 196, 72
1_Row_Opposing, 2.9806, 170, 72
1_Row_Opposing, 2.9862, 189, 72
1_Row_Opposing, 2.9917, 180, 72
1_Row_Opposing, 2.9973, 171, 72
1_Row_Opposing, 3.0028, 176, 72
1_Row_Opposing, 3.0083, 179, 72
1_Row_Opposing, 3.0140, 174, 72
1_Row_Opposing, 3.0195, 196, 72
1_Row_Opposing, 3.0250, 176, 72
1_Row_Opposing, 3.0306, 179, 72
1_Row_Opposing, 3.0362, 180, 72
1_Row_Opposing, 3.0417, 174, 72
1_Row_Opposing, 3.0473, 187, 72
1_Row_Opposing, 3.0528, 171, 72
1_Row_Opposing, 3.0584, 184, 72
1_Row_Opposing, 3.0640, 172, 72
1_Row_Opposing, 3.0695, 181, 72
1_Row_Opposing, 3.0751, 176, 72
1_Row_Opposing, 3.0806, 188, 72
1_Row_Opposing, 3.0862, 174, 72
1_Row_Opposing, 3.0919, 174, 72
1_Row_Opposing, 3.0973, 189, 72
1_Row_Opposing, 3.1028, 184, 72
1_Row_Opposing, 3.1084, 172, 72
1_Row_Opposing, 3.1139, 188, 72
1_Row_Opposing, 3.1195, 182, 72
1_Row_Opposing, 3.1250, 176, 72
1_Row_Opposing, 3.1306, 179, 72
1_Row_Opposing, 3.1362, 178, 72
1_Row_Opposing, 3.1417, 174, 72
1_Row_Opposing, 3.1473, 186, 72
1_Row_Opposing, 3.1529, 172, 72
1_Row_Opposing, 3.1584, 194, 72
1_Row_Opposing, 3.1639, 177, 72
1_Row_Opposing, 3.1695, 179, 72
1_Row_Opposing, 3.1750, 192, 72
1_Row_Opposing, 3.1806, 190, 72
1_Row_Opposing, 3.1862, 182, 72
1_Row_Opposing, 3.1917, 179, 72
1_Row_Opposing, 3.1973, 171, 72
1_Row_Opposing, 3.2028, 178, 72
1_Row_Opposing, 3.2084, 195, 72
1_Row_Opposing, 3.2139, 184, 72
1_Row_Opposing, 3.2195, 171, 72
1_Row_Opposing, 3.2251, 182, 72
1_Row_Opposing, 3.2307, 189, 72
1_Row_Opposing, 3.2361, 172, 72
1_Row_Opposing, 3.2418, 190, 72
1_Row_Opposing, 3.2473, 169, 72
1_Row_Opposing, 3.2528, 174, 72
1_Row_Opposing, 3.2584, 178, 72
1_Row_Opposing, 3.2639, 175, 72
1_Row_Opposing, 3.2695, 194, 72
1_Row_Opposing, 3.2769, 120, 72
1_Row_Opposing, 3.2830, 159, 72
1_Row_Opposing, 3.2893, 160, 72
1_Row_Opposing, 3.2964, 142, 72
1_Row_Opposing, 3.3051, 115, 72
1_Row_Opposing, 3.3103, 187, 72
1_Row_Opposing, 3.3162, 168, 72
1_Row_Opposing, 3.3213, 198, 72
1_Row_Opposing, 3.3264, 195, 72
1_Row_Opposing, 3.3309, 219, 72
1_Row_Opposing, 3.3356, 214, 72
1_Row_Opposing, 3.3406, 199, 72
1_Row_Opposing, 3.3459, 190, 72
1_Row_Opposing, 3.3507, 206, 72
1_Row_Opposing, 3.3552, 220, 72
1_Row_Opposing, 3.3594, 241, 72
1_Row_Opposing, 3.3639, 236, 72
1_Row_Opposing, 3.3696, 216, 72
1_Row_Opposing, 3.3750, 159, 72
1_Row_Opposing, 3.3806, 205, 72
1_Row_Opposing, 3.3862, 178, 72
1_Row_Opposing, 3.3918, 181, 72
1_Row_Opposing, 3.3973, 185, 72
1_Row_Opposing, 3.4028, 183, 72
1_Row_Opposing, 3.4084, 168, 72
1_Row_Opposing, 3.4139, 189, 72
1_Row_Opposing, 3.4195, 167, 72
1_Row_Opposing, 3.4250, 189, 72
1_Row_Opposing, 3.4306, 181, 72
1_Row_Opposing, 3.4362, 172, 72
1_Row_Opposing, 3.4417, 178, 72
1_Row_Opposing, 3.4472, 182, 72
1_Row_Opposing, 3.4528, 170, 72
1_Row_Opposing, 3.4584, 188, 72
1_Row_Opposing, 3.4641, 188, 72
1_Row_Opposing, 3.4695, 179, 72
1_Row_Opposing, 3.4750, 175, 72
1_Row_Opposing, 3.4806, 173, 72
1_Row_Opposing, 3.4862, 193, 72
1_Row_Opposing, 3.4917, 174, 72
1_Row_Opposing, 3.4973, 178, 72
1_Row_Opposing, 3.5028, 175, 72
1_Row_Opposing, 3.5084, 182, 72
1_Row_Opposing, 3.5139, 163, 72
1_Row_Opposing, 3.5195, 193, 72
1_Row_Opposing, 3.5250, 167, 72
1_Row_Opposing, 3.5306, 174, 72
1_Row_Opposing, 3.5362, 190, 72
1_Row_Opposing, 3.5417, 172, 72
1_Row_Opposing, 3.5472, 183, 72
1_Row_Opposing, 3.5528, 189, 72
1_Row_Opposing, 3.5586, 170, 72
1_Row_Opposing, 3.5640, 166, 72
1_Row_Opposing, 3.5695, 193, 72
1_Row_Opposing, 3.5750, 173, 72
1_Row_Opposing, 3.5806, 184, 72
1_Row_Opposing, 3.5862, 177, 72
1_Row_Opposing, 3.5917, 171, 72
1_Row_Opposing, 3.5973, 196, 72
1_Row_Opposing, 3.6028, 190, 72
1_Row_Opposing, 3.6084, 174, 72
1_Row_Opposing, 3.6139, 182, 72
1_Row_Opposing, 3.6195, 181, 72
1_Row_Opposing, 3.6250, 175, 72
1_Row_Opposing, 3.6306, 171, 72
1_Row_Opposing, 3.6362, 202, 72
1_Row_Opposing, 3.6417, 164, 72
1_Row_Opposing, 3.6473, 192, 72
1_Row_Opposing, 3.6529, 170, 72
1_Row_Opposing, 3.6584, 177, 72
1_Row_Opposing, 3.6639, 188, 72
1_Row_Opposing, 3.6695, 185, 72
1_Row_Opposing, 3.6750, 192, 72
1_Row_Opposing, 3.6806, 184, 72
1_Row_Opposing, 3.6862, 168, 72
1_Row_Opposing, 3.6917, 176, 72
1_Row_Opposing, 3.6973, 182, 72
1_Row_Opposing, 3.7028, 179, 72
1_Row_Opposing, 3.7084, 183, 72
1_Row_Opposing, 3.7139, 165, 72
1_Row_Opposing, 3.7195, 209, 72
1_Row_Opposing, 3.7250, 166, 72
1_Row_Opposing, 3.7306, 181, 72
1_Row_Opposing, 3.7362, 184, 72
1_Row_Opposing, 3.7417, 181, 72
1_Row_Opposing, 3.7473, 164, 72
1_Row_Opposing, 3.7528, 182, 72
1_Row_Opposing, 3.7584, 185, 72
1_Row_Opposing, 3.7639, 177, 72
1_Row_Opposing, 3.7695, 190, 72
1_Row_Opposing, 3.7750, 170, 72
1_Row_Opposing, 3.7806, 185, 72
1_Row_Opposing, 3.7861, 177, 72
1_Row_Opposing, 3.7917, 177, 72
1_Row_Opposing, 3.7972, 169, 72
1_Row_Opposing, 3.8028, 203, 72
1_Row_Opposing, 3.8083, 169, 72
1_Row_Opposing, 3.8139, 190, 72
1_Row_Opposing, 3.8195, 174, 72
1_Row_Opposing, 3.8250, 176, 72
1_Row_Opposing, 3.8306, 196, 72
1_Row_Opposing, 3.8361, 185, 72
1_Row_Opposing, 3.8417, 172, 72
1_Row_Opposing, 3.8472, 187, 72
1_Row_Opposing, 3.8528, 180, 72
1_Row_Opposing, 3.8585, 177, 72
1_Row_Opposing, 3.8639, 170, 72
1_Row_Opposing, 3.8695, 193, 72
1_Row_Opposing, 3.8750, 187, 72
1_Row_Opposing, 3.8806, 189, 72
1_Row_Opposing, 3.8861, 157, 72
1_Row_Opposing, 3.8917, 215, 72
1_Row_Opposing, 3.8972, 179, 72
1_Row_Opposing, 3.9028, 170, 72
1_Row_Opposing, 3.9084, 174, 72
1_Row_Opposing, 3.9139, 180, 72
1_Row_Opposing, 3.9195, 189, 72
1_Row_Opposing, 3.9250, 176, 72
1_Row_Opposing, 3.9306, 184, 72
1_Row_Opposing, 3.9361, 171, 72
1_Row_Opposing, 3.9417, 176, 72
1_Row_Opposing, 3.9472, 191, 72
1_Row_Opposing, 3.9529, 172, 72
1_Row_Opposing, 3.9584, 181, 72
1_Row_Opposing, 3.9639, 183, 72
1_Row_Opposing, 3.9696, 178, 72
1_Row_Opposing, 3.9750, 183, 72
1_Row_Opposing, 3.9806, 177, 72
1_Row_Opposing, 3.9861, 162, 72
1_Row_Opposing, 3.9917, 182, 72
1_Row_Opposing, 3.9973, 182, 72
1_Row_Opposing, 4.0084, 168, 72
1_Row_Opposing, 4.0126, 94, 72
1_Row_Opposing, 4.0167, 244, 72
1_Row_Opposing, 4.0203, 279, 72
1_Row_Opposing, 4.0250, 239, 72
1_Row_Opposing, 4.0306, 208, 72
1_Row_Opposing, 4.0361, 170, 72
1_Row_Opposing, 4.0417, 193, 72
1_Row_Opposing, 4.0472, 185, 72
1_Row_Opposing, 4.0528, 180, 72
1_Row_Opposing, 4.0584, 169, 72
1_Row_Opposing, 4.0641, 188, 72
1_Row_Opposing, 4.0695, 178, 72
1_Row_Opposing, 4.0750, 180, 72
1_Row_Opposing, 4.0805, 177, 72
1_Row_Opposing, 4.0861, 189, 72
1_Row_Opposing, 4.0917, 171, 72
1_Row_Opposing, 4.0972, 179, 72
1_Row_Opposing, 4.1028, 191, 72
1_Row_Opposing, 4.1083, 164, 72
1_Row_Opposing, 4.1139, 179, 72
1_Row_Opposing, 4.1195, 179, 72
1_Row_Opposing, 4.1250, 177, 72
1_Row_Opposing, 4.1306, 192, 72
1_Row_Opposing, 4.1361, 187, 72
1_Row_Opposing, 4.1417, 183, 72
1_Row_Opposing, 4.1472, 177, 72
1_Row_Opposing, 4.1528, 167, 72
1_Row_Opposing, 4.1586, 184, 72
1_Row_Opposing, 4.1639, 177, 72
1_Row_Opposing, 4.1695, 188, 72
1_Row_Opposing, 4.1751, 185, 72
1_Row_Opposing, 4.1806, 168, 72
1_Row_Opposing, 4.1861, 173, 72
1_Row_Opposing, 4.1917, 173, 72
1_Row_Opposing, 4.1972, 197, 72
1_Row_Opposing, 4.2028, 180, 72
1_Row_Opposing, 4.2084, 181, 72
1_Row_Opposing, 4.2139, 179, 72
1_Row_Opposing, 4.2195, 181, 72
1_Row_Opposing, 4.2250, 179, 72
1_Row_Opposing, 4.2306, 187, 72
1_Row_Opposing, 4.2362, 186, 72
1_Row_Opposing, 4.2417, 170, 72
1_Row_Opposing, 4.2472, 170, 72
1_Row_Opposing, 4.2528, 178, 72
1_Row_Opposing, 4.2583, 180, 72
1_Row_Opposing, 4.2639, 190, 72
1_Row_Opposing, 4.2695, 168, 72
1_Row_Opposing, 4.2750, 175, 72
1_Row_Opposing, 4.2806, 188, 72
1_Row_Opposing, 4.2861, 187, 72
1_Row_Opposing, 4.2917, 189, 72
1_Row_Opposing, 4.2972, 179, 72
1_Row_Opposing, 4.3028, 170, 72
1_Row_Opposing, 4.3083, 204, 72
1_Row_Opposing, 4.3139, 172, 72
1_Row_Opposing, 4.3195, 185, 72
1_Row_Opposing, 4.3250, 174, 72
1_Row_Opposing, 4.3306, 183, 72
1_Row_Opposing, 4.3361, 179, 72
1_Row_Opposing, 4.3417, 173, 72
1_Row_Opposing, 4.3472, 191, 72
1_Row_Opposing, 4.3528, 179, 72
1_Row_Opposing, 4.3584, 179, 72
1_Row_Opposing, 4.3641, 192, 72
1_Row_Opposing, 4.3695, 172, 72
1_Row_Opposing, 4.3750, 189, 72
1_Row_Opposing, 4.3806, 174, 72
1_Row_Opposing, 4.3861, 181, 72
1_Row_Opposing, 4.3917, 188, 72
1_Row_Opposing, 4.3972, 167, 72
1_Row_Opposing, 4.4028, 171, 72
1_Row_Opposing, 4.4083, 183, 72
1_Row_Opposing, 4.4139, 189, 72
1_Row_Opposing, 4.4195, 185, 72
1_Row_Opposing, 4.4250, 169, 72
1_Row_Opposing, 4.4306, 187, 72
1_Row_Opposing, 4.4361, 175, 72
1_Row_Opposing, 4.4417, 168, 72
1_Row_Opposing, 4.4472, 187, 72
1_Row_Opposing, 4.4528, 178, 72
1_Row_Opposing, 4.4583, 186, 72
1_Row_Opposing, 4.4639, 181, 72
1_Row_Opposing, 4.4695, 187, 72
1_Row_Opposing, 4.4750, 163, 72
1_Row_Opposing, 4.4806, 185, 72
1_Row_Opposing, 4.4861, 182, 72
1_Row_Opposing, 4.4917, 182, 72
1_Row_Opposing, 4.4972, 171, 72
1_Row_Opposing, 4.5028, 184, 72
1_Row_Opposing, 4.5084, 181, 72
1_Row_Opposing, 4.5139, 180, 72
1_Row_Opposing, 4.5195, 169, 72
1_Row_Opposing, 4.5250, 186, 72
1_Row_Opposing, 4.5306, 184, 72
1_Row_Opposing, 4.5361, 179, 72
1_Row_Opposing, 4.5417, 193, 72
1_Row_Opposing, 4.5472, 169, 72
1_Row_Opposing, 4.5529, 191, 72
1_Row_Opposing, 4.5585, 164, 72
1_Row_Opposing, 4.5640, 151, 72
1_Row_Opposing, 4.5696, 186, 72
1_Row_Opposing, 4.5752, 190, 72
1_Row_Opposing, 4.5806, 176, 72
1_Row_Opposing, 4.5863, 213, 72
1_Row_Opposing, 4.5917, 154, 72
1_Row_Opposing, 4.5972, 209, 72
1_Row_Opposing, 4.6028, 179, 72
1_Row_Opposing, 4.6083, 184, 72
1_Row_Opposing, 4.6139, 184, 72
1_Row_Opposing, 4.6195, 181, 72
1_Row_Opposing, 4.6250, 187, 72
1_Row_Opposing, 4.6305, 179, 72
1_Row_Opposing, 4.6361, 184, 72
1_Row_Opposing, 4.6417, 174, 72
1_Row_Opposing, 4.6472, 182, 72
1_Row_Opposing, 4.6528, 174, 72
1_Row_Opposing, 4.6584, 181, 72
1_Row_Opposing, 4.6639, 180, 72
1_Row_Opposing, 4.6695, 169, 72
1_Row_Opposing, 4.6750, 176, 72
1_Row_Opposing, 4.6806, 195, 72
1_Row_Opposing, 4.6861, 179, 72
1_Row_Opposing, 4.6917, 171, 72
1_Row_Opposing, 4.6973, 177, 72
1_Row_Opposing, 4.7028, 180, 72
1_Row_Opposing, 4.7084, 186, 72
1_Row_Opposing, 4.7139, 173, 72
1_Row_Opposing, 4.7195, 180, 72
1_Row_Opposing, 4.7250, 184, 72
1_Row_Opposing, 4.7305, 172, 72
1_Row_Opposing, 4.7361, 193, 72
1_Row_Opposing, 4.7417, 169, 72
1_Row_Opposing, 4.7472, 203, 72
1_Row_Opposing, 4.7528, 171, 72
1_Row_Opposing, 4.7583, 187, 72
1_Row_Opposing, 4.7639, 179, 72
1_Row_Opposing, 4.7695, 185, 72
1_Row_Opposing, 4.7750, 173, 72
1_Row_Opposing, 4.7805, 183, 72
1_Row_Opposing, 4.7861, 187, 72
1_Row_Opposing, 4.7917, 173, 72
1_Row_Opposing, 4.7972, 187, 72
1_Row_Opposing, 4.8028, 176, 72
1_Row_Opposing, 4.8083, 181, 72
1_Row_Opposing, 4.8139, 183, 72
1_Row_Opposing, 4.8195, 184, 72
1_Row_Opposing, 4.8250, 170, 72
1_Row_Opposing, 4.8305, 179, 72
1_Row_Opposing, 4.8361, 193, 72
1_Row_Opposing, 4.8417, 166, 72
1_Row_Opposing, 4.8472, 191, 72
1_Row_Opposing, 4.8528, 174, 72
1_Row_Opposing, 4.8584, 178, 72
1_Row_Opposing, 4.8639, 164, 72
1_Row_Opposing, 4.8695, 187, 72
1_Row_Opposing, 4.8750, 176, 72
1_Row_Opposing, 4.8806, 190, 72
1_Row_Opposing, 4.8861, 176, 72
1_Row_Opposing, 4.8917, 181, 72
1_Row_Opposing, 4.8972, 180, 72
1_Row_Opposing, 4.9028, 172, 72
1_Row_Opposing, 4.9084, 181, 72
1_Row_Opposing, 4.9139, 178, 72
1_Row_Opposing, 4.9195, 187, 72
1_Row_Opposing, 4.9252, 175, 72
1_Row_Opposing, 4.9306, 173, 72
1_Row_Opposing, 4.9361, 193, 72
1_Row_Opposing, 4.9417, 179, 72
1_Row_Opposing, 4.9472, 188, 72
1_Row_Opposing, 4.9528, 173, 72
1_Row_Opposing, 4.9583, 179, 72
1_Row_Opposing, 4.9639, 176, 72
1_Row_Opposing, 4.9695, 188, 72
1_Row_Opposing, 4.9750, 185, 72
1_Row_Opposing, 4.9806, 176, 72
1_Row_Opposing, 4.9861, 187, 72
1_Row_Opposing, 4.9917, 170, 72
1_Row_Opposing, 4.9972, 187, 72
1_Row_Opposing, 5.0028, 177, 72
1_Row_Opposing, 5.0083, 184, 72
1_Row_Opposing, 5.0139, 182, 72
1_Row_Opposing, 5.0195, 177, 72
1_Row_Opposing, 5.0250, 180, 72
1_Row_Opposing, 5.0306, 169, 72
1_Row_Opposing, 5.0361, 177, 72
1_Row_Opposing, 5.0417, 190, 72
1_Row_Opposing, 5.0473, 164, 72
1_Row_Opposing, 5.0528, 187, 72
1_Row_Opposing, 5.0584, 188, 72
1_Row_Opposing, 5.0640, 178, 72
1_Row_Opposing, 5.0695, 174, 72
1_Row_Opposing, 5.0750, 174, 72
1_Row_Opposing, 5.0806, 198, 72
1_Row_Opposing, 5.0861, 169, 72
1_Row_Opposing, 5.0917, 189, 72
1_Row_Opposing, 5.0973, 167, 72
1_Row_Opposing, 5.1028, 186, 72
1_Row_Opposing, 5.1084, 184, 72
1_Row_Opposing, 5.1139, 172, 72
1_Row_Opposing, 5.1195, 193, 72
1_Row_Opposing, 5.1250, 179, 72
1_Row_Opposing, 5.1305, 176, 72
1_Row_Opposing, 5.1361, 184, 72
1_Row_Opposing, 5.1417, 173, 72
1_Row_Opposing, 5.1473, 184, 72
1_Row_Opposing, 5.1528, 180, 72
1_Row_Opposing, 5.1639, 181, 72
1_Row_Opposing, 5.1663, 91, 72
1_Row_Opposing, 5.1694, 414, 72
1_Row_Opposing, 5.1750, 308, 72
1_Row_Opposing, 5.1806, 179, 72
1_Row_Opposing, 5.1861, 177, 72
1_Row_Opposing, 5.1917, 184, 72
1_Row_Opposing, 5.1972, 176, 72
1_Row_Opposing, 5.2028, 196, 72
1_Row_Opposing, 5.2083, 182, 72
1_Row_Opposing, 5.2139, 179, 72
1_Row_Opposing, 5.2194, 176, 72
1_Row_Opposing, 5.2250, 190, 72
1_Row_Opposing, 5.2305, 172, 72
1_Row_Opposing, 5.2362, 178, 72
1_Row_Opposing, 5.2417, 178, 72
1_Row_Opposing, 5.2472, 184, 72
1_Row_Opposing, 5.2528, 175, 72
1_Row_Opposing, 5.2583, 182, 72
1_Row_Opposing, 5.2639, 171, 72
1_Row_Opposing, 5.2695, 180, 72
1_Row_Opposing, 5.2750, 184, 72
1_Row_Opposing, 5.2805, 177, 72
1_Row_Opposing, 5.2861, 182, 72
1_Row_Opposing, 5.2916, 180, 72
1_Row_Opposing, 5.2972, 185, 72
1_Row_Opposing, 5.3028, 176, 72
1_Row_Opposing, 5.3083, 181, 72
1_Row_Opposing, 5.3139, 168, 72
1_Row_Opposing, 5.3195, 190, 72
1_Row_Opposing, 5.3250, 179, 72
1_Row_Opposing, 5.3306, 176, 72
1_Row_Opposing, 5.3361, 185, 72
1_Row_Opposing, 5.3417, 174, 72
1_Row_Opposing, 5.3472, 183, 72
1_Row_Opposing, 5.3528, 186, 72
1_Row_Opposing, 5.3583, 179, 72
1_Row_Opposing, 5.3639, 173, 72
1_Row_Opposing, 5.3695, 184, 72
1_Row_Opposing, 5.3750, 182, 72
1_Row_Opposing, 5.3805, 178, 72
1_Row_Opposing, 5.3861, 186, 72
1_Row_Opposing, 5.3916, 184, 72
1_Row_Opposing, 5.3973, 179, 72
1_Row_Opposing, 5.4027, 165, 72
1_Row_Opposing, 5.4083, 196, 72
1_Row_Opposing, 5.4139, 164, 72
1_Row_Opposing, 5.4194, 192, 72
1_Row_Opposing, 5.4250, 178, 72
1_Row_Opposing, 5.4305, 173, 72
1_Row_Opposing, 5.4361, 182, 72
1_Row_Opposing, 5.4417, 186, 72
1_Row_Opposing, 5.4472, 155, 72
1_Row_Opposing, 5.4527, 198, 72
1_Row_Opposing, 5.4583, 186, 72
1_Row_Opposing, 5.4639, 179, 72
1_Row_Opposing, 5.4695, 173, 72
1_Row_Opposing, 5.4750, 186, 72
1_Row_Opposing, 5.4805, 180, 72
1_Row_Opposing, 5.4861, 175, 72
1_Row_Opposing, 5.4917, 183, 72
1_Row_Opposing, 5.4972, 176, 72
1_Row_Opposing, 5.5027, 183, 72
1_Row_Opposing, 5.5083, 177, 72
1_Row_Opposing, 5.5139, 180, 72
1_Row_Opposing, 5.5196, 176, 72
1_Row_Opposing, 5.5250, 176, 72
1_Row_Opposing, 5.5306, 185, 72
1_Row_Opposing, 5.5361, 181, 72
1_Row_Opposing, 5.5416, 178, 72
1_Row_Opposing, 5.5472, 179, 72
1_Row_Opposing, 5.5527, 175, 72
1_Row_Opposing, 5.5584, 183, 72
1_Row_Opposing, 5.5639, 176, 72
1_Row_Opposing, 5.5695, 181, 72
1_Row_Opposing, 5.5750, 183, 72
1_Row_Opposing, 5.5805, 177, 72
1_Row_Opposing, 5.5861, 179, 72
1_Row_Opposing, 5.5917, 178, 72
1_Row_Opposing, 5.5973, 179, 72
1_Row_Opposing, 5.6028, 180, 72
1_Row_Opposing, 5.6083, 179, 72
1_Row_Opposing, 5.6139, 180, 72
1_Row_Opposing, 5.6195, 180, 72
1_Row_Opposing, 5.6250, 185, 72
1_Row_Opposing, 5.6306, 177, 72
1_Row_Opposing, 5.6361, 178, 72
1_Row_Opposing, 5.6417, 181, 72
1_Row_Opposing, 5.6472, 184, 72
1_Row_Opposing, 5.6528, 179, 72
1_Row_Opposing, 5.6585, 174, 72
1_Row_Opposing, 5.6639, 187, 72
1_Row_Opposing, 5.6695, 176, 72
1_Row_Opposing, 5.6750, 183, 72
1_Row_Opposing, 5.6805, 178, 72
1_Row_Opposing, 5.6861, 174, 72
1_Row_Opposing, 5.6917, 179, 72
1_Row_Opposing, 5.6972, 185, 72
1_Row_Opposing, 5.7028, 176, 72
1_Row_Opposing, 5.7083, 184, 72
1_Row_Opposing, 5.7139, 176, 72
1_Row_Opposing, 5.7195, 176, 72
1_Row_Opposing, 5.7250, 181, 72
1_Row_Opposing, 5.7305, 183, 72
1_Row_Opposing, 5.7361, 178, 72
1_Row_Opposing, 5.7417, 177, 72
1_Row_Opposing, 5.7472, 188, 72
1_Row_Opposing, 5.7529, 176, 72
1_Row_Opposing, 5.7583, 175, 72
1_Row_Opposing, 5.7639, 172, 72
1_Row_Opposing, 5.7694, 190, 72
1_Row_Opposing, 5.7750, 185, 72
1_Row_Opposing, 5.7805, 177, 72
1_Row_Opposing, 5.7861, 181, 72
1_Row_Opposing, 5.7917, 178, 72
1_Row_Opposing, 5.7972, 187, 72
1_Row_Opposing, 5.8028, 171, 72
1_Row_Opposing, 5.8084, 191, 72
1_Row_Opposing, 5.8140, 175, 72
1_Row_Opposing, 5.8195, 179, 72
1_Row_Opposing, 5.8250, 183, 72
1_Row_Opposing, 5.8305, 169, 72
1_Row_Opposing, 5.8361, 201, 72
1_Row_Opposing, 5.8416, 169, 72
1_Row_Opposing, 5.8472, 184, 72
1_Row_Opposing, 5.8528, 174, 72
1_Row_Opposing, 5.8584, 183, 72
1_Row_Opposing, 5.8639, 172, 72
1_Row_Opposing, 5.8695, 184, 72
1_Row_Opposing, 5.8750, 186, 72
1_Row_Opposing, 5.8805, 170, 72
1_Row_Opposing, 5.8861, 185, 72
1_Row_Opposing, 5.8916, 185, 72
1_Row_Opposing, 5.8972, 176, 72
1_Row_Opposing, 5.9027, 174, 72
1_Row_Opposing, 5.9083, 189, 72
1_Row_Opposing, 5.9139, 173, 72
1_Row_Opposing, 5.9195, 186, 72
1_Row_Opposing, 5.9250, 178, 72
1_Row_Opposing, 5.9305, 181, 72
1_Row_Opposing, 5.9361, 177, 72
1_Row_Opposing, 5.9417, 178, 72
1_Row_Opposing, 5.9472, 175, 72
1_Row_Opposing, 5.9528, 187, 72
1_Row_Opposing, 5.9583, 176, 72
1_Row_Opposing, 5.9639, 171, 72
1_Row_Opposing, 5.9696, 191, 72
1_Row_Opposing, 5.9750, 173, 72
1_Row_Opposing, 5.9805, 184, 72
1_Row_Opposing, 5.9861, 183, 72
1_Row_Opposing, 5.9917, 176, 72
1_Row_Opposing, 5.9972, 182, 72
1_Row_Opposing, 6.0028, 179, 72
1_Row_Opposing, 6.0083, 177, 72
1_Row_Opposing, 6.0139, 174, 72
1_Row_Opposing, 6.0194, 179, 72
1_Row_Opposing, 6.0250, 177, 72
1_Row_Opposing, 6.0306, 183, 72
1_Row_Opposing, 6.0361, 173, 72
1_Row_Opposing, 6.0417, 189, 72
1_Row_Opposing, 6.0472, 181, 72
1_Row_Opposing, 6.0528, 174, 72
1_Row_Opposing, 6.0583, 183, 72
1_Row_Opposing, 6.0640, 182, 72
1_Row_Opposing, 6.0695, 172, 72
1_Row_Opposing, 6.0750, 186, 72
1_Row_Opposing, 6.0805, 180, 72
1_Row_Opposing, 6.0861, 173, 72
1_Row_Opposing, 6.0917, 182, 72
1_Row_Opposing, 6.0972, 188, 72
1_Row_Opposing, 6.1028, 181, 72
1_Row_Opposing, 6.1083, 173, 72
1_Row_Opposing, 6.1139, 182, 72
1_Row_Opposing, 6.1195, 181, 72
1_Row_Opposing, 6.1252, 182, 72
1_Row_Opposing, 6.1305, 175, 72
1_Row_Opposing, 6.1363, 180, 72
1_Row_Opposing, 6.1418, 168, 72
1_Row_Opposing, 6.1473, 167, 72
1_Row_Opposing, 6.1529, 177, 72
1_Row_Opposing, 6.1585, 186, 72
1_Row_Opposing, 6.1639, 179, 72
1_Row_Opposing, 6.1696, 199, 72
1_Row_Opposing, 6.1750, 161, 72
1_Row_Opposing, 6.1806, 185, 72
1_Row_Opposing, 6.1861, 190, 72
1_Row_Opposing, 6.1917, 177, 72
1_Row_Opposing, 6.1972, 176, 72
1_Row_Opposing, 6.2028, 172, 72
1_Row_Opposing, 6.2084, 189, 72
1_Row_Opposing, 6.2140, 177, 72
1_Row_Opposing, 6.2196, 184, 72
1_Row_Opposing, 6.2250, 173, 72
1_Row_Opposing, 6.2306, 181, 72
1_Row_Opposing, 6.2361, 183, 72
1_Row_Opposing, 6.2417, 187, 72
1_Row_Opposing, 6.2472, 187, 72
1_Row_Opposing, 6.2528, 175, 72
1_Row_Opposing, 6.2583, 170, 72
1_Row_Opposing, 6.2639, 183, 72
1_Row_Opposing, 6.2695, 183, 72
1_Row_Opposing, 6.2750, 173, 72
1_Row_Opposing, 6.2806, 179, 72
1_Row_Opposing, 6.2861, 186, 72
1_Row_Opposing, 6.2917, 185, 72
1_Row_Opposing, 6.2972, 169, 72
1_Row_Opposing, 6.3028, 182, 72
1_Row_Opposing, 6.3084, 185, 72
1_Row_Opposing, 6.3250, 177, 72
1_Row_Opposing, 6.3275, 60, 72
1_Row_Opposing, 6.3306, 429, 72
1_Row_Opposing, 6.3361, 267, 72
1_Row_Opposing, 6.3417, 193, 72
1_Row_Opposing, 6.3472, 180, 72
1_Row_Opposing, 6.3528, 182, 72
1_Row_Opposing, 6.3583, 180, 72
1_Row_Opposing, 6.3639, 176, 72
1_Row_Opposing, 6.3694, 176, 72
1_Row_Opposing, 6.3750, 183, 72
1_Row_Opposing, 6.3805, 177, 72
1_Row_Opposing, 6.3861, 172, 72
1_Row_Opposing, 6.3917, 172, 72
1_Row_Opposing, 6.3972, 188, 72
1_Row_Opposing, 6.4028, 172, 72
1_Row_Opposing, 6.4086, 194, 72
1_Row_Opposing, 6.4139, 156, 72
1_Row_Opposing, 6.4195, 207, 72
1_Row_Opposing, 6.4250, 172, 72
1_Row_Opposing, 6.4305, 193, 72
1_Row_Opposing, 6.4361, 175, 72
1_Row_Opposing, 6.4417, 182, 72
1_Row_Opposing, 6.4472, 185, 72
1_Row_Opposing, 6.4527, 168, 72
1_Row_Opposing, 6.4583, 176, 72
1_Row_Opposing, 6.4639, 171, 72
1_Row_Opposing, 6.4695, 185, 72
1_Row_Opposing, 6.4750, 176, 72
1_Row_Opposing, 6.4805, 187, 72
1_Row_Opposing, 6.4861, 171, 72
1_Row_Opposing, 6.4916, 192, 72
1_Row_Opposing, 6.4972, 176, 72
1_Row_Opposing, 6.5028, 180, 72
1_Row_Opposing, 6.5083, 184, 72
1_Row_Opposing, 6.5139, 178, 72
1_Row_Opposing, 6.5195, 183, 72
1_Row_Opposing, 6.5250, 188, 72
1_Row_Opposing, 6.5305, 173, 72
1_Row_Opposing, 6.5362, 179, 72
1_Row_Opposing, 6.5417, 172, 72
1_Row_Opposing, 6.5472, 176, 72
1_Row_Opposing, 6.5528, 187, 72
1_Row_Opposing, 6.5584, 184, 72
1_Row_Opposing, 6.5639, 164, 72
1_Row_Opposing, 6.5695, 189, 72
1_Row_Opposing, 6.5750, 191, 72
1_Row_Opposing, 6.5807, 180, 72
1_Row_Opposing, 6.5861, 173, 72
1_Row_Opposing, 6.5916, 187, 72
1_Row_Opposing, 6.5972, 179, 72
1_Row_Opposing, 6.6028, 186, 72
1_Row_Opposing, 6.6083, 170, 72
1_Row_Opposing, 6.6139, 180, 72
1_Row_Opposing, 6.6195, 183, 72
1_Row_Opposing, 6.6250, 185, 72
1_Row_Opposing, 6.6306, 175, 72
1_Row_Opposing, 6.6361, 179, 72
1_Row_Opposing, 6.6416, 182, 72
1_Row_Opposing, 6.6472, 184, 72
1_Row_Opposing, 6.6527, 184, 72
1_Row_Opposing, 6.6583, 184, 72
1_Row_Opposing, 6.6639, 176, 72
1_Row_Opposing, 6.6695, 176, 72
1_Row_Opposing, 6.6750, 180, 72
1_Row_Opposing, 6.6805, 183, 72
1_Row_Opposing, 6.6861, 173, 72
1_Row_Opposing, 6.6916, 180, 72
1_Row_Opposing, 6.6972, 174, 72
1_Row_Opposing, 6.7028, 172, 72
1_Row_Opposing, 6.7083, 171, 72
1_Row_Opposing, 6.7139, 192, 72
1_Row_Opposing, 6.7194, 179, 72
1_Row_Opposing, 6.7250, 189, 72
1_Row_Opposing, 6.7305, 178, 72
1_Row_Opposing, 6.7361, 185, 72
1_Row_Opposing, 6.7416, 185, 72
1_Row_Opposing, 6.7472, 179, 72
1_Row_Opposing, 6.7528, 178, 72
1_Row_Opposing, 6.7583, 170, 72
1_Row_Opposing, 6.7639, 187, 72
1_Row_Opposing, 6.7694, 178, 72
1_Row_Opposing, 6.7750, 187, 72
1_Row_Opposing, 6.7805, 170, 72
1_Row_Opposing, 6.7861, 185, 72
1_Row_Opposing, 6.7916, 169, 72
1_Row_Opposing, 6.7972, 180, 72
1_Row_Opposing, 6.8028, 175, 72
1_Row_Opposing, 6.8083, 182, 72
1_Row_Opposing, 6.8139, 179, 72
1_Row_Opposing, 6.8194, 182, 72
1_Row_Opposing, 6.8250, 172, 72
1_Row_Opposing, 6.8305, 178, 72
1_Row_Opposing, 6.8361, 182, 72
1_Row_Opposing, 6.8416, 174, 72
1_Row_Opposing, 6.8472, 185, 72
1_Row_Opposing, 6.8528, 182, 72
1_Row_Opposing, 6.8584, 175, 72
1_Row_Opposing, 6.8639, 175, 72
1_Row_Opposing, 6.8694, 176, 72
1_Row_Opposing, 6.8752, 187, 72
1_Row_Opposing, 6.8806, 165, 72
1_Row_Opposing, 6.8861, 198, 72
1_Row_Opposing, 6.8917, 172, 72
1_Row_Opposing, 6.8972, 181, 72
1_Row_Opposing, 6.9028, 182, 72
1_Row_Opposing, 6.9083, 188, 72
1_Row_Opposing, 6.9139, 177, 72
1_Row_Opposing, 6.9194, 174, 72
1_Row_Opposing, 6.9250, 184, 72
1_Row_Opposing, 6.9305, 168, 72
1_Row_Opposing, 6.9361, 194, 72
1_Row_Opposing, 6.9416, 195, 72
1_Row_Opposing, 6.9472, 172, 72
1_Row_Opposing, 6.9528, 189, 72
1_Row_Opposing, 6.9583, 180, 72
1_Row_Opposing, 6.9639, 175, 72
1_Row_Opposing, 6.9694, 184, 72
1_Row_Opposing, 6.9750, 179, 72
1_Row_Opposing, 6.9805, 188, 72
1_Row_Opposing, 6.9861, 175, 72
1_Row_Opposing, 6.9916, 179, 72
1_Row_Opposing, 6.9972, 179, 72
1_Row_Opposing, 7.0028, 179, 72
1_Row_Opposing, 7.0083, 176, 72
1_Row_Opposing, 7.0139, 179, 72
1_Row_Opposing, 7.0194, 179, 72
1_Row_Opposing, 7.0250, 173, 72
1_Row_Opposing, 7.0305, 176, 72
1_Row_Opposing, 7.0361, 191, 72
1_Row_Opposing, 7.0416, 174, 72
1_Row_Opposing, 7.0472, 183, 72
1_Row_Opposing, 7.0527, 180, 72
1_Row_Opposing, 7.0583, 177, 72
1_Row_Opposing, 7.0639, 186, 72
1_Row_Opposing, 7.0694, 181, 72
1_Row_Opposing, 7.0750, 182, 72
1_Row_Opposing, 7.0805, 179, 72
1_Row_Opposing, 7.0861, 179, 72
1_Row_Opposing, 7.0916, 176, 72
1_Row_Opposing, 7.0972, 167, 72
1_Row_Opposing, 7.1027, 188, 72
1_Row_Opposing, 7.1085, 193, 72
1_Row_Opposing, 7.1139, 167, 72
1_Row_Opposing, 7.1194, 179, 72
1_Row_Opposing, 7.1250, 182, 72
1_Row_Opposing, 7.1305, 188, 72
1_Row_Opposing, 7.1361, 175, 72
1_Row_Opposing, 7.1417, 175, 72
1_Row_Opposing, 7.1472, 169, 72
1_Row_Opposing, 7.1527, 189, 72
1_Row_Opposing, 7.1583, 184, 72
1_Row_Opposing, 7.1639, 173, 72
1_Row_Opposing, 7.1694, 186, 72
1_Row_Opposing, 7.1750, 174, 72
1_Row_Opposing, 7.1805, 180, 72
1_Row_Opposing, 7.1861, 188, 72
1_Row_Opposing, 7.1917, 176, 72
1_Row_Opposing, 7.1972, 174, 72
1_Row_Opposing, 7.2028, 188, 72
1_Row_Opposing, 7.2083, 178, 72
1_Row_Opposing, 7.2139, 170, 72
1_Row_Opposing, 7.2194, 177, 72
1_Row_Opposing, 7.2250, 194, 72
1_Row_Opposing, 7.2305, 171, 72
1_Row_Opposing, 7.2361, 181, 72
1_Row_Opposing, 7.2416, 174, 72
1_Row_Opposing, 7.2472, 186, 72
1_Row_Opposing, 7.2528, 177, 72
1_Row_Opposing, 7.2583, 185, 72
1_Row_Opposing, 7.2639, 168, 72
1_Row_Opposing, 7.2694, 187, 72
1_Row_Opposing, 7.2750, 184, 72
1_Row_Opposing, 7.2806, 177, 72
1_Row_Opposing, 7.2861, 188, 72
1_Row_Opposing, 7.2916, 176, 72
1_Row_Opposing, 7.2972, 184, 72
1_Row_Opposing, 7.3027, 169, 72
1_Row_Opposing, 7.3084, 168, 72
1_Row_Opposing, 7.3139, 191, 72
1_Row_Opposing, 7.3194, 184, 72
1_Row_Opposing, 7.3250, 172, 72
1_Row_Opposing, 7.3305, 172, 72
1_Row_Opposing, 7.3361, 176, 72
1_Row_Opposing, 7.3417, 183, 72
1_Row_Opposing, 7.3472, 165, 72
1_Row_Opposing, 7.3528, 204, 72
1_Row_Opposing, 7.3583, 171, 72
1_Row_Opposing, 7.3639, 168, 72
1_Row_Opposing, 7.3694, 193, 72
1_Row_Opposing, 7.3752, 186, 72
1_Row_Opposing, 7.3805, 175, 72
1_Row_Opposing, 7.3861, 189, 72
1_Row_Opposing, 7.3917, 166, 72
1_Row_Opposing, 7.3972, 180, 72
1_Row_Opposing, 7.4028, 180, 72
1_Row_Opposing, 7.4083, 183, 72
1_Row_Opposing, 7.4139, 180, 72
1_Row_Opposing, 7.4195, 184, 72
1_Row_Opposing, 7.4250, 174, 72
1_Row_Opposing, 7.4306, 174, 72
1_Row_Opposing, 7.4361, 174, 72
1_Row_Opposing, 7.4417, 182, 72
1_Row_Opposing, 7.4473, 171, 72
1_Row_Opposing, 7.4528, 197, 72
1_Row_Opposing, 7.4583, 185, 72
1_Row_Opposing, 7.4639, 160, 72
1_Row_Opposing, 7.4696, 180, 72
1_Row_Opposing, 7.4861, 192, 72
1_Row_Opposing, 7.4891, 62, 72
1_Row_Opposing, 7.4921, 324, 72
1_Row_Opposing, 7.4972, 368, 72
1_Row_Opposing, 7.5027, 176, 72
1_Row_Opposing, 7.5083, 189, 72
1_Row_Opposing, 7.5139, 176, 72
1_Row_Opposing, 7.5195, 187, 72
1_Row_Opposing, 7.5250, 177, 72
1_Row_Opposing, 7.5306, 179, 72
1_Row_Opposing, 7.5361, 182, 72
1_Row_Opposing, 7.5417, 179, 72
1_Row_Opposing, 7.5472, 178, 72
1_Row_Opposing, 7.5528, 171, 72
1_Row_Opposing, 7.5583, 184, 72
1_Row_Opposing, 7.5639, 175, 72
1_Row_Opposing, 7.5695, 191, 72
1_Row_Opposing, 7.5750, 189, 72
1_Row_Opposing, 7.5805, 186, 72
1_Row_Opposing, 7.5861, 177, 72
1_Row_Opposing, 7.5918, 183, 72
1_Row_Opposing, 7.5973, 145, 72
1_Row_Opposing, 7.6029, 187, 72
1_Row_Opposing, 7.6084, 193, 72
1_Row_Opposing, 7.6140, 179, 72
1_Row_Opposing, 7.6195, 164, 72
1_Row_Opposing, 7.6252, 229, 72
1_Row_Opposing, 7.6305, 156, 72
1_Row_Opposing, 7.6361, 204, 72
1_Row_Opposing, 7.6416, 174, 72
1_Row_Opposing, 7.6472, 182, 72
1_Row_Opposing, 7.6528, 175, 72
1_Row_Opposing, 7.6583, 182, 72
1_Row_Opposing, 7.6639, 172, 72
1_Row_Opposing, 7.6694, 189, 72
1_Row_Opposing, 7.6750, 185, 72
1_Row_Opposing, 7.6805, 177, 72
1_Row_Opposing, 7.6863, 189, 72
1_Row_Opposing, 7.6916, 168, 72
1_Row_Opposing, 7.6972, 189, 72
1_Row_Opposing, 7.7028, 180, 72
1_Row_Opposing, 7.7083, 183, 72
1_Row_Opposing, 7.7139, 177, 72
1_Row_Opposing, 7.7194, 170, 72
1_Row_Opposing, 7.7250, 183, 72
1_Row_Opposing, 7.7305, 176, 72
1_Row_Opposing, 7.7361, 184, 72
1_Row_Opposing, 7.7416, 179, 72
1_Row_Opposing, 7.7472, 179, 72
1_Row_Opposing, 7.7527, 177, 72
1_Row_Opposing, 7.7583, 186, 72
1_Row_Opposing, 7.7639, 181, 72
1_Row_Opposing, 7.7694, 174, 72
1_Row_Opposing, 7.7750, 186, 72
1_Row_Opposing, 7.7805, 176, 72
1_Row_Opposing, 7.7861, 183, 72
1_Row_Opposing, 7.7916, 175, 72
1_Row_Opposing, 7.7972, 187, 72
1_Row_Opposing, 7.8027, 176, 72
1_Row_Opposing, 7.8083, 186, 72
1_Row_Opposing, 7.8139, 168, 72
1_Row_Opposing, 7.8194, 180, 72
1_Row_Opposing, 7.8250, 183, 72
1_Row_Opposing, 7.8305, 183, 72
1_Row_Opposing, 7.8361, 179, 72
1_Row_Opposing, 7.8416, 179, 72
1_Row_Opposing, 7.8472, 185, 72
1_Row_Opposing, 7.8527, 172, 72
1_Row_Opposing, 7.8583, 186, 72
1_Row_Opposing, 7.8639, 182, 72
1_Row_Opposing, 7.8694, 175, 72
1_Row_Opposing, 7.8749, 175, 72
1_Row_Opposing, 7.8805, 188, 72
1_Row_Opposing, 7.8861, 169, 72
1_Row_Opposing, 7.8916, 187, 72
1_Row_Opposing, 7.8972, 177, 72
1_Row_Opposing, 7.9027, 183, 72
1_Row_Opposing, 7.9083, 176, 72
1_Row_Opposing, 7.9139, 171, 72
1_Row_Opposing, 7.9194, 187, 72
1_Row_Opposing, 7.9250, 185, 72
1_Row_Opposing, 7.9305, 178, 72
1_Row_Opposing, 7.9361, 183, 72
1_Row_Opposing, 7.9416, 176, 72
1_Row_Opposing, 7.9472, 184, 72
1_Row_Opposing, 7.9527, 168, 72
1_Row_Opposing, 7.9583, 188, 72
1_Row_Opposing, 7.9639, 173, 72
1_Row_Opposing, 7.9694, 178, 72
1_Row_Opposing, 7.9750, 178, 72
1_Row_Opposing, 7.9805, 184, 72
1_Row_Opposing, 7.9861, 177, 72
1_Row_Opposing, 7.9916, 183, 72
1_Row_Opposing, 7.9972, 174, 72
1_Row_Opposing, 8.0027, 175, 72
1_Row_Opposing, 8.0083, 184, 72
1_Row_Opposing, 8.0140, 174, 72
1_Row_Opposing, 8.0194, 183, 72
1_Row_Opposing, 8.0250, 178, 72
1_Row_Opposing, 8.0305, 180, 72
1_Row_Opposing, 8.0361, 184, 72
1_Row_Opposing, 8.0416, 179, 72
1_Row_Opposing, 8.0472, 184, 72
1_Row_Opposing, 8.0527, 173, 72
1_Row_Opposing, 8.0583, 186, 72
1_Row_Opposing, 8.0639, 178, 72
1_Row_Opposing, 8.0694, 179, 72
1_Row_Opposing, 8.0750, 179, 72
1_Row_Opposing, 8.0805, 182, 72
1_Row_Opposing, 8.0861, 184, 72
1_Row_Opposing, 8.0916, 175, 72
1_Row_Opposing, 8.0972, 189, 72
1_Row_Opposing, 8.1027, 175, 72
1_Row_Opposing, 8.1083, 180, 72
1_Row_Opposing, 8.1139, 188, 72
1_Row_Opposing, 8.1194, 176, 72
1_Row_Opposing, 8.1250, 182, 72
1_Row_Opposing, 8.1305, 180, 72
1_Row_Opposing, 8.1361, 174, 72
1_Row_Opposing, 8.1416, 182, 72
1_Row_Opposing, 8.1472, 177, 72
1_Row_Opposing, 8.1527, 173, 72
1_Row_Opposing, 8.1583, 182, 72
1_Row_Opposing, 8.1639, 183, 72
1_Row_Opposing, 8.1694, 176, 72
1_Row_Opposing, 8.1750, 184, 72
1_Row_Opposing, 8.1805, 169, 72
1_Row_Opposing, 8.1861, 175, 72
1_Row_Opposing, 8.1916, 177, 72
1_Row_Opposing, 8.1972, 197, 72
1_Row_Opposing, 8.2028, 173, 72
1_Row_Opposing, 8.2083, 184, 72
1_Row_Opposing, 8.2138, 186, 72
1_Row_Opposing, 8.2195, 179, 72
1_Row_Opposing, 8.2250, 179, 72
1_Row_Opposing, 8.2305, 179, 72
1_Row_Opposing, 8.2361, 174, 72
1_Row_Opposing, 8.2416, 185, 72
1_Row_Opposing, 8.2472, 179, 72
1_Row_Opposing, 8.2527, 176, 72
1_Row_Opposing, 8.2583, 179, 72
1_Row_Opposing, 8.2639, 186, 72
1_Row_Opposing, 8.2694, 173, 72
1_Row_Opposing, 8.2750, 183, 72
1_Row_Opposing, 8.2805, 182, 72
1_Row_Opposing, 8.2861, 178, 72
1_Row_Opposing, 8.2916, 179, 72
1_Row_Opposing, 8.2972, 174, 72
1_Row_Opposing, 8.3028, 175, 72
1_Row_Opposing, 8.3083, 191, 72
1_Row_Opposing, 8.3139, 170, 72
1_Row_Opposing, 8.3194, 177, 72
1_Row_Opposing, 8.3250, 183, 72
1_Row_Opposing, 8.3305, 167, 72
1_Row_Opposing, 8.3361, 182, 72
1_Row_Opposing, 8.3416, 193, 72
1_Row_Opposing, 8.3472, 179, 72
1_Row_Opposing, 8.3527, 182, 72
1_Row_Opposing, 8.3583, 180, 72
1_Row_Opposing, 8.3639, 175, 72
1_Row_Opposing, 8.3694, 179, 72
1_Row_Opposing, 8.3750, 179, 72
1_Row_Opposing, 8.3805, 174, 72
1_Row_Opposing, 8.3861, 188, 72
1_Row_Opposing, 8.3916, 167, 72
1_Row_Opposing, 8.3972, 190, 72
1_Row_Opposing, 8.4027, 185, 72
1_Row_Opposing, 8.4083, 165, 72
1_Row_Opposing, 8.4139, 180, 72
1_Row_Opposing, 8.4194, 183, 72
1_Row_Opposing, 8.4250, 183, 72
1_Row_Opposing, 8.4305, 185, 72
1_Row_Opposing, 8.4361, 177, 72
1_Row_Opposing, 8.4416, 182, 72
1_Row_Opposing, 8.4472, 181, 72
1_Row_Opposing, 8.4527, 169, 72
1_Row_Opposing, 8.4583, 193, 72
1_Row_Opposing, 8.4639, 172, 72
1_Row_Opposing, 8.4694, 178, 72
1_Row_Opposing, 8.4750, 180, 72
1_Row_Opposing, 8.4805, 183, 72
1_Row_Opposing, 8.4861, 185, 72
1_Row_Opposing, 8.4916, 174, 72
1_Row_Opposing, 8.4972, 175, 72
1_Row_Opposing, 8.5028, 185, 72
1_Row_Opposing, 8.5083, 169, 72
1_Row_Opposing, 8.5139, 180, 72
1_Row_Opposing, 8.5194, 175, 72
1_Row_Opposing, 8.5250, 184, 72
1_Row_Opposing, 8.5305, 180, 72
1_Row_Opposing, 8.5361, 188, 72
1_Row_Opposing, 8.5417, 177, 72
1_Row_Opposing, 8.5472, 181, 72
1_Row_Opposing, 8.5528, 185, 72
1_Row_Opposing, 8.5583, 173, 72
1_Row_Opposing, 8.5639, 179, 72
1_Row_Opposing, 8.5694, 186, 72
1_Row_Opposing, 8.5750, 174, 72
1_Row_Opposing, 8.5805, 192, 72
1_Row_Opposing, 8.5861, 190, 72
1_Row_Opposing, 8.5916, 180, 72
1_Row_Opposing, 8.5972, 175, 72
1_Row_Opposing, 8.6027, 187, 72
1_Row_Opposing, 8.6083, 182, 72
1_Row_Opposing, 8.6139, 176, 72
1_Row_Opposing, 8.6194, 180, 72
1_Row_Opposing, 8.6250, 173, 72
1_Row_Opposing, 8.6305, 189, 72
1_Row_Opposing, 8.6361, 170, 72
1_Row_Opposing, 8.6528, 182, 72
1_Row_Opposing, 8.6554, 59, 72
1_Row_Opposing, 8.6583, 451, 72
1_Row_Opposing, 8.6639, 285, 72
1_Row_Opposing, 8.6694, 184, 72
1_Row_Opposing, 8.6750, 177, 72
1_Row_Opposing, 8.6805, 181, 72
1_Row_Opposing, 8.6862, 184, 72
1_Row_Opposing, 8.6917, 176, 72
1_Row_Opposing, 8.6972, 182, 72
1_Row_Opposing, 8.7028, 182, 72
1_Row_Opposing, 8.7083, 159, 72
1_Row_Opposing, 8.7139, 201, 72
1_Row_Opposing, 8.7194, 180, 72
1_Row_Opposing, 8.7250, 174, 72
1_Row_Opposing, 8.7305, 181, 72
1_Row_Opposing, 8.7361, 186, 72
1_Row_Opposing, 8.7416, 179, 72
1_Row_Opposing, 8.7472, 182, 72
1_Row_Opposing, 8.7527, 166, 72
1_Row_Opposing, 8.7583, 177, 72
1_Row_Opposing, 8.7638, 193, 72
1_Row_Opposing, 8.7694, 173, 72
1_Row_Opposing, 8.7750, 185, 72
1_Row_Opposing, 8.7805, 170, 72
1_Row_Opposing, 8.7861, 188, 72
1_Row_Opposing, 8.7916, 172, 72
1_Row_Opposing, 8.7972, 182, 72
1_Row_Opposing, 8.8027, 179, 72
1_Row_Opposing, 8.8083, 185, 72
1_Row_Opposing, 8.8139, 184, 72
1_Row_Opposing, 8.8194, 178, 72
1_Row_Opposing, 8.8251, 184, 72
1_Row_Opposing, 8.8305, 185, 72
1_Row_Opposing, 8.8361, 181, 72
1_Row_Opposing, 8.8416, 179, 72
1_Row_Opposing, 8.8472, 186, 72
1_Row_Opposing, 8.8527, 175, 72
1_Row_Opposing, 8.8583, 173, 72
1_Row_Opposing, 8.8638, 185, 72
1_Row_Opposing, 8.8694, 183, 72
1_Row_Opposing, 8.8750, 175, 72
1_Row_Opposing, 8.8806, 161, 72
1_Row_Opposing, 8.8861, 182, 72
1_Row_Opposing, 8.8916, 194, 72
1_Row_Opposing, 8.8972, 186, 72
1_Row_Opposing, 8.9028, 171, 72
1_Row_Opposing, 8.9083, 177, 72
1_Row_Opposing, 8.9139, 180, 72
1_Row_Opposing, 8.9194, 189, 72
1_Row_Opposing, 8.9250, 175, 72
1_Row_Opposing, 8.9305, 188, 72
1_Row_Opposing, 8.9361, 170, 72
1_Row_Opposing, 8.9416, 183, 72
1_Row_Opposing, 8.9472, 181, 72
1_Row_Opposing, 8.9528, 172, 72
1_Row_Opposing, 8.9583, 183, 72
1_Row_Opposing, 8.9638, 178, 72
1_Row_Opposing, 8.9694, 178, 72
1_Row_Opposing, 8.9750, 183, 72
1_Row_Opposing, 8.9805, 180, 72
1_Row_Opposing, 8.9861, 175, 72
1_Row_Opposing, 8.9916, 186, 72
1_Row_Opposing, 8.9972, 179, 72
1_Row_Opposing, 9.0027, 175, 72
1_Row_Opposing, 9.0083, 185, 72
1_Row_Opposing, 9.0138, 175, 72
1_Row_Opposing, 9.0194, 189, 72
1_Row_Opposing, 9.0250, 181, 72
1_Row_Opposing, 9.0305, 176, 72
1_Row_Opposing, 9.0361, 184, 72
1_Row_Opposing, 9.0416, 177, 72
1_Row_Opposing, 9.0472, 179, 72
1_Row_Opposing, 9.0528, 181, 72
1_Row_Opposing, 9.0583, 179, 72
1_Row_Opposing, 9.0638, 172, 72
1_Row_Opposing, 9.0694, 191, 72
1_Row_Opposing, 9.0749, 183, 72
1_Row_Opposing, 9.0805, 183, 72
1_Row_Opposing, 9.0861, 170, 72
1_Row_Opposing, 9.0916, 187, 72
1_Row_Opposing, 9.0972, 175, 72
1_Row_Opposing, 9.1027, 182, 72
1_Row_Opposing, 9.1083, 181, 72
1_Row_Opposing, 9.1140, 188, 72
1_Row_Opposing, 9.1195, 162, 72
1_Row_Opposing, 9.1251, 167, 72
1_Row_Opposing, 9.1306, 184, 72
1_Row_Opposing, 9.1362, 179, 72
1_Row_Opposing, 9.1417, 192, 72
1_Row_Opposing, 9.1473, 194, 72
1_Row_Opposing, 9.1528, 160, 72
1_Row_Opposing, 9.1583, 205, 72
1_Row_Opposing, 9.1639, 178, 72
1_Row_Opposing, 9.1694, 174, 72
1_Row_Opposing, 9.1750, 186, 72
1_Row_Opposing, 9.1805, 175, 72
1_Row_Opposing, 9.1861, 176, 72
1_Row_Opposing, 9.1916, 183, 72
1_Row_Opposing, 9.1972, 176, 72
1_Row_Opposing, 9.2028, 183, 72
1_Row_Opposing, 9.2083, 174, 72
1_Row_Opposing, 9.2140, 188, 72
1_Row_Opposing, 9.2195, 175, 72
1_Row_Opposing, 9.2250, 181, 72
1_Row_Opposing, 9.2305, 181, 72
1_Row_Opposing, 9.2361, 182, 72
1_Row_Opposing, 9.2416, 179, 72
1_Row_Opposing, 9.2472, 175, 72
1_Row_Opposing, 9.2527, 185, 72
1_Row_Opposing, 9.2583, 175, 72
1_Row_Opposing, 9.2638, 186, 72
1_Row_Opposing, 9.2694, 175, 72
1_Row_Opposing, 9.2750, 185, 72
1_Row_Opposing, 9.2805, 173, 72
1_Row_Opposing, 9.2860, 187, 72
1_Row_Opposing, 9.2916, 178, 72
1_Row_Opposing, 9.2972, 178, 72
1_Row_Opposing, 9.3028, 169, 72
1_Row_Opposing, 9.3083, 180, 72
1_Row_Opposing, 9.3139, 186, 72
1_Row_Opposing, 9.3194, 183, 72
1_Row_Opposing, 9.3250, 180, 72
1_Row_Opposing, 9.3305, 173, 72
1_Row_Opposing, 9.3361, 182, 72
1_Row_Opposing, 9.3416, 183, 72
1_Row_Opposing, 9.3472, 170, 72
1_Row_Opposing, 9.3527, 191, 72
1_Row_Opposing, 9.3583, 170, 72
1_Row_Opposing, 9.3638, 186, 72
1_Row_Opposing, 9.3694, 186, 72
1_Row_Opposing, 9.3750, 174, 72
1_Row_Opposing, 9.3805, 183, 72
1_Row_Opposing, 9.3861, 180, 72
1_Row_Opposing, 9.3916, 182, 72
1_Row_Opposing, 9.3972, 178, 72
1_Row_Opposing, 9.4028, 175, 72
1_Row_Opposing, 9.4083, 189, 72
1_Row_Opposing, 9.4139, 172, 72
1_Row_Opposing, 9.4194, 186, 72
1_Row_Opposing, 9.4250, 177, 72
1_Row_Opposing, 9.4305, 185, 72
1_Row_Opposing, 9.4361, 176, 72
1_Row_Opposing, 9.4416, 174, 72
1_Row_Opposing, 9.4472, 183, 72
1_Row_Opposing, 9.4528, 174, 72
1_Row_Opposing, 9.4583, 180, 72
1_Row_Opposing, 9.4638, 181, 72
1_Row_Opposing, 9.4694, 181, 72
1_Row_Opposing, 9.4749, 178, 72
1_Row_Opposing, 9.4805, 186, 72
1_Row_Opposing, 9.4861, 157, 72
1_Row_Opposing, 9.4916, 213, 72
1_Row_Opposing, 9.4972, 175, 72
1_Row_Opposing, 9.5027, 174, 72
1_Row_Opposing, 9.5083, 192, 72
1_Row_Opposing, 9.5138, 171, 72
1_Row_Opposing, 9.5194, 186, 72
1_Row_Opposing, 9.5250, 183, 72
1_Row_Opposing, 9.5305, 171, 72
1_Row_Opposing, 9.5361, 176, 72
1_Row_Opposing, 9.5418, 179, 72
1_Row_Opposing, 9.5472, 180, 72
1_Row_Opposing, 9.5527, 182, 72
1_Row_Opposing, 9.5583, 179, 72
1_Row_Opposing, 9.5638, 183, 72
1_Row_Opposing, 9.5694, 182, 72
1_Row_Opposing, 9.5750, 176, 72
1_Row_Opposing, 9.5805, 178, 72
1_Row_Opposing, 9.5861, 177, 72
1_Row_Opposing, 9.5916, 184, 72
1_Row_Opposing, 9.5972, 179, 72
1_Row_Opposing, 9.6027, 173, 72
1_Row_Opposing, 9.6083, 183, 72
1_Row_Opposing, 9.6138, 175, 72
1_Row_Opposing, 9.6195, 187, 72
1_Row_Opposing, 9.6250, 168, 72
1_Row_Opposing, 9.6305, 187, 72
1_Row_Opposing, 9.6361, 178, 72
1_Row_Opposing, 9.6416, 191, 72
1_Row_Opposing, 9.6472, 176, 72
1_Row_Opposing, 9.6527, 178, 72
1_Row_Opposing, 9.6583, 174, 72
1_Row_Opposing, 9.6638, 181, 72
1_Row_Opposing, 9.6694, 184, 72
1_Row_Opposing, 9.6750, 176, 72
1_Row_Opposing, 9.6805, 171, 72
1_Row_Opposing, 9.6861, 177, 72
1_Row_Opposing, 9.6916, 174, 72
1_Row_Opposing, 9.6972, 180, 72
1_Row_Opposing, 9.7028, 193, 72
1_Row_Opposing, 9.7083, 188, 72
1_Row_Opposing, 9.7138, 169, 72
1_Row_Opposing, 9.7194, 177, 72
1_Row_Opposing, 9.7250, 190, 72
1_Row_Opposing, 9.7305, 183, 72
1_Row_Opposing, 9.7361, 180, 72
1_Row_Opposing, 9.7416, 176, 72
1_Row_Opposing, 9.7472, 182, 72
1_Row_Opposing, 9.7528, 176, 72
1_Row_Opposing, 9.7583, 177, 72
1_Row_Opposing, 9.7638, 187, 72
1_Row_Opposing, 9.7694, 175, 72
1_Row_Opposing, 9.7750, 178, 72
1_Row_Opposing, 9.7805, 182, 72
1_Row_Opposing, 9.7861, 180, 72
1_Row_Opposing, 9.7917, 170, 72
1_Row_Opposing, 9.7972, 179, 72
1_Row_Opposing, 9.8028, 192, 72
1_Row_Opposing, 9.8083, 174, 72
1_Row_Opposing, 9.8250, 183, 72
1_Row_Opposing, 9.8272, 59, 72
1_Row_Opposing, 9.8305, 497, 72
1_Row_Opposing, 9.8360, 291, 72
1_Row_Opposing, 9.8416, 181, 72
1_Row_Opposing, 9.8472, 178, 72
1_Row_Opposing, 9.8527, 177, 72
1_Row_Opposing, 9.8583, 181, 72
1_Row_Opposing, 9.8638, 178, 72
1_Row_Opposing, 9.8694, 182, 72
1_Row_Opposing, 9.8750, 175, 72
1_Row_Opposing, 9.8805, 184, 72
1_Row_Opposing, 9.8861, 176, 72
1_Row_Opposing, 9.8916, 169, 72
1_Row_Opposing, 9.8972, 188, 72
1_Row_Opposing, 9.9029, 186, 72
1_Row_Opposing, 9.9083, 175, 72
1_Row_Opposing, 9.9139, 178, 72
1_Row_Opposing, 9.9194, 173, 72
1_Row_Opposing, 9.9249, 190, 72
1_Row_Opposing, 9.9305, 182, 72
1_Row_Opposing, 9.9361, 179, 72
1_Row_Opposing, 9.9416, 180, 72
1_Row_Opposing, 9.9472, 180, 72
1_Row_Opposing, 9.9527, 176, 72
1_Row_Opposing, 9.9583, 182, 72
1_Row_Opposing, 9.9640, 180, 72
1_Row_Opposing, 9.9694, 171, 72
1_Row_Opposing, 9.9749, 181, 72
1_Row_Opposing, 9.9805, 181, 72
1_Row_Opposing, 9.9860, 182, 72
1_Row_Opposing, 9.9916, 171, 72
1_Row_Opposing, 9.9972, 189, 72
1_Row_Opposing, 10.0027, 175, 72
1_Row_Opposing, 10.0083, 178, 72
1_Row_Opposing, 10.0138, 183, 72
1_Row_Opposing, 10.0194, 179, 72
1_Row_Opposing, 10.0249, 182, 72
1_Row_Opposing, 10.0305, 177, 72
1_Row_Opposing, 10.0361, 190, 72
1_Row_Opposing, 10.0416, 180, 72
1_Row_Opposing, 10.0472, 177, 72
1_Row_Opposing, 10.0527, 183, 72
1_Row_Opposing, 10.0583, 177, 72
1_Row_Opposing, 10.0639, 180, 72
1_Row_Opposing, 10.0694, 180, 72
1_Row_Opposing, 10.0750, 176, 72
1_Row_Opposing, 10.0805, 175, 72
1_Row_Opposing, 10.0861, 182, 72
1_Row_Opposing, 10.0916, 182, 72
1_Row_Opposing, 10.0972, 184, 72
1_Row_Opposing, 10.1029, 184, 72
1_Row_Opposing, 10.1083, 168, 72
1_Row_Opposing, 10.1139, 189, 72
1_Row_Opposing, 10.1194, 177, 72
1_Row_Opposing, 10.1249, 181, 72
1_Row_Opposing, 10.1305, 180, 72
1_Row_Opposing, 10.1361, 173, 72
1_Row_Opposing, 10.1416, 180, 72
1_Row_Opposing, 10.1472, 191, 72
1_Row_Opposing, 10.1528, 175, 72
1_Row_Opposing, 10.1583, 179, 72
1_Row_Opposing, 10.1638, 182, 72
1_Row_Opposing, 10.1694, 175, 72
1_Row_Opposing, 10.1749, 183, 72
1_Row_Opposing, 10.1806, 180, 72
1_Row_Opposing, 10.1861, 174, 72
1_Row_Opposing, 10.1916, 185, 72
1_Row_Opposing, 10.1972, 178, 72
1_Row_Opposing, 10.2027, 179, 72
1_Row_Opposing, 10.2083, 177, 72
1_Row_Opposing, 10.2138, 188, 72
1_Row_Opposing, 10.2194, 185, 72
1_Row_Opposing, 10.2249, 180, 72
1_Row_Opposing, 10.2305, 179, 72
1_Row_Opposing, 10.2361, 161, 72
1_Row_Opposing, 10.2416, 187, 72
1_Row_Opposing, 10.2472, 182, 72
1_Row_Opposing, 10.2527, 175, 72
1_Row_Opposing, 10.2583, 184, 72
1_Row_Opposing, 10.2639, 172, 72
1_Row_Opposing, 10.2694, 186, 72
1_Row_Opposing, 10.2749, 180, 72
1_Row_Opposing, 10.2805, 177, 72
1_Row_Opposing, 10.2860, 186, 72
1_Row_Opposing, 10.2916, 177, 72
1_Row_Opposing, 10.2971, 181, 72
1_Row_Opposing, 10.3027, 179, 72
1_Row_Opposing, 10.3083, 172, 72
1_Row_Opposing, 10.3138, 187, 72
1_Row_Opposing, 10.3194, 179, 72
1_Row_Opposing, 10.3250, 177, 72
1_Row_Opposing, 10.3305, 179, 72
1_Row_Opposing, 10.3361, 186, 72
1_Row_Opposing, 10.3416, 175, 72
1_Row_Opposing, 10.3472, 188, 72
1_Row_Opposing, 10.3527, 175, 72
1_Row_Opposing, 10.3583, 189, 72
1_Row_Opposing, 10.3639, 169, 72
1_Row_Opposing, 10.3694, 176, 72
1_Row_Opposing, 10.3750, 179, 72
1_Row_Opposing, 10.3805, 180, 72
1_Row_Opposing, 10.3863, 193, 72
1_Row_Opposing, 10.3916, 165, 72
1_Row_Opposing, 10.3972, 189, 72
1_Row_Opposing, 10.4028, 177, 72
1_Row_Opposing, 10.4083, 179, 72
1_Row_Opposing, 10.4139, 176, 72
1_Row_Opposing, 10.4194, 190, 72
1_Row_Opposing, 10.4250, 181, 72
1_Row_Opposing, 10.4305, 174, 72
1_Row_Opposing, 10.4360, 181, 72
1_Row_Opposing, 10.4416, 175, 72
1_Row_Opposing, 10.4472, 189, 72
1_Row_Opposing, 10.4527, 170, 72
1_Row_Opposing, 10.4583, 191, 72
1_Row_Opposing, 10.4639, 171, 72
1_Row_Opposing, 10.4694, 179, 72
1_Row_Opposing, 10.4750, 177, 72
1_Row_Opposing, 10.4805, 187, 72
1_Row_Opposing, 10.4860, 175, 72
1_Row_Opposing, 10.4916, 175, 72
1_Row_Opposing, 10.4972, 187, 72
1_Row_Opposing, 10.5027, 175, 72
1_Row_Opposing, 10.5083, 187, 72
1_Row_Opposing, 10.5138, 174, 72
1_Row_Opposing, 10.5194, 183, 72
1_Row_Opposing, 10.5249, 171, 72
1_Row_Opposing, 10.5305, 193, 72
1_Row_Opposing, 10.5360, 184, 72
1_Row_Opposing, 10.5416, 177, 72
1_Row_Opposing, 10.5472, 180, 72
1_Row_Opposing, 10.5527, 168, 72
1_Row_Opposing, 10.5583, 187, 72
1_Row_Opposing, 10.5638, 174, 72
1_Row_Opposing, 10.5694, 186, 72
1_Row_Opposing, 10.5749, 180, 72
1_Row_Opposing, 10.5805, 177, 72
1_Row_Opposing, 10.5860, 184, 72
1_Row_Opposing, 10.5916, 175, 72
1_Row_Opposing, 10.5972, 174, 72
1_Row_Opposing, 10.6027, 180, 72
1_Row_Opposing, 10.6083, 188, 72
1_Row_Opposing, 10.6138, 177, 72
1_Row_Opposing, 10.6194, 177, 72
1_Row_Opposing, 10.6250, 170, 72
1_Row_Opposing, 10.6305, 186, 72
1_Row_Opposing, 10.6360, 177, 72
1_Row_Opposing, 10.6416, 183, 72
1_Row_Opposing, 10.6471, 186, 72
1_Row_Opposing, 10.6528, 177, 72
1_Row_Opposing, 10.6583, 174, 72
1_Row_Opposing, 10.6638, 182, 72
1_Row_Opposing, 10.6694, 182, 72
1_Row_Opposing, 10.6749, 177, 72
1_Row_Opposing, 10.6805, 179, 72
1_Row_Opposing, 10.6860, 172, 72
1_Row_Opposing, 10.6916, 194, 72
1_Row_Opposing, 10.6972, 178, 72
1_Row_Opposing, 10.7027, 180, 72
1_Row_Opposing, 10.7082, 173, 72
1_Row_Opposing, 10.7139, 190, 72
1_Row_Opposing, 10.7194, 171, 72
1_Row_Opposing, 10.7249, 189, 72
1_Row_Opposing, 10.7305, 179, 72
1_Row_Opposing, 10.7360, 184, 72
1_Row_Opposing, 10.7416, 184, 72
1_Row_Opposing, 10.7471, 168, 72
1_Row_Opposing, 10.7527, 185, 72
1_Row_Opposing, 10.7582, 173, 72
1_Row_Opposing, 10.7639, 191, 72
1_Row_Opposing, 10.7694, 176, 72
1_Row_Opposing, 10.7749, 178, 72
1_Row_Opposing, 10.7805, 183, 72
1_Row_Opposing, 10.7860, 175, 72
1_Row_Opposing, 10.7916, 181, 72
1_Row_Opposing, 10.7972, 186, 72
1_Row_Opposing, 10.8027, 171, 72
1_Row_Opposing, 10.8083, 178, 72
1_Row_Opposing, 10.8138, 187, 72
1_Row_Opposing, 10.8194, 172, 72
1_Row_Opposing, 10.8249, 187, 72
1_Row_Opposing, 10.8305, 171, 72
1_Row_Opposing, 10.8361, 179, 72
1_Row_Opposing, 10.8416, 177, 72
1_Row_Opposing, 10.8471, 182, 72
1_Row_Opposing, 10.8527, 185, 72
1_Row_Opposing, 10.8582, 184, 72
1_Row_Opposing, 10.8638, 170, 72
1_Row_Opposing, 10.8693, 183, 72
1_Row_Opposing, 10.8749, 179, 72
1_Row_Opposing, 10.8805, 180, 72
1_Row_Opposing, 10.8860, 181, 72
1_Row_Opposing, 10.8916, 177, 72
1_Row_Opposing, 10.8972, 192, 72
1_Row_Opposing, 10.9027, 170, 72
1_Row_Opposing, 10.9083, 190, 72
1_Row_Opposing, 10.9138, 175, 72
1_Row_Opposing, 10.9194, 174, 72
1_Row_Opposing, 10.9249, 178, 72
1_Row_Opposing, 10.9304, 190, 72
1_Row_Opposing, 10.9361, 182, 72
1_Row_Opposing, 10.9416, 181, 72
1_Row_Opposing, 10.9471, 175, 72
1_Row_Opposing, 10.9527, 169, 72
1_Row_Opposing, 10.9583, 197, 72
1_Row_Opposing, 10.9638, 170, 72
1_Row_Opposing, 10.9749, 190, 72
1_Row_Opposing, 10.9768, 89, 72
1_Row_Opposing, 10.9805, 594, 72
1_Row_Opposing, 10.9860, 253, 72
1_Row_Opposing, 10.9916, 173, 72
1_Row_Opposing, 10.9971, 191, 72
1_Row_Opposing, 11.0027, 175, 72
1_Row_Opposing, 11.0082, 182, 72
1_Row_Opposing, 11.0138, 182, 72
1_Row_Opposing, 11.0194, 184, 72
1_Row_Opposing, 11.0249, 166, 72
1_Row_Opposing, 11.0305, 186, 72
1_Row_Opposing, 11.0360, 183, 72
1_Row_Opposing, 11.0416, 167, 72
1_Row_Opposing, 11.0471, 195, 72
1_Row_Opposing, 11.0527, 170, 72
1_Row_Opposing, 11.0583, 186, 72
1_Row_Opposing, 11.0638, 173, 72
1_Row_Opposing, 11.0694, 187, 72
1_Row_Opposing, 11.0750, 171, 72
1_Row_Opposing, 11.0805, 187, 72
1_Row_Opposing, 11.0861, 184, 72
1_Row_Opposing, 11.0916, 176, 72
1_Row_Opposing, 11.0971, 184, 72
1_Row_Opposing, 11.1027, 177, 72
1_Row_Opposing, 11.1082, 181, 72
1_Row_Opposing, 11.1138, 179, 72
1_Row_Opposing, 11.1194, 174, 72
1_Row_Opposing, 11.1249, 183, 72
1_Row_Opposing, 11.1305, 177, 72
1_Row_Opposing, 11.1361, 185, 72
1_Row_Opposing, 11.1416, 175, 72
1_Row_Opposing, 11.1471, 185, 72
1_Row_Opposing, 11.1527, 179, 72
1_Row_Opposing, 11.1583, 179, 72
1_Row_Opposing, 11.1638, 177, 72
1_Row_Opposing, 11.1694, 176, 72
1_Row_Opposing, 11.1749, 182, 72
1_Row_Opposing, 11.1805, 178, 72
1_Row_Opposing, 11.1860, 185, 72
1_Row_Opposing, 11.1916, 176, 72
1_Row_Opposing, 11.1971, 185, 72
1_Row_Opposing, 11.2027, 173, 72
1_Row_Opposing, 11.2082, 187, 72
1_Row_Opposing, 11.2138, 176, 72
1_Row_Opposing, 11.2194, 187, 72
1_Row_Opposing, 11.2251, 170, 72
1_Row_Opposing, 11.2306, 162, 72
1_Row_Opposing, 11.2362, 180, 72
1_Row_Opposing, 11.2417, 190, 72
1_Row_Opposing, 11.2473, 169, 72
1_Row_Opposing, 11.2528, 184, 72
1_Row_Opposing, 11.2584, 174, 72
1_Row_Opposing, 11.2638, 199, 72
1_Row_Opposing, 11.2694, 190, 72
1_Row_Opposing, 11.2749, 174, 72
1_Row_Opposing, 11.2805, 176, 72
1_Row_Opposing, 11.2860, 189, 72
1_Row_Opposing, 11.2916, 172, 72
1_Row_Opposing, 11.2972, 190, 72
1_Row_Opposing, 11.3027, 171, 72
1_Row_Opposing, 11.3082, 176, 72
1_Row_Opposing, 11.3138, 189, 72
1_Row_Opposing, 11.3194, 182, 72
1_Row_Opposing, 11.3249, 173, 72
1_Row_Opposing, 11.3305, 175, 72
1_Row_Opposing, 11.3360, 190, 72
1_Row_Opposing, 11.3416, 172, 72
1_Row_Opposing, 11.3472, 186, 72
1_Row_Opposing, 11.3527, 174, 72
1_Row_Opposing, 11.3582, 189, 72
1_Row_Opposing, 11.3638, 177, 72
1_Row_Opposing, 11.3694, 169, 72
1_Row_Opposing, 11.3749, 185, 72
1_Row_Opposing, 11.3805, 186, 72
1_Row_Opposing, 11.3860, 179, 72
1_Row_Opposing, 11.3916, 170, 72
1_Row_Opposing, 11.3972, 191, 72
1_Row_Opposing, 11.4027, 171, 72
1_Row_Opposing, 11.4083, 193, 72
1_Row_Opposing, 11.4138, 172, 72
1_Row_Opposing, 11.4194, 181, 72
1_Row_Opposing, 11.4249, 175, 72
1_Row_Opposing, 11.4304, 188, 72
1_Row_Opposing, 11.4360, 179, 72
1_Row_Opposing, 11.4416, 169, 72
1_Row_Opposing, 11.4471, 192, 72
1_Row_Opposing, 11.4527, 169, 72
1_Row_Opposing, 11.4583, 190, 72
1_Row_Opposing, 11.4638, 170, 72
1_Row_Opposing, 11.4693, 190, 72
1_Row_Opposing, 11.4749, 179, 72
1_Row_Opposing, 11.4805, 181, 72
1_Row_Opposing, 11.4860, 179, 72
1_Row_Opposing, 11.4916, 172, 72
1_Row_Opposing, 11.4971, 189, 72
1_Row_Opposing, 11.5027, 168, 72
1_Row_Opposing, 11.5082, 186, 72
1_Row_Opposing, 11.5138, 184, 72
1_Row_Opposing, 11.5194, 181, 72
1_Row_Opposing, 11.5249, 170, 72
1_Row_Opposing, 11.5304, 187, 72
1_Row_Opposing, 11.5360, 181, 72
1_Row_Opposing, 11.5416, 179, 72
1_Row_Opposing, 11.5471, 181, 72
1_Row_Opposing, 11.5527, 180, 72
1_Row_Opposing, 11.5583, 180, 72
1_Row_Opposing, 11.5638, 167, 72
1_Row_Opposing, 11.5694, 187, 72
1_Row_Opposing, 11.5749, 183, 72
1_Row_Opposing, 11.5805, 177, 72
1_Row_Opposing, 11.5860, 184, 72
1_Row_Opposing, 11.5916, 176, 72
1_Row_Opposing, 11.5972, 183, 72
1_Row_Opposing, 11.6027, 178, 72
1_Row_Opposing, 11.6082, 182, 72
1_Row_Opposing, 11.6138, 177, 72
1_Row_Opposing, 11.6193, 176, 72
1_Row_Opposing, 11.6250, 186, 72
1_Row_Opposing, 11.6305, 178, 72
1_Row_Opposing, 11.6360, 173, 72
1_Row_Opposing, 11.6416, 183, 72
1_Row_Opposing, 11.6471, 185, 72
1_Row_Opposing, 11.6527, 176, 72
1_Row_Opposing, 11.6583, 174, 72
1_Row_Opposing, 11.6638, 185, 72
1_Row_Opposing, 11.6694, 176, 72
1_Row_Opposing, 11.6749, 183, 72
1_Row_Opposing, 11.6804, 176, 72
1_Row_Opposing, 11.6860, 188, 72
1_Row_Opposing, 11.6916, 173, 72
1_Row_Opposing, 11.6971, 186, 72
1_Row_Opposing, 11.7027, 175, 72
1_Row_Opposing, 11.7083, 173, 72
1_Row_Opposing, 11.7138, 186, 72
1_Row_Opposing, 11.7194, 175, 72
1_Row_Opposing, 11.7249, 185, 72
1_Row_Opposing, 11.7304, 175, 72
1_Row_Opposing, 11.7360, 188, 72
1_Row_Opposing, 11.7416, 180, 72
1_Row_Opposing, 11.7472, 167, 72
1_Row_Opposing, 11.7527, 189, 72
1_Row_Opposing, 11.7583, 180, 72
1_Row_Opposing, 11.7638, 180, 72
1_Row_Opposing, 11.7694, 175, 72
1_Row_Opposing, 11.7749, 185, 72
1_Row_Opposing, 11.7805, 175, 72
1_Row_Opposing, 11.7860, 189, 72
1_Row_Opposing, 11.7916, 172, 72
1_Row_Opposing, 11.7971, 175, 72
1_Row_Opposing, 11.8027, 184, 72
1_Row_Opposing, 11.8083, 177, 72
1_Row_Opposing, 11.8138, 185, 72
1_Row_Opposing, 11.8194, 183, 72
1_Row_Opposing, 11.8249, 177, 72
1_Row_Opposing, 11.8305, 185, 72
1_Row_Opposing, 11.8360, 179, 72
1_Row_Opposing, 11.8416, 171, 72
1_Row_Opposing, 11.8471, 185, 72
1_Row_Opposing, 11.8527, 175, 72
1_Row_Opposing, 11.8583, 186, 72
1_Row_Opposing, 11.8638, 174, 72
1_Row_Opposing, 11.8693, 174, 72
1_Row_Opposing, 11.8749, 193, 72
1_Row_Opposing, 11.8805, 169, 72
1_Row_Opposing, 11.8860, 191, 72
1_Row_Opposing, 11.8917, 170, 72
1_Row_Opposing, 11.8971, 184, 72
1_Row_Opposing, 11.9027, 177, 72
1_Row_Opposing, 11.9082, 183, 72
1_Row_Opposing, 11.9139, 183, 72
1_Row_Opposing, 11.9194, 179, 72
1_Row_Opposing, 11.9249, 175, 72
1_Row_Opposing, 11.9305, 188, 72
1_Row_Opposing, 11.9360, 174, 72
1_Row_Opposing, 11.9416, 174, 72
1_Row_Opposing, 11.9471, 192, 72
1_Row_Opposing, 11.9527, 170, 72
1_Row_Opposing, 11.9583, 186, 72
1_Row_Opposing, 11.9638, 174, 72
1_Row_Opposing, 11.9693, 185, 72
1_Row_Opposing, 11.9749, 175, 72
1_Row_Opposing, 11.9805, 185, 72
1_Row_Opposing, 11.9861, 175, 72
1_Row_Opposing, 11.9916, 174, 72
1_Row_Opposing, 11.9972, 186, 72
1_Row_Opposing, 12.0027, 170, 72
1_Row_Opposing, 12.0083, 182, 72
1_Row_Opposing, 12.0138, 178, 72
1_Row_Opposing, 12.0194, 195, 72
1_Row_Opposing, 12.0250, 179, 72
1_Row_Opposing, 12.0305, 169, 72
1_Row_Opposing, 12.0361, 176, 72
1_Row_Opposing, 12.0416, 182, 72
1_Row_Opposing, 12.0471, 189, 72
1_Row_Opposing, 12.0527, 172, 72
1_Row_Opposing, 12.0582, 186, 72
1_Row_Opposing, 12.0638, 176, 72
1_Row_Opposing, 12.0694, 191, 72
1_Row_Opposing, 12.0749, 171, 72
1_Row_Opposing, 12.0804, 189, 72
1_Row_Opposing, 12.0860, 170, 72
1_Row_Opposing, 12.0916, 186, 72
1_Row_Opposing, 12.0971, 174, 72
1_Row_Opposing, 12.1027, 184, 72
1_Row_Opposing, 12.1083, 178, 72
1_Row_Opposing, 12.1139, 167, 72
1_Row_Opposing, 12.1193, 185, 72
1_Row_Opposing, 12.1249, 177, 72
1_Row_Opposing, 12.1416, 191, 72
1_Row_Opposing, 12.1436, 59, 72
1_Row_Opposing, 12.1472, 577, 72
1_Row_Opposing, 12.1527, 283, 72
1_Row_Opposing, 12.1582, 168, 72
1_Row_Opposing, 12.1638, 189, 72
1_Row_Opposing, 12.1694, 176, 72
1_Row_Opposing, 12.1749, 175, 72
1_Row_Opposing, 12.1805, 184, 72
1_Row_Opposing, 12.1860, 176, 72
1_Row_Opposing, 12.1916, 190, 72
1_Row_Opposing, 12.1971, 180, 72
1_Row_Opposing, 12.2027, 175, 72
1_Row_Opposing, 12.2083, 175, 72
1_Row_Opposing, 12.2138, 185, 72
1_Row_Opposing, 12.2194, 175, 72
1_Row_Opposing, 12.2249, 186, 72
1_Row_Opposing, 12.2305, 174, 72
1_Row_Opposing, 12.2360, 186, 72
1_Row_Opposing, 12.2416, 174, 72
1_Row_Opposing, 12.2471, 175, 72
1_Row_Opposing, 12.2527, 186, 72
1_Row_Opposing, 12.2582, 174, 72
1_Row_Opposing, 12.2638, 193, 72
1_Row_Opposing, 12.2694, 170, 72
1_Row_Opposing, 12.2749, 184, 72
1_Row_Opposing, 12.2805, 180, 72
1_Row_Opposing, 12.2860, 184, 72
1_Row_Opposing, 12.2916, 179, 72
1_Row_Opposing, 12.2971, 168, 72
1_Row_Opposing, 12.3027, 185, 72
1_Row_Opposing, 12.3082, 175, 72
1_Row_Opposing, 12.3138, 185, 72
1_Row_Opposing, 12.3194, 174, 72
1_Row_Opposing, 12.3249, 185, 72
1_Row_Opposing, 12.3305, 175, 72
1_Row_Opposing, 12.3360, 184, 72
1_Row_Opposing, 12.3416, 176, 72
1_Row_Opposing, 12.3472, 187, 72
1_Row_Opposing, 12.3527, 173, 72
1_Row_Opposing, 12.3583, 175, 72
1_Row_Opposing, 12.3638, 184, 72
1_Row_Opposing, 12.3694, 176, 72
1_Row_Opposing, 12.3749, 193, 72
1_Row_Opposing, 12.3805, 169, 72
1_Row_Opposing, 12.3860, 191, 72
1_Row_Opposing, 12.3916, 170, 72
1_Row_Opposing, 12.3971, 185, 72
1_Row_Opposing, 12.4027, 184, 72
1_Row_Opposing, 12.4083, 180, 72
1_Row_Opposing, 12.4138, 172, 72
1_Row_Opposing, 12.4194, 185, 72
1_Row_Opposing, 12.4249, 175, 72
1_Row_Opposing, 12.4305, 184, 72
1_Row_Opposing, 12.4361, 177, 72
1_Row_Opposing, 12.4416, 183, 72
1_Row_Opposing, 12.4472, 175, 72
1_Row_Opposing, 12.4527, 170, 72
1_Row_Opposing, 12.4582, 193, 72
1_Row_Opposing, 12.4638, 173, 72
1_Row_Opposing, 12.4693, 188, 72
1_Row_Opposing, 12.4749, 175, 72
1_Row_Opposing, 12.4804, 187, 72
1_Row_Opposing, 12.4860, 174, 72
1_Row_Opposing, 12.4916, 173, 72
1_Row_Opposing, 12.4971, 188, 72
1_Row_Opposing, 12.5027, 172, 72
1_Row_Opposing, 12.5083, 187, 72
1_Row_Opposing, 12.5138, 173, 72
1_Row_Opposing, 12.5194, 186, 72
1_Row_Opposing, 12.5249, 173, 72
1_Row_Opposing, 12.5304, 188, 72
1_Row_Opposing, 12.5360, 175, 72
1_Row_Opposing, 12.5416, 185, 72
1_Row_Opposing, 12.5471, 175, 72
1_Row_Opposing, 12.5527, 175, 72
1_Row_Opposing, 12.5583, 190, 72
1_Row_Opposing, 12.5638, 170, 72
1_Row_Opposing, 12.5694, 187, 72
1_Row_Opposing, 12.5749, 170, 72
1_Row_Opposing, 12.5804, 186, 72
1_Row_Opposing, 12.5860, 185, 72
1_Row_Opposing, 12.5915, 176, 72
1_Row_Opposing, 12.5971, 185, 72
1_Row_Opposing, 12.6027, 174, 72
1_Row_Opposing, 12.6082, 184, 72
1_Row_Opposing, 12.6138, 168, 72
1_Row_Opposing, 12.6194, 191, 72
1_Row_Opposing, 12.6249, 179, 72
1_Row_Opposing, 12.6304, 174, 72
1_Row_Opposing, 12.6360, 186, 72
1_Row_Opposing, 12.6417, 175, 72
1_Row_Opposing, 12.6472, 179, 72
1_Row_Opposing, 12.6527, 181, 72
1_Row_Opposing, 12.6582, 183, 72
1_Row_Opposing, 12.6638, 177, 72
1_Row_Opposing, 12.6694, 182, 72
1_Row_Opposing, 12.6749, 177, 72
1_Row_Opposing, 12.6804, 175, 72
1_Row_Opposing, 12.6860, 188, 72
1_Row_Opposing, 12.6916, 174, 72
1_Row_Opposing, 12.6971, 185, 72
1_Row_Opposing, 12.7027, 175, 72
1_Row_Opposing, 12.7082, 175, 72
1_Row_Opposing, 12.7138, 189, 72
1_Row_Opposing, 12.7194, 172, 72
1_Row_Opposing, 12.7249, 181, 72
1_Row_Opposing, 12.7305, 178, 72
1_Row_Opposing, 12.7360, 187, 72
1_Row_Opposing, 12.7416, 180, 72
1_Row_Opposing, 12.7471, 179, 72
1_Row_Opposing, 12.7527, 174, 72
1_Row_Opposing, 12.7583, 171, 72
1_Row_Opposing, 12.7638, 188, 72
1_Row_Opposing, 12.7694, 175, 72
1_Row_Opposing, 12.7749, 176, 72
1_Row_Opposing, 12.7805, 183, 72
1_Row_Opposing, 12.7860, 186, 72
1_Row_Opposing, 12.7916, 181, 72
1_Row_Opposing, 12.7971, 181, 72
1_Row_Opposing, 12.8027, 172, 72
1_Row_Opposing, 12.8082, 186, 72
1_Row_Opposing, 12.8138, 174, 72
1_Row_Opposing, 12.8193, 174, 72
1_Row_Opposing, 12.8249, 192, 72
1_Row_Opposing, 12.8304, 170, 72
1_Row_Opposing, 12.8360, 188, 72
1_Row_Opposing, 12.8416, 173, 72
1_Row_Opposing, 12.8472, 187, 72
1_Row_Opposing, 12.8527, 174, 72
1_Row_Opposing, 12.8583, 187, 72
1_Row_Opposing, 12.8638, 172, 72
1_Row_Opposing, 12.8694, 188, 72
1_Row_Opposing, 12.8749, 172, 72
1_Row_Opposing, 12.8804, 175, 72
1_Row_Opposing, 12.8860, 192, 72
1_Row_Opposing, 12.8916, 170, 72
1_Row_Opposing, 12.8971, 186, 72
1_Row_Opposing, 12.9027, 173, 72
1_Row_Opposing, 12.9082, 189, 72
1_Row_Opposing, 12.9138, 170, 72
1_Row_Opposing, 12.9194, 191, 72
1_Row_Opposing, 12.9249, 165, 72
1_Row_Opposing, 12.9305, 182, 72
1_Row_Opposing, 12.9360, 183, 72
1_Row_Opposing, 12.9416, 189, 72
1_Row_Opposing, 12.9471, 181, 72
1_Row_Opposing, 12.9527, 169, 72
1_Row_Opposing, 12.9583, 190, 72
1_Row_Opposing, 12.9638, 170, 72
1_Row_Opposing, 12.9693, 190, 72
1_Row_Opposing, 12.9749, 173, 72
1_Row_Opposing, 12.9804, 186, 72
1_Row_Opposing, 12.9860, 180, 72
1_Row_Opposing, 12.9916, 167, 72
1_Row_Opposing, 12.9971, 194, 72
1_Row_Opposing, 13.0027, 168, 72
1_Row_Opposing, 13.0082, 192, 72
1_Row_Opposing, 13.0138, 169, 72
1_Row_Opposing, 13.0193, 186, 72
1_Row_Opposing, 13.0249, 183, 72
1_Row_Opposing, 13.0304, 180, 72
1_Row_Opposing, 13.0360, 180, 72
1_Row_Opposing, 13.0416, 179, 72
1_Row_Opposing, 13.0471, 178, 72
1_Row_Opposing, 13.0527, 169, 72
1_Row_Opposing, 13.0582, 191, 72
1_Row_Opposing, 13.0638, 169, 72
1_Row_Opposing, 13.0693, 190, 72
1_Row_Opposing, 13.0749, 180, 72
1_Row_Opposing, 13.0804, 175, 72
1_Row_Opposing, 13.0860, 181, 72
1_Row_Opposing, 13.0916, 182, 72
1_Row_Opposing, 13.0972, 181, 72
1_Row_Opposing, 13.1027, 178, 72
1_Row_Opposing, 13.1083, 180, 72
1_Row_Opposing, 13.1138, 169, 72
1_Row_Opposing, 13.1194, 190, 72
1_Row_Opposing, 13.1249, 169, 72
1_Row_Opposing, 13.1305, 187, 72
1_Row_Opposing, 13.1360, 184, 72
1_Row_Opposing, 13.1416, 176, 72
1_Row_Opposing, 13.1471, 184, 72
1_Row_Opposing, 13.1527, 182, 72
1_Row_Opposing, 13.1582, 171, 72
1_Row_Opposing, 13.1638, 175, 72
1_Row_Opposing, 13.1694, 188, 72
1_Row_Opposing, 13.1749, 173, 72
1_Row_Opposing, 13.1805, 186, 72
1_Row_Opposing, 13.1860, 176, 72
1_Row_Opposing, 13.1916, 185, 72
1_Row_Opposing, 13.1971, 174, 72
1_Row_Opposing, 13.2027, 187, 72
1_Row_Opposing, 13.2083, 180, 72
1_Row_Opposing, 13.2138, 176, 72
1_Row_Opposing, 13.2194, 176, 72
1_Row_Opposing, 13.2249, 185, 72
1_Row_Opposing, 13.2304, 186, 72
1_Row_Opposing, 13.2360, 178, 72
1_Row_Opposing, 13.2416, 181, 72
1_Row_Opposing, 13.2471, 179, 72
1_Row_Opposing, 13.2527, 181, 72
1_Row_Opposing, 13.2583, 166, 72
1_Row_Opposing, 13.2638, 191, 72
1_Row_Opposing, 13.2693, 172, 72
1_Row_Opposing, 13.2804, 185, 72
1_Row_Opposing, 13.2822, 91, 72
1_Row_Opposing, 13.2860, 576, 72
1_Row_Opposing, 13.3027, 259, 72
1_Row_Opposing, 13.3044, 60, 72
1_Row_Opposing, 13.3082, 602, 72
1_Row_Opposing, 13.3138, 243, 72
1_Row_Opposing, 13.3194, 174, 72
1_Row_Opposing, 13.3249, 185, 72
1_Row_Opposing, 13.3305, 176, 72
1_Row_Opposing, 13.3360, 186, 72
1_Row_Opposing, 13.3415, 175, 72
1_Row_Opposing, 13.3471, 189, 72
1_Row_Opposing, 13.3527, 180, 72
1_Row_Opposing, 13.3583, 168, 72
1_Row_Opposing, 13.3638, 184, 72
1_Row_Opposing, 13.3693, 175, 72
1_Row_Opposing, 13.3749, 190, 72
1_Row_Opposing, 13.3804, 170, 72
1_Row_Opposing, 13.3860, 191, 72
1_Row_Opposing, 13.3916, 172, 72
1_Row_Opposing, 13.3971, 183, 72
1_Row_Opposing, 13.4027, 175, 72
1_Row_Opposing, 13.4082, 189, 72
1_Row_Opposing, 13.4138, 178, 72
1_Row_Opposing, 13.4193, 168, 72
1_Row_Opposing, 13.4249, 185, 72
1_Row_Opposing, 13.4304, 187, 72
1_Row_Opposing, 13.4360, 179, 72
1_Row_Opposing, 13.4416, 170, 72
1_Row_Opposing, 13.4471, 191, 72
1_Row_Opposing, 13.4527, 181, 72
1_Row_Opposing, 13.4582, 178, 72
1_Row_Opposing, 13.4638, 178, 72
1_Row_Opposing, 13.4693, 179, 72
1_Row_Opposing, 13.4749, 179, 72
1_Row_Opposing, 13.4804, 181, 72
1_Row_Opposing, 13.4860, 180, 72
1_Row_Opposing, 13.4915, 180, 72
1_Row_Opposing, 13.4971, 180, 72
1_Row_Opposing, 13.5027, 179, 72
1_Row_Opposing, 13.5082, 179, 72
1_Row_Opposing, 13.5138, 170, 72
1_Row_Opposing, 13.5194, 192, 72
1_Row_Opposing, 13.5249, 169, 72
1_Row_Opposing, 13.5304, 187, 72
1_Row_Opposing, 13.5360, 182, 72
1_Row_Opposing, 13.5416, 163, 72
1_Row_Opposing, 13.5471, 189, 72
1_Row_Opposing, 13.5527, 181, 72
1_Row_Opposing, 13.5583, 188, 72
1_Row_Opposing, 13.5638, 168, 72
1_Row_Opposing, 13.5693, 192, 72
1_Row_Opposing, 13.5749, 178, 72
1_Row_Opposing, 13.5804, 179, 72
1_Row_Opposing, 13.5860, 182, 72
1_Row_Opposing, 13.5915, 181, 72
1_Row_Opposing, 13.5971, 178, 72
1_Row_Opposing, 13.6027, 179, 72
1_Row_Opposing, 13.6082, 173, 72
1_Row_Opposing, 13.6138, 175, 72
1_Row_Opposing, 13.6193, 186, 72
1_Row_Opposing, 13.6249, 174, 72
1_Row_Opposing, 13.6304, 185, 72
1_Row_Opposing, 13.6360, 186, 72
1_Row_Opposing, 13.6415, 177, 72
1_Row_Opposing, 13.6471, 182, 72
1_Row_Opposing, 13.6526, 178, 72
1_Row_Opposing, 13.6582, 182, 72
1_Row_Opposing, 13.6638, 179, 72
1_Row_Opposing, 13.6693, 173, 72
1_Row_Opposing, 13.6749, 174, 72
1_Row_Opposing, 13.6804, 186, 72
1_Row_Opposing, 13.6860, 185, 72
1_Row_Opposing, 13.6915, 174, 72
1_Row_Opposing, 13.6971, 187, 72
1_Row_Opposing, 13.7028, 176, 72
1_Row_Opposing, 13.7082, 181, 72
1_Row_Opposing, 13.7138, 177, 72
1_Row_Opposing, 13.7194, 174, 72
1_Row_Opposing, 13.7249, 189, 72
1_Row_Opposing, 13.7304, 178, 72
1_Row_Opposing, 13.7360, 180, 72
1_Row_Opposing, 13.7415, 181, 72
1_Row_Opposing, 13.7471, 179, 72
1_Row_Opposing, 13.7527, 175, 72
1_Row_Opposing, 13.7582, 174, 72
1_Row_Opposing, 13.7638, 185, 72
1_Row_Opposing, 13.7693, 174, 72
1_Row_Opposing, 13.7749, 185, 72
1_Row_Opposing, 13.7804, 176, 72
1_Row_Opposing, 13.7860, 184, 72
1_Row_Opposing, 13.7915, 185, 72
1_Row_Opposing, 13.7972, 178, 72
1_Row_Opposing, 13.8027, 173, 72
1_Row_Opposing, 13.8082, 178, 72
1_Row_Opposing, 13.8138, 188, 72
1_Row_Opposing, 13.8193, 180, 72
1_Row_Opposing, 13.8249, 174, 72
1_Row_Opposing, 13.8304, 176, 72
1_Row_Opposing, 13.8360, 189, 72
1_Row_Opposing, 13.8415, 171, 72
1_Row_Opposing, 13.8471, 190, 72
1_Row_Opposing, 13.8526, 172, 72
1_Row_Opposing, 13.8582, 176, 72
1_Row_Opposing, 13.8638, 186, 72
1_Row_Opposing, 13.8693, 173, 72
1_Row_Opposing, 13.8750, 185, 72
1_Row_Opposing, 13.8804, 186, 72
1_Row_Opposing, 13.8860, 175, 72
1_Row_Opposing, 13.8916, 175, 72
1_Row_Opposing, 13.8971, 188, 72
1_Row_Opposing, 13.9026, 173, 72
1_Row_Opposing, 13.9082, 189, 72
1_Row_Opposing, 13.9138, 179, 72
1_Row_Opposing, 13.9193, 168, 72
1_Row_Opposing, 13.9249, 184, 72
1_Row_Opposing, 13.9304, 178, 72
1_Row_Opposing, 13.9360, 189, 72
1_Row_Opposing, 13.9416, 179, 72
1_Row_Opposing, 13.9471, 169, 72
1_Row_Opposing, 13.9527, 185, 72
1_Row_Opposing, 13.9582, 182, 72
1_Row_Opposing, 13.9638, 173, 72
1_Row_Opposing, 13.9693, 188, 72
1_Row_Opposing, 13.9749, 179, 72
1_Row_Opposing, 13.9804, 180, 72
1_Row_Opposing, 13.9860, 181, 72
1_Row_Opposing, 13.9916, 181, 72
1_Row_Opposing, 13.9971, 168, 72
1_Row_Opposing, 14.0027, 179, 72
1_Row_Opposing, 14.0082, 190, 72
1_Row_Opposing, 14.0138, 170, 72
1_Row_Opposing, 14.0193, 187, 72
1_Row_Opposing, 14.0249, 181, 72
1_Row_Opposing, 14.0304, 175, 72
1_Row_Opposing, 14.0360, 185, 72
1_Row_Opposing, 14.0415, 170, 72
1_Row_Opposing, 14.0471, 192, 72
1_Row_Opposing, 14.0526, 163, 72
1_Row_Opposing, 14.0582, 200, 72
1_Row_Opposing, 14.0639, 168, 72
1_Row_Opposing, 14.0693, 185, 72
1_Row_Opposing, 14.0749, 185, 72
1_Row_Opposing, 14.0804, 178, 72
1_Row_Opposing, 14.0860, 180, 72
1_Row_Opposing, 14.0915, 182, 72
1_Row_Opposing, 14.0971, 179, 72
1_Row_Opposing, 14.1026, 169, 72
1_Row_Opposing, 14.1082, 192, 72
1_Row_Opposing, 14.1138, 167, 72
1_Row_Opposing, 14.1194, 195, 72
1_Row_Opposing, 14.1249, 167, 72
1_Row_Opposing, 14.1304, 182, 72
1_Row_Opposing, 14.1360, 190, 72
1_Row_Opposing, 14.1415, 176, 72
1_Row_Opposing, 14.1471, 182, 72
1_Row_Opposing, 14.1526, 179, 72
1_Row_Opposing, 14.1582, 181, 72
1_Row_Opposing, 14.1638, 179, 72
1_Row_Opposing, 14.1693, 173, 72
1_Row_Opposing, 14.1749, 173, 72
1_Row_Opposing, 14.1804, 193, 72
1_Row_Opposing, 14.1860, 179, 72
1_Row_Opposing, 14.1916, 175, 72
1_Row_Opposing, 14.1971, 184, 72
1_Row_Opposing, 14.2026, 175, 72
1_Row_Opposing, 14.2082, 182, 72
1_Row_Opposing, 14.2138, 177, 72
1_Row_Opposing, 14.2193, 174, 72
1_Row_Opposing, 14.2249, 183, 72
1_Row_Opposing, 14.2305, 177, 72
1_Row_Opposing, 14.2360, 184, 72
1_Row_Opposing, 14.2415, 182, 72
1_Row_Opposing, 14.2471, 178, 72
1_Row_Opposing, 14.2527, 176, 72
1_Row_Opposing, 14.2582, 183, 72
1_Row_Opposing, 14.2638, 179, 72
1_Row_Opposing, 14.2693, 181, 72
1_Row_Opposing, 14.2749, 178, 72
1_Row_Opposing, 14.2805, 173, 72
1_Row_Opposing, 14.2860, 184, 72
1_Row_Opposing, 14.2915, 176, 72
1_Row_Opposing, 14.2971, 187, 72
1_Row_Opposing, 14.3027, 171, 72
1_Row_Opposing, 14.3082, 178, 72
1_Row_Opposing, 14.3138, 185, 72
1_Row_Opposing, 14.3193, 177, 72
1_Row_Opposing, 14.3249, 191, 72
1_Row_Opposing, 14.3304, 171, 72
1_Row_Opposing, 14.3360, 189, 72
1_Row_Opposing, 14.3416, 179, 72
1_Row_Opposing, 14.3471, 179, 72
1_Row_Opposing, 14.3526, 180, 72
1_Row_Opposing, 14.3582, 180, 72
1_Row_Opposing, 14.3638, 174, 72
1_Row_Opposing, 14.3693, 186, 72
1_Row_Opposing, 14.3749, 175, 72
1_Row_Opposing, 14.3805, 172, 72
1_Row_Opposing, 14.3860, 185, 72
1_Row_Opposing, 14.3915, 175, 72
1_Row_Opposing, 14.3971, 186, 72
1_Row_Opposing, 14.4027, 177, 72
1_Row_Opposing, 14.4082, 185, 72
1_Row_Opposing, 14.4138, 180, 72
1_Row_Opposing, 14.4193, 168, 72
1_Row_Opposing, 14.4249, 185, 72
1_Row_Opposing, 14.4305, 187, 72
1_Row_Opposing, 14.4360, 172, 72
1_Row_Opposing, 14.4415, 180, 72
1_Row_Opposing, 14.4471, 187, 72
1_Row_Opposing, 14.4526, 176, 72
1_Row_Opposing, 14.4544, 188, 72
1_Row_Opposing, 14.4599, 557, 72
1_Row_Opposing, 14.4655, 184, 72
1_Row_Opposing, 14.4693, 176, 72
1_Row_Opposing, 14.4748, 244, 72
1_Row_Opposing, 14.4804, 190, 72
1_Row_Opposing, 14.4822, 178, 72
1_Row_Opposing, 14.4860, 559, 72
1_Row_Opposing, 14.4915, 269, 72
1_Row_Opposing, 14.4971, 178, 72
1_Row_Opposing, 14.5027, 169, 72
1_Row_Opposing, 14.5082, 179, 72
1_Row_Opposing, 14.5138, 176, 72
1_Row_Opposing, 14.5193, 193, 72
1_Row_Opposing, 14.5249, 183, 72
1_Row_Opposing, 14.5304, 175, 72
1_Row_Opposing, 14.5360, 181, 72
1_Row_Opposing, 14.5415, 170, 72
1_Row_Opposing, 14.5471, 192, 72
1_Row_Opposing, 14.5526, 179, 72
1_Row_Opposing, 14.5582, 180, 72
1_Row_Opposing, 14.5638, 178, 72
1_Row_Opposing, 14.5693, 181, 72
1_Row_Opposing, 14.5749, 169, 72
1_Row_Opposing, 14.5804, 188, 72
1_Row_Opposing, 14.5860, 181, 72
1_Row_Opposing, 14.5915, 181, 72
1_Row_Opposing, 14.5971, 179, 72
1_Row_Opposing, 14.6027, 176, 72
1_Row_Opposing, 14.6082, 180, 72
1_Row_Opposing, 14.6138, 170, 72
1_Row_Opposing, 14.6193, 194, 72
1_Row_Opposing, 14.6250, 167, 72
1_Row_Opposing, 14.6304, 191, 72
1_Row_Opposing, 14.6360, 181, 72
1_Row_Opposing, 14.6415, 177, 72
1_Row_Opposing, 14.6471, 183, 72
1_Row_Opposing, 14.6527, 179, 72
1_Row_Opposing, 14.6582, 173, 72
1_Row_Opposing, 14.6638, 175, 72
1_Row_Opposing, 14.6693, 184, 72
1_Row_Opposing, 14.6749, 174, 72
1_Row_Opposing, 14.6804, 187, 72
1_Row_Opposing, 14.6860, 184, 72
1_Row_Opposing, 14.6915, 177, 72
1_Row_Opposing, 14.6971, 182, 72
1_Row_Opposing, 14.7026, 177, 72
1_Row_Opposing, 14.7082, 181, 72
1_Row_Opposing, 14.7137, 178, 72
1_Row_Opposing, 14.7194, 182, 72
1_Row_Opposing, 14.7249, 166, 72
1_Row_Opposing, 14.7304, 188, 72
1_Row_Opposing, 14.7360, 186, 72
1_Row_Opposing, 14.7415, 180, 72
1_Row_Opposing, 14.7471, 180, 72
1_Row_Opposing, 14.7527, 178, 72
1_Row_Opposing, 14.7582, 179, 72
1_Row_Opposing, 14.7637, 176, 72
1_Row_Opposing, 14.7693, 185, 72
1_Row_Opposing, 14.7749, 176, 72
1_Row_Opposing, 14.7804, 175, 72
1_Row_Opposing, 14.7860, 185, 72
1_Row_Opposing, 14.7915, 182, 72
1_Row_Opposing, 14.7971, 179, 72
1_Row_Opposing, 14.8027, 171, 72
1_Row_Opposing, 14.8082, 177, 72
1_Row_Opposing, 14.8137, 191, 72
1_Row_Opposing, 14.8193, 180, 72
1_Row_Opposing, 14.8249, 180, 72
1_Row_Opposing, 14.8304, 172, 72
1_Row_Opposing, 14.8360, 188, 72
1_Row_Opposing, 14.8415, 172, 72
1_Row_Opposing, 14.8471, 188, 72
1_Row_Opposing, 14.8526, 180, 72
1_Row_Opposing, 14.8582, 169, 72
1_Row_Opposing, 14.8638, 183, 72
1_Row_Opposing, 14.8693, 176, 72
1_Row_Opposing, 14.8749, 191, 72
1_Row_Opposing, 14.8804, 171, 72
1_Row_Opposing, 14.8860, 188, 72
1_Row_Opposing, 14.8915, 172, 72
1_Row_Opposing, 14.8971, 189, 72
1_Row_Opposing, 14.9026, 172, 72
1_Row_Opposing, 14.9082, 188, 72
1_Row_Opposing, 14.9138, 171, 72
1_Row_Opposing, 14.9193, 176, 72
1_Row_Opposing, 14.9249, 185, 72
1_Row_Opposing, 14.9304, 176, 72
1_Row_Opposing, 14.9360, 192, 72
1_Row_Opposing, 14.9416, 170, 72
1_Row_Opposing, 14.9471, 188, 72
1_Row_Opposing, 14.9526, 168, 72
1_Row_Opposing, 14.9582, 196, 72
1_Row_Opposing, 14.9638, 170, 72
1_Row_Opposing, 14.9693, 188, 72
1_Row_Opposing, 14.9749, 179, 72
1_Row_Opposing, 14.9804, 180, 72
1_Row_Opposing, 14.9860, 180, 72
1_Row_Opposing, 14.9915, 167, 72
1_Row_Opposing, 14.9971, 187, 72
1_Row_Opposing, 15.0026, 175, 72
