2_Rows_Opposing, 0.0001, 178, 144
2_Rows_Opposing, 0.0165, 15, 144
2_Rows_Opposing, 0.0419, 39, 144
2_Rows_Opposing, 0.0846, 23, 144
2_Rows_Opposing, 0.1238, 25, 144
2_Rows_Opposing, 0.1489, 39, 144
2_Rows_Opposing, 0.1711, 44, 144
2_Rows_Opposing, 0.1927, 46, 144
2_Rows_Opposing, 0.2137, 47, 144
2_Rows_Opposing, 0.2342, 48, 144
2_Rows_Opposing, 0.2547, 48, 144
2_Rows_Opposing, 0.2747, 49, 144
2_Rows_Opposing, 0.2934, 53, 144
2_Rows_Opposing, 0.3104, 59, 144
2_Rows_Opposing, 0.3272, 59, 144
2_Rows_Opposing, 0.3439, 60, 144
2_Rows_Opposing, 0.3602, 61, 144
2_Rows_Opposing, 0.3761, 62, 144
2_Rows_Opposing, 0.3924, 61, 144
2_Rows_Opposing, 0.4083, 62, 144
2_Rows_Opposing, 0.4235, 65, 144
2_Rows_Opposing, 0.4385, 66, 144
2_Rows_Opposing, 0.4534, 67, 144
2_Rows_Opposing, 0.4683, 67, 144
2_Rows_Opposing, 0.4829, 68, 144
2_Rows_Opposing, 0.4974, 69, 144
2_Rows_Opposing, 0.5113, 72, 144
2_Rows_Opposing, 0.5252, 71, 144
2_Rows_Opposing, 0.5387, 73, 144
2_Rows_Opposing, 0.5527, 72, 144
2_Rows_Opposing, 0.5671, 68, 144
2_Rows_Opposing, 0.5815, 69, 144
2_Rows_Opposing, 0.5950, 73, 144
2_Rows_Opposing, 0.6085, 74, 144
2_Rows_Opposing, 0.6217, 75, 144
2_Rows_Opposing, 0.6344, 78, 144
2_Rows_Opposing, 0.6466, 81, 144
2_Rows_Opposing, 0.6595, 77, 144
2_Rows_Opposing, 0.6719, 80, 144
2_Rows_Opposing, 0.6834, 86, 144
2_Rows_Opposing, 0.6947, 88, 144
2_Rows_Opposing, 0.7060, 88, 144
2_Rows_Opposing, 0.7175, 87, 144
2_Rows_Opposing, 0.7294, 83, 144
2_Rows_Opposing, 0.7417, 81, 144
2_Rows_Opposing, 0.7533, 86, 144
2_Rows_Opposing, 0.7650, 85, 144
2_Rows_Opposing, 0.7759, 91, 144
2_Rows_Opposing, 0.7868, 92, 144
2_Rows_Opposing, 0.7974, 94, 144
2_Rows_Opposing, 0.8080, 93, 144
2_Rows_Opposing, 0.8192, 89, 144
2_Rows_Opposing, 0.8300, 92, 144
2_Rows_Opposing, 0.8410, 90, 144
2_Rows_Opposing, 0.8513, 96, 144
2_Rows_Opposing, 0.8612, 101, 144
2_Rows_Opposing, 0.8714, 99, 144
2_Rows_Opposing, 0.8809, 103, 144
2_Rows_Opposing, 0.8910, 98, 144
2_Rows_Opposing, 0.9013, 97, 144
2_Rows_Opposing, 0.9109, 103, 144
2_Rows_Opposing, 0.9205, 103, 144
2_Rows_Opposing, 0.9301, 104, 144
2_Rows_Opposing, 0.9395, 106, 144
2_Rows_Opposing, 0.9494, 101, 144
2_Rows_Opposing, 0.9595, 98, 144
2_Rows_Opposing, 0.9690, 104, 144
2_Rows_Opposing, 0.9791, 98, 144
2_Rows_Opposing, 0.9895, 96, 144
2_Rows_Opposing, 0.9995, 100, 144
2_Rows_Opposing, 1.0090, 105, 144
2_Rows_Opposing, 1.0180, 111, 144
2_Rows_Opposing, 1.0278, 101, 144
2_Rows_Opposing, 1.0370, 109, 144
2_Rows_Opposing, 1.0461, 108, 144
2_Rows_Opposing, 1.0549, 113, 144
2_Rows_Opposing, 1.0632, 120, 144
2_Rows_Opposing, 1.0725, 108, 144
2_Rows_Opposing, 1.0808, 119, 144
2_Rows_Opposing, 1.0893, 118, 144
2_Rows_Opposing, 1.0973, 123, 144
2_Rows_Opposing, 1.1055, 122, 144
2_Rows_Opposing, 1.1135, 125, 144
2_Rows_Opposing, 1.1218, 120, 144
2_Rows_Opposing, 1.1298, 123, 144
2_Rows_Opposing, 1.1375, 130, 144
2_Rows_Opposing, 1.1459, 119, 144
2_Rows_Opposing, 1.1545, 115, 144
2_Rows_Opposing, 1.1625, 124, 144
2_Rows_Opposing, 1.1710, 117, 144
2_Rows_Opposing, 1.1794, 119, 144
2_Rows_Opposing, 1.1876, 121, 144
2_Rows_Opposing, 1.1961, 117, 144
2_Rows_Opposing, 1.2041, 125, 144
2_Rows_Opposing, 1.2121, 124, 144
2_Rows_Opposing, 1.2201, 125, 144
2_Rows_Opposing, 1.2281, 125, 144
2_Rows_Opposing, 1.2361, 125, 144
2_Rows_Opposing, 1.2443, 121, 144
2_Rows_Opposing, 1.2523, 124, 144
2_Rows_Opposing, 1.2606, 121, 144
2_Rows_Opposing, 1.2687, 123, 144
2_Rows_Opposing, 1.2771, 119, 144
2_Rows_Opposing, 1.2863, 107, 144
2_Rows_Opposing, 1.2943, 125, 144
2_Rows_Opposing, 1.3021, 128, 144
2_Rows_Opposing, 1.3098, 130, 144
2_Rows_Opposing, 1.3176, 128, 144
2_Rows_Opposing, 1.3249, 136, 144
2_Rows_Opposing, 1.3329, 125, 144
2_Rows_Opposing, 1.3405, 131, 144
2_Rows_Opposing, 1.3488, 120, 144
2_Rows_Opposing, 1.3568, 125, 144
2_Rows_Opposing, 1.3649, 123, 144
2_Rows_Opposing, 1.3726, 129, 144
2_Rows_Opposing, 1.3805, 125, 144
2_Rows_Opposing, 1.3889, 119, 144
2_Rows_Opposing, 1.3966, 130, 144
2_Rows_Opposing, 1.4046, 124, 144
2_Rows_Opposing, 1.4121, 132, 144
2_Rows_Opposing, 1.4204, 121, 144
2_Rows_Opposing, 1.4279, 132, 144
2_Rows_Opposing, 1.4352, 137, 144
2_Rows_Opposing, 1.4426, 134, 144
2_Rows_Opposing, 1.4504, 127, 144
2_Rows_Opposing, 1.4585, 124, 144
2_Rows_Opposing, 1.4664, 126, 144
2_Rows_Opposing, 1.4738, 134, 144
2_Rows_Opposing, 1.4816, 128, 144
2_Rows_Opposing, 1.4895, 126, 144
2_Rows_Opposing, 1.4971, 131, 144
2_Rows_Opposing, 1.5053, 122, 144
2_Rows_Opposing, 1.5124, 141, 144
2_Rows_Opposing, 1.5200, 132, 144
2_Rows_Opposing, 1.5274, 134, 144
2_Rows_Opposing, 1.5352, 129, 144
2_Rows_Opposing, 1.5428, 131, 144
2_Rows_Opposing, 1.5510, 122, 144
2_Rows_Opposing, 1.5586, 130, 144
2_Rows_Opposing, 1.5669, 120, 144
2_Rows_Opposing, 1.5740, 140, 144
2_Rows_Opposing, 1.5820, 126, 144
2_Rows_Opposing, 1.5893, 135, 144
2_Rows_Opposing, 1.5970, 131, 144
2_Rows_Opposing, 1.6047, 129, 144
2_Rows_Opposing, 1.6124, 129, 144
2_Rows_Opposing, 1.6203, 126, 144
2_Rows_Opposing, 1.6273, 143, 144
2_Rows_Opposing, 1.6349, 131, 144
2_Rows_Opposing, 1.6422, 138, 144
2_Rows_Opposing, 1.6499, 128, 144
2_Rows_Opposing, 1.6577, 129, 144
2_Rows_Opposing, 1.6651, 134, 144
2_Rows_Opposing, 1.6719, 146, 144
2_Rows_Opposing, 1.6788, 145, 144
2_Rows_Opposing, 1.6887, 101, 144
2_Rows_Opposing, 1.6974, 114, 144
2_Rows_Opposing, 1.7063, 112, 144
2_Rows_Opposing, 1.7136, 136, 144
2_Rows_Opposing, 1.7226, 111, 144
2_Rows_Opposing, 1.7299, 136, 144
2_Rows_Opposing, 1.7371, 138, 144
2_Rows_Opposing, 1.7441, 142, 144
2_Rows_Opposing, 1.7512, 140, 144
2_Rows_Opposing, 1.7589, 129, 144
2_Rows_Opposing, 1.7665, 132, 144
2_Rows_Opposing, 1.7737, 137, 144
2_Rows_Opposing, 1.7813, 131, 144
2_Rows_Opposing, 1.7891, 129, 144
2_Rows_Opposing, 1.7966, 133, 144
2_Rows_Opposing, 1.8037, 140, 144
2_Rows_Opposing, 1.8108, 139, 144
2_Rows_Opposing, 1.8179, 141, 144
2_Rows_Opposing, 1.8246, 149, 144
2_Rows_Opposing, 1.8313, 147, 144
2_Rows_Opposing, 1.8385, 139, 144
2_Rows_Opposing, 1.8453, 147, 144
2_Rows_Opposing, 1.8519, 151, 144
2_Rows_Opposing, 1.8588, 145, 144
2_Rows_Opposing, 1.8659, 141, 144
2_Rows_Opposing, 1.8726, 149, 144
2_Rows_Opposing, 1.8793, 152, 144
2_Rows_Opposing, 1.8859, 146, 144
2_Rows_Opposing, 1.8926, 150, 144
2_Rows_Opposing, 1.8990, 156, 144
2_Rows_Opposing, 1.9052, 163, 144
2_Rows_Opposing, 1.9120, 144, 144
2_Rows_Opposing, 1.9184, 158, 144
2_Rows_Opposing, 1.9246, 159, 144
2_Rows_Opposing, 1.9313, 148, 144
2_Rows_Opposing, 1.9373, 166, 144
2_Rows_Opposing, 1.9431, 173, 144
2_Rows_Opposing, 1.9486, 180, 144
2_Rows_Opposing, 1.9544, 174, 144
2_Rows_Opposing, 1.9601, 173, 144
2_Rows_Opposing, 1.9659, 171, 144
2_Rows_Opposing, 1.9720, 165, 144
2_Rows_Opposing, 1.9782, 159, 144
2_Rows_Opposing, 1.9841, 171, 144
2_Rows_Opposing, 1.9907, 151, 144
2_Rows_Opposing, 1.9968, 163, 144
2_Rows_Opposing, 2.0029, 164, 144
2_Rows_Opposing, 2.0088, 169, 144
2_Rows_Opposing, 2.0148, 165, 144
2_Rows_Opposing, 2.0204, 180, 144
2_Rows_Opposing, 2.0267, 157, 144
2_Rows_Opposing, 2.0330, 158, 144
2_Rows_Opposing, 2.0390, 166, 144
2_Rows_Opposing, 2.0449, 168, 144
2_Rows_Opposing, 2.0519, 143, 144
2_Rows_Opposing, 2.0584, 154, 144
2_Rows_Opposing, 2.0655, 140, 144
2_Rows_Opposing, 2.0718, 159, 144
2_Rows_Opposing, 2.0784, 151, 144
2_Rows_Opposing, 2.0850, 151, 144
2_Rows_Opposing, 2.0912, 160, 144
2_Rows_Opposing, 2.0976, 155, 144
2_Rows_Opposing, 2.1043, 150, 144
2_Rows_Opposing, 2.1104, 161, 144
2_Rows_Opposing, 2.1169, 154, 144
2_Rows_Opposing, 2.1234, 154, 144
2_Rows_Opposing, 2.1301, 149, 144
2_Rows_Opposing, 2.1366, 152, 144
2_Rows_Opposing, 2.1435, 144, 144
2_Rows_Opposing, 2.1502, 149, 144
2_Rows_Opposing, 2.1572, 144, 144
2_Rows_Opposing, 2.1645, 136, 144
2_Rows_Opposing, 2.1714, 145, 144
2_Rows_Opposing, 2.1778, 155, 144
2_Rows_Opposing, 2.1846, 145, 144
2_Rows_Opposing, 2.1916, 143, 144
2_Rows_Opposing, 2.1987, 140, 144
2_Rows_Opposing, 2.2056, 144, 144
2_Rows_Opposing, 2.2127, 140, 144
2_Rows_Opposing, 2.2203, 132, 144
2_Rows_Opposing, 2.2271, 146, 144
2_Rows_Opposing, 2.2344, 137, 144
2_Rows_Opposing, 2.2415, 140, 144
2_Rows_Opposing, 2.2491, 133, 144
2_Rows_Opposing, 2.2563, 136, 144
2_Rows_Opposing, 2.2633, 142, 144
2_Rows_Opposing, 2.2715, 121, 144
2_Rows_Opposing, 2.2785, 143, 144
2_Rows_Opposing, 2.2861, 130, 144
2_Rows_Opposing, 2.2934, 137, 144
2_Rows_Opposing, 2.3002, 146, 144
2_Rows_Opposing, 2.3074, 140, 144
2_Rows_Opposing, 2.3144, 143, 144
2_Rows_Opposing, 2.3216, 137, 144
2_Rows_Opposing, 2.3286, 144, 144
2_Rows_Opposing, 2.3355, 143, 144
2_Rows_Opposing, 2.3431, 132, 144
2_Rows_Opposing, 2.3502, 141, 144
2_Rows_Opposing, 2.3573, 139, 144
2_Rows_Opposing, 2.3647, 136, 144
2_Rows_Opposing, 2.3715, 147, 144
2_Rows_Opposing, 2.3800, 117, 144
2_Rows_Opposing, 2.3879, 125, 144
2_Rows_Opposing, 2.3950, 141, 144
2_Rows_Opposing, 2.4023, 137, 144
2_Rows_Opposing, 2.4099, 132, 144
2_Rows_Opposing, 2.4171, 138, 144
2_Rows_Opposing, 2.4246, 134, 144
2_Rows_Opposing, 2.4318, 137, 144
2_Rows_Opposing, 2.4392, 135, 144
2_Rows_Opposing, 2.4463, 141, 144
2_Rows_Opposing, 2.4543, 125, 144
2_Rows_Opposing, 2.4612, 144, 144
2_Rows_Opposing, 2.4684, 137, 144
2_Rows_Opposing, 2.4760, 132, 144
2_Rows_Opposing, 2.4831, 140, 144
2_Rows_Opposing, 2.4903, 139, 144
2_Rows_Opposing, 2.4978, 133, 144
2_Rows_Opposing, 2.5052, 135, 144
2_Rows_Opposing, 2.5133, 123, 144
2_Rows_Opposing, 2.5214, 123, 144
2_Rows_Opposing, 2.5292, 127, 144
2_Rows_Opposing, 2.5376, 119, 144
2_Rows_Opposing, 2.5453, 129, 144
2_Rows_Opposing, 2.5537, 120, 144
2_Rows_Opposing, 2.5618, 123, 144
2_Rows_Opposing, 2.5699, 123, 144
2_Rows_Opposing, 2.5777, 127, 144
2_Rows_Opposing, 2.5857, 124, 144
2_Rows_Opposing, 2.5935, 129, 144
2_Rows_Opposing, 2.6021, 116, 144
2_Rows_Opposing, 2.6110, 111, 144
2_Rows_Opposing, 2.6197, 115, 144
2_Rows_Opposing, 2.6285, 113, 144
2_Rows_Opposing, 2.6375, 111, 144
2_Rows_Opposing, 2.6467, 108, 144
2_Rows_Opposing, 2.6560, 106, 144
2_Rows_Opposing, 2.6651, 109, 144
2_Rows_Opposing, 2.6743, 109, 144
2_Rows_Opposing, 2.6829, 115, 144
2_Rows_Opposing, 2.6916, 116, 144
2_Rows_Opposing, 2.7004, 113, 144
2_Rows_Opposing, 2.7094, 110, 144
2_Rows_Opposing, 2.7192, 102, 144
2_Rows_Opposing, 2.7295, 97, 144
2_Rows_Opposing, 2.7395, 100, 144
2_Rows_Opposing, 2.7501, 93, 144
2_Rows_Opposing, 2.7609, 93, 144
2_Rows_Opposing, 2.7711, 97, 144
2_Rows_Opposing, 2.7815, 95, 144
2_Rows_Opposing, 2.7917, 98, 144
2_Rows_Opposing, 2.8029, 89, 144
2_Rows_Opposing, 2.8142, 88, 144
2_Rows_Opposing, 2.8249, 93, 144
2_Rows_Opposing, 2.8360, 89, 144
2_Rows_Opposing, 2.8474, 88, 144
2_Rows_Opposing, 2.8594, 88, 144
2_Rows_Opposing, 2.8710, 84, 144
2_Rows_Opposing, 2.8824, 88, 144
2_Rows_Opposing, 2.8942, 85, 144
2_Rows_Opposing, 2.9052, 91, 144
2_Rows_Opposing, 2.9170, 85, 144
2_Rows_Opposing, 2.9291, 81, 144
2_Rows_Opposing, 2.9414, 81, 144
2_Rows_Opposing, 2.9568, 65, 144
2_Rows_Opposing, 2.9721, 67, 144
2_Rows_Opposing, 2.9856, 71, 144
2_Rows_Opposing, 2.9970, 85, 144
2_Rows_Opposing, 3.0079, 94, 144
2_Rows_Opposing, 3.0180, 96, 144
2_Rows_Opposing, 3.0278, 101, 144
2_Rows_Opposing, 3.0380, 101, 144
2_Rows_Opposing, 3.0483, 94, 144
2_Rows_Opposing, 3.0591, 94, 144
2_Rows_Opposing, 3.0700, 90, 144
2_Rows_Opposing, 3.0810, 93, 144
2_Rows_Opposing, 3.0911, 94, 144
2_Rows_Opposing, 3.1011, 100, 144
2_Rows_Opposing, 3.1120, 92, 144
2_Rows_Opposing, 3.1229, 93, 144
2_Rows_Opposing, 3.1335, 94, 144
2_Rows_Opposing, 3.1439, 97, 144
2_Rows_Opposing, 3.1544, 92, 144
2_Rows_Opposing, 3.1658, 91, 144
2_Rows_Opposing, 3.1770, 86, 144
2_Rows_Opposing, 3.1884, 87, 144
2_Rows_Opposing, 3.2002, 87, 144
2_Rows_Opposing, 3.2113, 88, 144
2_Rows_Opposing, 3.2223, 88, 144
2_Rows_Opposing, 3.2327, 92, 144
2_Rows_Opposing, 3.2431, 96, 144
2_Rows_Opposing, 3.2532, 98, 144
2_Rows_Opposing, 3.2636, 96, 144
2_Rows_Opposing, 3.2747, 89, 144
2_Rows_Opposing, 3.2855, 93, 144
2_Rows_Opposing, 3.2970, 86, 144
2_Rows_Opposing, 3.3083, 88, 144
2_Rows_Opposing, 3.3202, 83, 144
2_Rows_Opposing, 3.3315, 88, 144
2_Rows_Opposing, 3.3422, 93, 144
2_Rows_Opposing, 3.3542, 83, 144
2_Rows_Opposing, 3.3658, 86, 144
2_Rows_Opposing, 3.3773, 86, 144
2_Rows_Opposing, 3.3889, 86, 144
2_Rows_Opposing, 3.4012, 81, 144
2_Rows_Opposing, 3.4128, 85, 144
2_Rows_Opposing, 3.4251, 81, 144
2_Rows_Opposing, 3.4370, 84, 144
2_Rows_Opposing, 3.4489, 83, 144
2_Rows_Opposing, 3.4609, 83, 144
2_Rows_Opposing, 3.4723, 88, 144
2_Rows_Opposing, 3.4836, 88, 144
2_Rows_Opposing, 3.4952, 86, 144
2_Rows_Opposing, 3.5061, 90, 144
2_Rows_Opposing, 3.5180, 84, 144
2_Rows_Opposing, 3.5305, 80, 144
2_Rows_Opposing, 3.5422, 85, 144
2_Rows_Opposing, 3.5538, 86, 144
2_Rows_Opposing, 3.5649, 89, 144
2_Rows_Opposing, 3.5761, 89, 144
2_Rows_Opposing, 3.5872, 90, 144
2_Rows_Opposing, 3.5983, 89, 144
2_Rows_Opposing, 3.6096, 88, 144
2_Rows_Opposing, 3.6204, 92, 144
2_Rows_Opposing, 3.6307, 97, 144
2_Rows_Opposing, 3.6416, 91, 144
2_Rows_Opposing, 3.6513, 102, 144
2_Rows_Opposing, 3.6616, 96, 144
2_Rows_Opposing, 3.6717, 98, 144
2_Rows_Opposing, 3.6816, 100, 144
2_Rows_Opposing, 3.6914, 102, 144
2_Rows_Opposing, 3.7015, 98, 144
2_Rows_Opposing, 3.7115, 100, 144
2_Rows_Opposing, 3.7234, 83, 144
2_Rows_Opposing, 3.7351, 86, 144
2_Rows_Opposing, 3.7456, 94, 144
2_Rows_Opposing, 3.7562, 94, 144
2_Rows_Opposing, 3.7663, 99, 144
2_Rows_Opposing, 3.7763, 99, 144
2_Rows_Opposing, 3.7860, 102, 144
2_Rows_Opposing, 3.7960, 100, 144
2_Rows_Opposing, 3.8056, 104, 144
2_Rows_Opposing, 3.8153, 102, 144
2_Rows_Opposing, 3.8253, 99, 144
2_Rows_Opposing, 3.8350, 103, 144
2_Rows_Opposing, 3.8443, 107, 144
2_Rows_Opposing, 3.8539, 104, 144
2_Rows_Opposing, 3.8632, 107, 144
2_Rows_Opposing, 3.8726, 106, 144
2_Rows_Opposing, 3.8817, 109, 144
2_Rows_Opposing, 3.8909, 108, 144
2_Rows_Opposing, 3.9000, 110, 144
2_Rows_Opposing, 3.9094, 106, 144
2_Rows_Opposing, 3.9197, 97, 144
2_Rows_Opposing, 3.9296, 101, 144
2_Rows_Opposing, 3.9393, 102, 144
2_Rows_Opposing, 3.9488, 107, 144
2_Rows_Opposing, 3.9582, 104, 144
2_Rows_Opposing, 3.9681, 100, 144
2_Rows_Opposing, 3.9777, 104, 144
2_Rows_Opposing, 3.9870, 107, 144
2_Rows_Opposing, 3.9964, 106, 144
2_Rows_Opposing, 4.0056, 108, 144
2_Rows_Opposing, 4.0150, 106, 144
2_Rows_Opposing, 4.0239, 111, 144
2_Rows_Opposing, 4.0335, 104, 144
2_Rows_Opposing, 4.0431, 103, 144
2_Rows_Opposing, 4.0527, 104, 144
2_Rows_Opposing, 4.0629, 98, 144
2_Rows_Opposing, 4.0725, 103, 144
2_Rows_Opposing, 4.0827, 97, 144
2_Rows_Opposing, 4.0924, 102, 144
2_Rows_Opposing, 4.1024, 100, 144
2_Rows_Opposing, 4.1125, 99, 144
2_Rows_Opposing, 4.1222, 102, 144
2_Rows_Opposing, 4.1320, 102, 144
2_Rows_Opposing, 4.1416, 103, 144
2_Rows_Opposing, 4.1514, 102, 144
2_Rows_Opposing, 4.1614, 99, 144
2_Rows_Opposing, 4.1710, 104, 144
2_Rows_Opposing, 4.1814, 96, 144
2_Rows_Opposing, 4.1926, 89, 144
2_Rows_Opposing, 4.2050, 80, 144
2_Rows_Opposing, 4.2166, 86, 144
2_Rows_Opposing, 4.2270, 95, 144
2_Rows_Opposing, 4.2364, 106, 144
2_Rows_Opposing, 4.2461, 103, 144
2_Rows_Opposing, 4.2545, 117, 144
2_Rows_Opposing, 4.2626, 123, 144
2_Rows_Opposing, 4.2703, 129, 144
2_Rows_Opposing, 4.2782, 126, 144
2_Rows_Opposing, 4.2861, 126, 144
2_Rows_Opposing, 4.2942, 124, 144
2_Rows_Opposing, 4.3021, 126, 144
2_Rows_Opposing, 4.3097, 130, 144
2_Rows_Opposing, 4.3172, 134, 144
2_Rows_Opposing, 4.3248, 131, 144
2_Rows_Opposing, 4.3326, 127, 144
2_Rows_Opposing, 4.3408, 122, 144
2_Rows_Opposing, 4.3489, 124, 144
2_Rows_Opposing, 4.3570, 122, 144
2_Rows_Opposing, 4.3659, 113, 144
2_Rows_Opposing, 4.3750, 109, 144
2_Rows_Opposing, 4.3835, 118, 144
2_Rows_Opposing, 4.3922, 114, 144
2_Rows_Opposing, 4.4004, 122, 144
2_Rows_Opposing, 4.4089, 116, 144
2_Rows_Opposing, 4.4168, 126, 144
2_Rows_Opposing, 4.4246, 127, 144
2_Rows_Opposing, 4.4322, 131, 144
2_Rows_Opposing, 4.4403, 124, 144
2_Rows_Opposing, 4.4478, 132, 144
2_Rows_Opposing, 4.4555, 129, 144
2_Rows_Opposing, 4.4636, 123, 144
2_Rows_Opposing, 4.4717, 123, 144
2_Rows_Opposing, 4.4795, 128, 144
2_Rows_Opposing, 4.4873, 128, 144
2_Rows_Opposing, 4.4945, 138, 144
2_Rows_Opposing, 4.5024, 126, 144
2_Rows_Opposing, 4.5103, 126, 144
2_Rows_Opposing, 4.5180, 129, 144
2_Rows_Opposing, 4.5260, 125, 144
2_Rows_Opposing, 4.5338, 127, 144
2_Rows_Opposing, 4.5419, 123, 144
2_Rows_Opposing, 4.5498, 127, 144
2_Rows_Opposing, 4.5581, 120, 144
2_Rows_Opposing, 4.5664, 121, 144
2_Rows_Opposing, 4.5740, 130, 144
2_Rows_Opposing, 4.5817, 130, 144
2_Rows_Opposing, 4.5891, 137, 144
2_Rows_Opposing, 4.5969, 127, 144
2_Rows_Opposing, 4.6047, 127, 144
2_Rows_Opposing, 4.6125, 127, 144
2_Rows_Opposing, 4.6207, 122, 144
2_Rows_Opposing, 4.6280, 135, 144
2_Rows_Opposing, 4.6356, 132, 144
2_Rows_Opposing, 4.6431, 133, 144
2_Rows_Opposing, 4.6503, 138, 144
2_Rows_Opposing, 4.6582, 127, 144
2_Rows_Opposing, 4.6662, 125, 144
2_Rows_Opposing, 4.6737, 132, 144
2_Rows_Opposing, 4.6817, 124, 144
2_Rows_Opposing, 4.6894, 129, 144
2_Rows_Opposing, 4.6979, 117, 144
2_Rows_Opposing, 4.7064, 116, 144
2_Rows_Opposing, 4.7150, 117, 144
2_Rows_Opposing, 4.7238, 113, 144
2_Rows_Opposing, 4.7325, 114, 144
2_Rows_Opposing, 4.7410, 118, 144
2_Rows_Opposing, 4.7501, 109, 144
2_Rows_Opposing, 4.7588, 114, 144
2_Rows_Opposing, 4.7676, 114, 144
2_Rows_Opposing, 4.7764, 114, 144
2_Rows_Opposing, 4.7855, 109, 144
2_Rows_Opposing, 4.7944, 112, 144
2_Rows_Opposing, 4.8022, 127, 144
2_Rows_Opposing, 4.8104, 122, 144
2_Rows_Opposing, 4.8182, 126, 144
2_Rows_Opposing, 4.8258, 133, 144
2_Rows_Opposing, 4.8327, 144, 144
2_Rows_Opposing, 4.8398, 141, 144
2_Rows_Opposing, 4.8464, 150, 144
2_Rows_Opposing, 4.8529, 152, 144
2_Rows_Opposing, 4.8598, 147, 144
2_Rows_Opposing, 4.8662, 155, 144
2_Rows_Opposing, 4.8727, 152, 144
2_Rows_Opposing, 4.8794, 148, 144
2_Rows_Opposing, 4.8866, 139, 144
2_Rows_Opposing, 4.8929, 157, 144
2_Rows_Opposing, 4.8993, 158, 144
2_Rows_Opposing, 4.9058, 153, 144
2_Rows_Opposing, 4.9121, 156, 144
2_Rows_Opposing, 4.9184, 160, 144
2_Rows_Opposing, 4.9246, 160, 144
2_Rows_Opposing, 4.9309, 159, 144
2_Rows_Opposing, 4.9370, 163, 144
2_Rows_Opposing, 4.9426, 177, 144
2_Rows_Opposing, 4.9483, 176, 144
2_Rows_Opposing, 4.9536, 188, 144
2_Rows_Opposing, 4.9593, 176, 144
2_Rows_Opposing, 4.9653, 165, 144
2_Rows_Opposing, 4.9714, 164, 144
2_Rows_Opposing, 4.9779, 154, 144
2_Rows_Opposing, 4.9842, 156, 144
2_Rows_Opposing, 4.9903, 165, 144
2_Rows_Opposing, 4.9963, 164, 144
2_Rows_Opposing, 5.0024, 165, 144
2_Rows_Opposing, 5.0089, 155, 144
2_Rows_Opposing, 5.0152, 155, 144
2_Rows_Opposing, 5.0212, 167, 144
2_Rows_Opposing, 5.0273, 166, 144
2_Rows_Opposing, 5.0332, 168, 144
2_Rows_Opposing, 5.0393, 163, 144
2_Rows_Opposing, 5.0457, 155, 144
2_Rows_Opposing, 5.0519, 161, 144
2_Rows_Opposing, 5.0587, 146, 144
2_Rows_Opposing, 5.0647, 166, 144
2_Rows_Opposing, 5.0703, 180, 144
2_Rows_Opposing, 5.0760, 173, 144
2_Rows_Opposing, 5.0816, 179, 144
2_Rows_Opposing, 5.0871, 182, 144
2_Rows_Opposing, 5.0928, 175, 144
2_Rows_Opposing, 5.0982, 183, 144
2_Rows_Opposing, 5.1040, 171, 144
2_Rows_Opposing, 5.1097, 176, 144
2_Rows_Opposing, 5.1155, 172, 144
2_Rows_Opposing, 5.1214, 169, 144
2_Rows_Opposing, 5.1273, 168, 144
2_Rows_Opposing, 5.1332, 170, 144
2_Rows_Opposing, 5.1393, 163, 144
2_Rows_Opposing, 5.1458, 155, 144
2_Rows_Opposing, 5.1527, 143, 144
2_Rows_Opposing, 5.1591, 157, 144
2_Rows_Opposing, 5.1657, 150, 144
2_Rows_Opposing, 5.1720, 160, 144
2_Rows_Opposing, 5.1780, 166, 144
2_Rows_Opposing, 5.1847, 148, 144
2_Rows_Opposing, 5.1914, 148, 144
2_Rows_Opposing, 5.1988, 136, 144
2_Rows_Opposing, 5.2053, 153, 144
2_Rows_Opposing, 5.2126, 138, 144
2_Rows_Opposing, 5.2198, 138, 144
2_Rows_Opposing, 5.2267, 144, 144
2_Rows_Opposing, 5.2333, 151, 144
2_Rows_Opposing, 5.2401, 146, 144
2_Rows_Opposing, 5.2467, 152, 144
2_Rows_Opposing, 5.2529, 161, 144
2_Rows_Opposing, 5.2602, 137, 144
2_Rows_Opposing, 5.2662, 165, 144
2_Rows_Opposing, 5.2720, 173, 144
2_Rows_Opposing, 5.2780, 167, 144
2_Rows_Opposing, 5.2845, 153, 144
2_Rows_Opposing, 5.2915, 143, 144
2_Rows_Opposing, 5.2981, 151, 144
2_Rows_Opposing, 5.3043, 160, 144
2_Rows_Opposing, 5.3105, 161, 144
2_Rows_Opposing, 5.3168, 158, 144
2_Rows_Opposing, 5.3234, 152, 144
2_Rows_Opposing, 5.3301, 149, 144
2_Rows_Opposing, 5.3371, 143, 144
2_Rows_Opposing, 5.3434, 156, 144
2_Rows_Opposing, 5.3495, 163, 144
2_Rows_Opposing, 5.3565, 144, 144
2_Rows_Opposing, 5.3628, 158, 144
2_Rows_Opposing, 5.3696, 147, 144
2_Rows_Opposing, 5.3754, 173, 144
2_Rows_Opposing, 5.3813, 169, 144
2_Rows_Opposing, 5.3872, 168, 144
2_Rows_Opposing, 5.3928, 178, 144
2_Rows_Opposing, 5.3988, 168, 144
2_Rows_Opposing, 5.4043, 181, 144
2_Rows_Opposing, 5.4097, 183, 144
2_Rows_Opposing, 5.4155, 174, 144
2_Rows_Opposing, 5.4208, 186, 144
2_Rows_Opposing, 5.4262, 184, 144
2_Rows_Opposing, 5.4322, 166, 144
2_Rows_Opposing, 5.4379, 178, 144
2_Rows_Opposing, 5.4430, 194, 144
2_Rows_Opposing, 5.4486, 179, 144
2_Rows_Opposing, 5.4539, 187, 144
2_Rows_Opposing, 5.4592, 187, 144
2_Rows_Opposing, 5.4646, 184, 144
2_Rows_Opposing, 5.4703, 177, 144
2_Rows_Opposing, 5.4759, 177, 144
2_Rows_Opposing, 5.4844, 118, 144
2_Rows_Opposing, 5.4908, 156, 144
2_Rows_Opposing, 5.4985, 128, 144
2_Rows_Opposing, 5.5061, 132, 144
2_Rows_Opposing, 5.5126, 153, 144
2_Rows_Opposing, 5.5193, 149, 144
2_Rows_Opposing, 5.5249, 176, 144
2_Rows_Opposing, 5.5306, 175, 144
2_Rows_Opposing, 5.5371, 154, 144
2_Rows_Opposing, 5.5429, 173, 144
2_Rows_Opposing, 5.5485, 177, 144
2_Rows_Opposing, 5.5539, 186, 144
2_Rows_Opposing, 5.5594, 180, 144
2_Rows_Opposing, 5.5650, 178, 144
2_Rows_Opposing, 5.5705, 181, 144
2_Rows_Opposing, 5.5759, 186, 144
2_Rows_Opposing, 5.5812, 187, 144
2_Rows_Opposing, 5.5865, 187, 144
2_Rows_Opposing, 5.5917, 192, 144
2_Rows_Opposing, 5.5976, 182, 144
2_Rows_Opposing, 5.6030, 173, 144
2_Rows_Opposing, 5.6084, 184, 144
2_Rows_Opposing, 5.6142, 186, 144
2_Rows_Opposing, 5.6196, 171, 144
2_Rows_Opposing, 5.6247, 195, 144
2_Rows_Opposing, 5.6299, 191, 144
2_Rows_Opposing, 5.6353, 184, 144
2_Rows_Opposing, 5.6408, 183, 144
2_Rows_Opposing, 5.6463, 181, 144
2_Rows_Opposing, 5.6520, 174, 144
2_Rows_Opposing, 5.6576, 179, 144
2_Rows_Opposing, 5.6632, 176, 144
2_Rows_Opposing, 5.6689, 177, 144
2_Rows_Opposing, 5.6744, 179, 144
2_Rows_Opposing, 5.6801, 176, 144
2_Rows_Opposing, 5.6857, 178, 144
2_Rows_Opposing, 5.6914, 175, 144
2_Rows_Opposing, 5.6972, 171, 144
2_Rows_Opposing, 5.7031, 188, 144
2_Rows_Opposing, 5.7085, 169, 144
2_Rows_Opposing, 5.7136, 195, 144
2_Rows_Opposing, 5.7188, 191, 144
2_Rows_Opposing, 5.7248, 165, 144
2_Rows_Opposing, 5.7311, 160, 144
2_Rows_Opposing, 5.7372, 163, 144
2_Rows_Opposing, 5.7430, 172, 144
2_Rows_Opposing, 5.7491, 165, 144
2_Rows_Opposing, 5.7550, 167, 144
2_Rows_Opposing, 5.7611, 165, 144
2_Rows_Opposing, 5.7669, 171, 144
2_Rows_Opposing, 5.7726, 176, 144
2_Rows_Opposing, 5.7782, 176, 144
2_Rows_Opposing, 5.7838, 179, 144
2_Rows_Opposing, 5.7901, 158, 144
2_Rows_Opposing, 5.7965, 157, 144
2_Rows_Opposing, 5.8024, 168, 144
2_Rows_Opposing, 5.8084, 167, 144
2_Rows_Opposing, 5.8141, 173, 144
2_Rows_Opposing, 5.8199, 171, 144
2_Rows_Opposing, 5.8258, 170, 144
2_Rows_Opposing, 5.8313, 182, 144
2_Rows_Opposing, 5.8368, 181, 144
2_Rows_Opposing, 5.8422, 182, 144
2_Rows_Opposing, 5.8481, 171, 144
2_Rows_Opposing, 5.8536, 180, 144
2_Rows_Opposing, 5.8596, 167, 144
2_Rows_Opposing, 5.8651, 180, 144
2_Rows_Opposing, 5.8704, 189, 144
2_Rows_Opposing, 5.8758, 182, 144
2_Rows_Opposing, 5.8809, 195, 144
2_Rows_Opposing, 5.8863, 186, 144
2_Rows_Opposing, 5.8913, 198, 144
2_Rows_Opposing, 5.8964, 196, 144
2_Rows_Opposing, 5.9014, 200, 144
2_Rows_Opposing, 5.9064, 202, 144
2_Rows_Opposing, 5.9111, 210, 144
2_Rows_Opposing, 5.9160, 204, 144
2_Rows_Opposing, 5.9213, 190, 144
2_Rows_Opposing, 5.9265, 190, 144
2_Rows_Opposing, 5.9315, 201, 144
2_Rows_Opposing, 5.9365, 207, 144
2_Rows_Opposing, 5.9420, 208, 144
2_Rows_Opposing, 5.9475, 178, 144
2_Rows_Opposing, 5.9531, 179, 144
2_Rows_Opposing, 5.9587, 175, 144
2_Rows_Opposing, 5.9643, 183, 144
2_Rows_Opposing, 5.9698, 180, 144
2_Rows_Opposing, 5.9753, 186, 144
2_Rows_Opposing, 5.9809, 174, 144
2_Rows_Opposing, 5.9865, 165, 144
2_Rows_Opposing, 5.9920, 185, 144
2_Rows_Opposing, 5.9976, 183, 144
2_Rows_Opposing, 6.0032, 178, 144
2_Rows_Opposing, 6.0087, 175, 144
2_Rows_Opposing, 6.0143, 173, 144
2_Rows_Opposing, 6.0198, 192, 144
2_Rows_Opposing, 6.0254, 181, 144
2_Rows_Opposing, 6.0310, 176, 144
2_Rows_Opposing, 6.0365, 173, 144
2_Rows_Opposing, 6.0420, 180, 144
2_Rows_Opposing, 6.0475, 184, 144
2_Rows_Opposing, 6.0531, 175, 144
2_Rows_Opposing, 6.0587, 183, 144
2_Rows_Opposing, 6.0642, 182, 144
2_Rows_Opposing, 6.0754, 180, 144
2_Rows_Opposing, 6.0803, 90, 144
2_Rows_Opposing, 6.0856, 188, 144
2_Rows_Opposing, 6.0906, 198, 144
2_Rows_Opposing, 6.0958, 194, 144
2_Rows_Opposing, 6.1006, 208, 144
2_Rows_Opposing, 6.1053, 211, 144
2_Rows_Opposing, 6.1110, 174, 144
2_Rows_Opposing, 6.1162, 193, 144
2_Rows_Opposing, 6.1211, 203, 144
2_Rows_Opposing, 6.1263, 193, 144
2_Rows_Opposing, 6.1312, 203, 144
2_Rows_Opposing, 6.1364, 198, 144
2_Rows_Opposing, 6.1420, 182, 144
2_Rows_Opposing, 6.1476, 183, 144
2_Rows_Opposing, 6.1531, 174, 144
2_Rows_Opposing, 6.1587, 182, 144
2_Rows_Opposing, 6.1643, 167, 144
2_Rows_Opposing, 6.1698, 184, 144
2_Rows_Opposing, 6.1753, 180, 144
2_Rows_Opposing, 6.1809, 180, 144
2_Rows_Opposing, 6.1868, 167, 144
2_Rows_Opposing, 6.1925, 175, 144
2_Rows_Opposing, 6.1985, 167, 144
2_Rows_Opposing, 6.2039, 183, 144
2_Rows_Opposing, 6.2098, 168, 144
2_Rows_Opposing, 6.2159, 166, 144
2_Rows_Opposing, 6.2219, 165, 144
2_Rows_Opposing, 6.2285, 150, 144
2_Rows_Opposing, 6.2352, 150, 144
2_Rows_Opposing, 6.2413, 162, 144
2_Rows_Opposing, 6.2474, 165, 144
2_Rows_Opposing, 6.2534, 166, 144
2_Rows_Opposing, 6.2595, 163, 144
2_Rows_Opposing, 6.2658, 159, 144
2_Rows_Opposing, 6.2716, 170, 144
2_Rows_Opposing, 6.2777, 164, 144
2_Rows_Opposing, 6.2838, 163, 144
2_Rows_Opposing, 6.2903, 155, 144
2_Rows_Opposing, 6.2968, 152, 144
2_Rows_Opposing, 6.3027, 170, 144
2_Rows_Opposing, 6.3089, 161, 144
2_Rows_Opposing, 6.3151, 161, 144
2_Rows_Opposing, 6.3210, 169, 144
2_Rows_Opposing, 6.3269, 167, 144
2_Rows_Opposing, 6.3328, 171, 144
2_Rows_Opposing, 6.3391, 161, 144
2_Rows_Opposing, 6.3458, 145, 144
2_Rows_Opposing, 6.3519, 163, 144
2_Rows_Opposing, 6.3589, 142, 144
2_Rows_Opposing, 6.3654, 153, 144
2_Rows_Opposing, 6.3721, 149, 144
2_Rows_Opposing, 6.3790, 146, 144
2_Rows_Opposing, 6.3856, 151, 144
2_Rows_Opposing, 6.3919, 159, 144
2_Rows_Opposing, 6.3976, 174, 144
2_Rows_Opposing, 6.4036, 167, 144
2_Rows_Opposing, 6.4096, 165, 144
2_Rows_Opposing, 6.4154, 173, 144
2_Rows_Opposing, 6.4213, 169, 144
2_Rows_Opposing, 6.4270, 175, 144
2_Rows_Opposing, 6.4329, 172, 144
2_Rows_Opposing, 6.4384, 176, 144
2_Rows_Opposing, 6.4439, 182, 144
2_Rows_Opposing, 6.4497, 174, 144
2_Rows_Opposing, 6.4552, 180, 144
2_Rows_Opposing, 6.4607, 182, 144
2_Rows_Opposing, 6.4661, 182, 144
2_Rows_Opposing, 6.4712, 197, 144
2_Rows_Opposing, 6.4764, 192, 144
2_Rows_Opposing, 6.4821, 175, 144
2_Rows_Opposing, 6.4872, 194, 144
2_Rows_Opposing, 6.4923, 196, 144
2_Rows_Opposing, 6.4975, 192, 144
2_Rows_Opposing, 6.5027, 193, 144
2_Rows_Opposing, 6.5087, 194, 144
2_Rows_Opposing, 6.5136, 174, 144
2_Rows_Opposing, 6.5185, 204, 144
2_Rows_Opposing, 6.5231, 214, 144
2_Rows_Opposing, 6.5280, 204, 144
2_Rows_Opposing, 6.5328, 208, 144
2_Rows_Opposing, 6.5377, 204, 144
2_Rows_Opposing, 6.5426, 205, 144
2_Rows_Opposing, 6.5476, 205, 144
2_Rows_Opposing, 6.5531, 192, 144
2_Rows_Opposing, 6.5587, 163, 144
2_Rows_Opposing, 6.5642, 187, 144
2_Rows_Opposing, 6.5698, 184, 144
2_Rows_Opposing, 6.5755, 166, 144
2_Rows_Opposing, 6.5808, 187, 144
2_Rows_Opposing, 6.5864, 190, 144
2_Rows_Opposing, 6.5920, 167, 144
2_Rows_Opposing, 6.5984, 156, 144
2_Rows_Opposing, 6.6039, 182, 144
2_Rows_Opposing, 6.6095, 179, 144
2_Rows_Opposing, 6.6152, 175, 144
2_Rows_Opposing, 6.6209, 176, 144
2_Rows_Opposing, 6.6263, 182, 144
2_Rows_Opposing, 6.6320, 176, 144
2_Rows_Opposing, 6.6384, 157, 144
2_Rows_Opposing, 6.6445, 163, 144
2_Rows_Opposing, 6.6508, 158, 144
2_Rows_Opposing, 6.6569, 163, 144
2_Rows_Opposing, 6.6630, 164, 144
2_Rows_Opposing, 6.6695, 153, 144
2_Rows_Opposing, 6.6758, 158, 144
2_Rows_Opposing, 6.6815, 174, 144
2_Rows_Opposing, 6.6872, 175, 144
2_Rows_Opposing, 6.6928, 178, 144
2_Rows_Opposing, 6.6989, 163, 144
2_Rows_Opposing, 6.7048, 171, 144
2_Rows_Opposing, 6.7108, 166, 144
2_Rows_Opposing, 6.7167, 167, 144
2_Rows_Opposing, 6.7231, 156, 144
2_Rows_Opposing, 6.7297, 151, 144
2_Rows_Opposing, 6.7361, 156, 144
2_Rows_Opposing, 6.7426, 154, 144
2_Rows_Opposing, 6.7488, 160, 144
2_Rows_Opposing, 6.7551, 159, 144
2_Rows_Opposing, 6.7614, 158, 144
2_Rows_Opposing, 6.7677, 159, 144
2_Rows_Opposing, 6.7745, 147, 144
2_Rows_Opposing, 6.7811, 150, 144
2_Rows_Opposing, 6.7875, 156, 144
2_Rows_Opposing, 6.7937, 161, 144
2_Rows_Opposing, 6.8001, 155, 144
2_Rows_Opposing, 6.8070, 146, 144
2_Rows_Opposing, 6.8135, 154, 144
2_Rows_Opposing, 6.8228, 107, 144
2_Rows_Opposing, 6.8311, 120, 144
2_Rows_Opposing, 6.8382, 140, 144
2_Rows_Opposing, 6.8455, 137, 144
2_Rows_Opposing, 6.8515, 168, 144
2_Rows_Opposing, 6.8587, 139, 144
2_Rows_Opposing, 6.8645, 168, 144
2_Rows_Opposing, 6.8705, 167, 144
2_Rows_Opposing, 6.8761, 178, 144
2_Rows_Opposing, 6.8823, 161, 144
2_Rows_Opposing, 6.8877, 185, 144
2_Rows_Opposing, 6.8932, 184, 144
2_Rows_Opposing, 6.8988, 177, 144
2_Rows_Opposing, 6.9040, 190, 144
2_Rows_Opposing, 6.9094, 187, 144
2_Rows_Opposing, 6.9149, 179, 144
2_Rows_Opposing, 6.9205, 180, 144
2_Rows_Opposing, 6.9259, 182, 144
2_Rows_Opposing, 6.9315, 180, 144
2_Rows_Opposing, 6.9369, 183, 144
2_Rows_Opposing, 6.9426, 181, 144
2_Rows_Opposing, 6.9487, 160, 144
2_Rows_Opposing, 6.9544, 173, 144
2_Rows_Opposing, 6.9601, 175, 144
2_Rows_Opposing, 6.9658, 176, 144
2_Rows_Opposing, 6.9714, 176, 144
2_Rows_Opposing, 6.9774, 167, 144
2_Rows_Opposing, 6.9832, 172, 144
2_Rows_Opposing, 6.9890, 173, 144
2_Rows_Opposing, 6.9947, 175, 144
2_Rows_Opposing, 7.0002, 179, 144
2_Rows_Opposing, 7.0059, 177, 144
2_Rows_Opposing, 7.0121, 160, 144
2_Rows_Opposing, 7.0184, 157, 144
2_Rows_Opposing, 7.0250, 153, 144
2_Rows_Opposing, 7.0313, 158, 144
2_Rows_Opposing, 7.0374, 162, 144
2_Rows_Opposing, 7.0439, 154, 144
2_Rows_Opposing, 7.0501, 159, 144
2_Rows_Opposing, 7.0566, 154, 144
2_Rows_Opposing, 7.0633, 148, 144
2_Rows_Opposing, 7.0703, 143, 144
2_Rows_Opposing, 7.0770, 148, 144
2_Rows_Opposing, 7.0836, 153, 144
2_Rows_Opposing, 7.0905, 144, 144
2_Rows_Opposing, 7.0974, 145, 144
2_Rows_Opposing, 7.1044, 142, 144
2_Rows_Opposing, 7.1112, 147, 144
2_Rows_Opposing, 7.1189, 129, 144
2_Rows_Opposing, 7.1265, 131, 144
2_Rows_Opposing, 7.1330, 154, 144
2_Rows_Opposing, 7.1396, 150, 144
2_Rows_Opposing, 7.1465, 145, 144
2_Rows_Opposing, 7.1534, 145, 144
2_Rows_Opposing, 7.1600, 150, 144
2_Rows_Opposing, 7.1668, 147, 144
2_Rows_Opposing, 7.1734, 151, 144
2_Rows_Opposing, 7.1803, 145, 144
2_Rows_Opposing, 7.1868, 155, 144
2_Rows_Opposing, 7.1932, 155, 144
2_Rows_Opposing, 7.1996, 155, 144
2_Rows_Opposing, 7.2059, 158, 144
2_Rows_Opposing, 7.2125, 153, 144
2_Rows_Opposing, 7.2187, 158, 144
2_Rows_Opposing, 7.2255, 148, 144
2_Rows_Opposing, 7.2319, 155, 144
2_Rows_Opposing, 7.2433, 157, 144
2_Rows_Opposing, 7.2501, 84, 144
2_Rows_Opposing, 7.2565, 154, 144
2_Rows_Opposing, 7.2631, 152, 144
2_Rows_Opposing, 7.2698, 148, 144
2_Rows_Opposing, 7.2767, 146, 144
2_Rows_Opposing, 7.2829, 159, 144
2_Rows_Opposing, 7.2894, 155, 144
2_Rows_Opposing, 7.2960, 150, 144
2_Rows_Opposing, 7.3031, 140, 144
2_Rows_Opposing, 7.3105, 135, 144
2_Rows_Opposing, 7.3175, 142, 144
2_Rows_Opposing, 7.3247, 138, 144
2_Rows_Opposing, 7.3316, 145, 144
2_Rows_Opposing, 7.3385, 145, 144
2_Rows_Opposing, 7.3455, 142, 144
2_Rows_Opposing, 7.3524, 144, 144
2_Rows_Opposing, 7.3594, 143, 144
2_Rows_Opposing, 7.3665, 140, 144
2_Rows_Opposing, 7.3734, 143, 144
2_Rows_Opposing, 7.3802, 148, 144
2_Rows_Opposing, 7.3868, 151, 144
2_Rows_Opposing, 7.3931, 156, 144
2_Rows_Opposing, 7.4000, 146, 144
2_Rows_Opposing, 7.4069, 145, 144
2_Rows_Opposing, 7.4140, 140, 144
2_Rows_Opposing, 7.4208, 146, 144
2_Rows_Opposing, 7.4276, 146, 144
2_Rows_Opposing, 7.4344, 146, 144
2_Rows_Opposing, 7.4414, 142, 144
2_Rows_Opposing, 7.4484, 142, 144
2_Rows_Opposing, 7.4551, 149, 144
2_Rows_Opposing, 7.4626, 132, 144
2_Rows_Opposing, 7.4703, 131, 144
2_Rows_Opposing, 7.4773, 141, 144
2_Rows_Opposing, 7.4842, 145, 144
2_Rows_Opposing, 7.4913, 140, 144
2_Rows_Opposing, 7.4981, 147, 144
2_Rows_Opposing, 7.5047, 151, 144
2_Rows_Opposing, 7.5116, 144, 144
2_Rows_Opposing, 7.5186, 142, 144
2_Rows_Opposing, 7.5256, 142, 144
2_Rows_Opposing, 7.5321, 153, 144
2_Rows_Opposing, 7.5394, 138, 144
2_Rows_Opposing, 7.5460, 151, 144
2_Rows_Opposing, 7.5526, 150, 144
2_Rows_Opposing, 7.5596, 143, 144
2_Rows_Opposing, 7.5663, 147, 144
2_Rows_Opposing, 7.5733, 144, 144
2_Rows_Opposing, 7.5805, 138, 144
2_Rows_Opposing, 7.5879, 134, 144
2_Rows_Opposing, 7.5947, 148, 144
2_Rows_Opposing, 7.6019, 139, 144
2_Rows_Opposing, 7.6092, 135, 144
2_Rows_Opposing, 7.6164, 142, 144
2_Rows_Opposing, 7.6235, 138, 144
2_Rows_Opposing, 7.6307, 138, 144
2_Rows_Opposing, 7.6386, 125, 144
2_Rows_Opposing, 7.6459, 138, 144
2_Rows_Opposing, 7.6534, 131, 144
2_Rows_Opposing, 7.6610, 131, 144
2_Rows_Opposing, 7.6689, 127, 144
2_Rows_Opposing, 7.6767, 127, 144
2_Rows_Opposing, 7.6840, 136, 144
2_Rows_Opposing, 7.6913, 136, 144
2_Rows_Opposing, 7.6983, 142, 144
2_Rows_Opposing, 7.7049, 152, 144
2_Rows_Opposing, 7.7112, 158, 144
2_Rows_Opposing, 7.7176, 155, 144
2_Rows_Opposing, 7.7243, 149, 144
2_Rows_Opposing, 7.7311, 147, 144
2_Rows_Opposing, 7.7378, 150, 144
2_Rows_Opposing, 7.7444, 149, 144
2_Rows_Opposing, 7.7506, 161, 144
2_Rows_Opposing, 7.7567, 163, 144
2_Rows_Opposing, 7.7628, 165, 144
2_Rows_Opposing, 7.7692, 156, 144
2_Rows_Opposing, 7.7761, 145, 144
2_Rows_Opposing, 7.7826, 152, 144
2_Rows_Opposing, 7.7893, 150, 144
2_Rows_Opposing, 7.7955, 161, 144
2_Rows_Opposing, 7.8015, 165, 144
2_Rows_Opposing, 7.8080, 153, 144
2_Rows_Opposing, 7.8143, 159, 144
2_Rows_Opposing, 7.8208, 154, 144
2_Rows_Opposing, 7.8271, 157, 144
2_Rows_Opposing, 7.8335, 155, 144
2_Rows_Opposing, 7.8404, 145, 144
2_Rows_Opposing, 7.8471, 148, 144
2_Rows_Opposing, 7.8538, 149, 144
2_Rows_Opposing, 7.8603, 153, 144
2_Rows_Opposing, 7.8669, 152, 144
2_Rows_Opposing, 7.8740, 140, 144
2_Rows_Opposing, 7.8810, 142, 144
2_Rows_Opposing, 7.8881, 140, 144
2_Rows_Opposing, 7.8946, 154, 144
2_Rows_Opposing, 7.9018, 138, 144
2_Rows_Opposing, 7.9085, 149, 144
2_Rows_Opposing, 7.9151, 150, 144
2_Rows_Opposing, 7.9217, 151, 144
2_Rows_Opposing, 7.9284, 149, 144
2_Rows_Opposing, 7.9355, 141, 144
2_Rows_Opposing, 7.9426, 140, 144
2_Rows_Opposing, 7.9491, 153, 144
2_Rows_Opposing, 7.9555, 156, 144
2_Rows_Opposing, 7.9621, 151, 144
2_Rows_Opposing, 7.9689, 146, 144
2_Rows_Opposing, 7.9757, 147, 144
2_Rows_Opposing, 7.9824, 149, 144
2_Rows_Opposing, 7.9890, 149, 144
2_Rows_Opposing, 7.9959, 146, 144
2_Rows_Opposing, 8.0026, 148, 144
2_Rows_Opposing, 8.0093, 149, 144
2_Rows_Opposing, 8.0157, 157, 144
2_Rows_Opposing, 8.0222, 153, 144
2_Rows_Opposing, 8.0288, 150, 144
2_Rows_Opposing, 8.0357, 144, 144
2_Rows_Opposing, 8.0427, 144, 144
2_Rows_Opposing, 8.0494, 148, 144
2_Rows_Opposing, 8.0572, 128, 144
2_Rows_Opposing, 8.0642, 143, 144
2_Rows_Opposing, 8.0719, 129, 144
2_Rows_Opposing, 8.0791, 139, 144
2_Rows_Opposing, 8.0868, 129, 144
2_Rows_Opposing, 8.0964, 104, 144
2_Rows_Opposing, 8.1056, 107, 144
2_Rows_Opposing, 8.1140, 119, 144
2_Rows_Opposing, 8.1232, 108, 144
2_Rows_Opposing, 8.1320, 112, 144
2_Rows_Opposing, 8.1412, 109, 144
2_Rows_Opposing, 8.1503, 110, 144
2_Rows_Opposing, 8.1585, 121, 144
2_Rows_Opposing, 8.1668, 120, 144
2_Rows_Opposing, 8.1752, 119, 144
2_Rows_Opposing, 8.1834, 121, 144
2_Rows_Opposing, 8.1913, 126, 144
2_Rows_Opposing, 8.1992, 126, 144
2_Rows_Opposing, 8.2069, 129, 144
2_Rows_Opposing, 8.2151, 123, 144
2_Rows_Opposing, 8.2226, 131, 144
2_Rows_Opposing, 8.2303, 130, 144
2_Rows_Opposing, 8.2382, 126, 144
2_Rows_Opposing, 8.2460, 129, 144
2_Rows_Opposing, 8.2536, 131, 144
2_Rows_Opposing, 8.2608, 138, 144
2_Rows_Opposing, 8.2686, 128, 144
2_Rows_Opposing, 8.2760, 135, 144
2_Rows_Opposing, 8.2836, 132, 144
2_Rows_Opposing, 8.2914, 127, 144
2_Rows_Opposing, 8.2990, 132, 144
2_Rows_Opposing, 8.3064, 135, 144
2_Rows_Opposing, 8.3140, 132, 144
2_Rows_Opposing, 8.3209, 144, 144
2_Rows_Opposing, 8.3275, 150, 144
2_Rows_Opposing, 8.3340, 156, 144
2_Rows_Opposing, 8.3405, 152, 144
2_Rows_Opposing, 8.3472, 149, 144
2_Rows_Opposing, 8.3541, 145, 144
2_Rows_Opposing, 8.3605, 154, 144
2_Rows_Opposing, 8.3676, 142, 144
2_Rows_Opposing, 8.3743, 148, 144
2_Rows_Opposing, 8.3813, 144, 144
2_Rows_Opposing, 8.3886, 136, 144
2_Rows_Opposing, 8.3958, 137, 144
2_Rows_Opposing, 8.4030, 140, 144
2_Rows_Opposing, 8.4103, 136, 144
2_Rows_Opposing, 8.4171, 148, 144
2_Rows_Opposing, 8.4237, 150, 144
2_Rows_Opposing, 8.4305, 147, 144
2_Rows_Opposing, 8.4371, 151, 144
2_Rows_Opposing, 8.4432, 161, 144
2_Rows_Opposing, 8.4494, 161, 144
2_Rows_Opposing, 8.4556, 161, 144
2_Rows_Opposing, 8.4621, 155, 144
2_Rows_Opposing, 8.4685, 155, 144
2_Rows_Opposing, 8.4749, 156, 144
2_Rows_Opposing, 8.4811, 162, 144
2_Rows_Opposing, 8.4873, 160, 144
2_Rows_Opposing, 8.4934, 163, 144
2_Rows_Opposing, 8.4995, 163, 144
2_Rows_Opposing, 8.5056, 165, 144
2_Rows_Opposing, 8.5116, 166, 144
2_Rows_Opposing, 8.5183, 150, 144
2_Rows_Opposing, 8.5248, 153, 144
2_Rows_Opposing, 8.5308, 164, 144
2_Rows_Opposing, 8.5370, 163, 144
2_Rows_Opposing, 8.5429, 168, 144
2_Rows_Opposing, 8.5491, 161, 144
2_Rows_Opposing, 8.5554, 159, 144
2_Rows_Opposing, 8.5613, 170, 144
2_Rows_Opposing, 8.5672, 169, 144
2_Rows_Opposing, 8.5737, 153, 144
2_Rows_Opposing, 8.5798, 164, 144
2_Rows_Opposing, 8.5862, 155, 144
2_Rows_Opposing, 8.5921, 168, 144
2_Rows_Opposing, 8.5980, 169, 144
2_Rows_Opposing, 8.6041, 164, 144
2_Rows_Opposing, 8.6105, 156, 144
2_Rows_Opposing, 8.6168, 158, 144
2_Rows_Opposing, 8.6234, 150, 144
2_Rows_Opposing, 8.6302, 149, 144
2_Rows_Opposing, 8.6366, 153, 144
2_Rows_Opposing, 8.6425, 169, 144
2_Rows_Opposing, 8.6488, 159, 144
2_Rows_Opposing, 8.6555, 148, 144
2_Rows_Opposing, 8.6617, 160, 144
2_Rows_Opposing, 8.6680, 159, 144
2_Rows_Opposing, 8.6741, 162, 144
2_Rows_Opposing, 8.6806, 156, 144
2_Rows_Opposing, 8.6870, 155, 144
2_Rows_Opposing, 8.6932, 160, 144
2_Rows_Opposing, 8.6994, 163, 144
2_Rows_Opposing, 8.7056, 160, 144
2_Rows_Opposing, 8.7124, 148, 144
2_Rows_Opposing, 8.7193, 143, 144
2_Rows_Opposing, 8.7260, 148, 144
2_Rows_Opposing, 8.7323, 159, 144
2_Rows_Opposing, 8.7390, 149, 144
2_Rows_Opposing, 8.7455, 152, 144
2_Rows_Opposing, 8.7520, 153, 144
2_Rows_Opposing, 8.7588, 148, 144
2_Rows_Opposing, 8.7651, 159, 144
2_Rows_Opposing, 8.7718, 149, 144
2_Rows_Opposing, 8.7785, 149, 144
2_Rows_Opposing, 8.7851, 151, 144
2_Rows_Opposing, 8.7915, 154, 144
2_Rows_Opposing, 8.7981, 151, 144
2_Rows_Opposing, 8.8045, 156, 144
2_Rows_Opposing, 8.8103, 173, 144
2_Rows_Opposing, 8.8161, 169, 144
2_Rows_Opposing, 8.8220, 169, 144
2_Rows_Opposing, 8.8279, 169, 144
2_Rows_Opposing, 8.8347, 148, 144
2_Rows_Opposing, 8.8411, 154, 144
2_Rows_Opposing, 8.8478, 150, 144
2_Rows_Opposing, 8.8539, 164, 144
2_Rows_Opposing, 8.8596, 174, 144
2_Rows_Opposing, 8.8655, 170, 144
2_Rows_Opposing, 8.8707, 190, 144
2_Rows_Opposing, 8.8760, 188, 144
2_Rows_Opposing, 8.8814, 187, 144
2_Rows_Opposing, 8.8867, 188, 144
2_Rows_Opposing, 8.8919, 189, 144
2_Rows_Opposing, 8.8974, 183, 144
2_Rows_Opposing, 8.9030, 177, 144
2_Rows_Opposing, 8.9084, 185, 144
2_Rows_Opposing, 8.9141, 177, 144
2_Rows_Opposing, 8.9195, 184, 144
2_Rows_Opposing, 8.9253, 170, 144
2_Rows_Opposing, 8.9314, 165, 144
2_Rows_Opposing, 8.9365, 193, 144
2_Rows_Opposing, 8.9420, 182, 144
2_Rows_Opposing, 8.9478, 174, 144
2_Rows_Opposing, 8.9534, 178, 144
2_Rows_Opposing, 8.9590, 177, 144
2_Rows_Opposing, 8.9651, 164, 144
2_Rows_Opposing, 8.9705, 182, 144
2_Rows_Opposing, 8.9763, 175, 144
2_Rows_Opposing, 8.9819, 175, 144
2_Rows_Opposing, 8.9875, 179, 144
2_Rows_Opposing, 8.9931, 180, 144
2_Rows_Opposing, 8.9985, 184, 144
2_Rows_Opposing, 9.0039, 183, 144
2_Rows_Opposing, 9.0096, 175, 144
2_Rows_Opposing, 9.0149, 191, 144
2_Rows_Opposing, 9.0201, 191, 144
2_Rows_Opposing, 9.0256, 179, 144
2_Rows_Opposing, 9.0314, 173, 144
2_Rows_Opposing, 9.0367, 188, 144
2_Rows_Opposing, 9.0424, 175, 144
2_Rows_Opposing, 9.0481, 175, 144
2_Rows_Opposing, 9.0534, 190, 144
2_Rows_Opposing, 9.0587, 186, 144
2_Rows_Opposing, 9.0643, 179, 144
2_Rows_Opposing, 9.0699, 179, 144
2_Rows_Opposing, 9.0757, 172, 144
2_Rows_Opposing, 9.0810, 187, 144
2_Rows_Opposing, 9.0866, 180, 144
2_Rows_Opposing, 9.0919, 189, 144
2_Rows_Opposing, 9.0974, 181, 144
2_Rows_Opposing, 9.1028, 182, 144
2_Rows_Opposing, 9.1082, 185, 144
2_Rows_Opposing, 9.1135, 189, 144
2_Rows_Opposing, 9.1190, 183, 144
2_Rows_Opposing, 9.1243, 187, 144
2_Rows_Opposing, 9.1296, 188, 144
2_Rows_Opposing, 9.1350, 183, 144
2_Rows_Opposing, 9.1404, 187, 144
2_Rows_Opposing, 9.1458, 186, 144
2_Rows_Opposing, 9.1513, 181, 144
2_Rows_Opposing, 9.1566, 187, 144
2_Rows_Opposing, 9.1621, 183, 144
2_Rows_Opposing, 9.1678, 175, 144
2_Rows_Opposing, 9.1734, 175, 144
2_Rows_Opposing, 9.1789, 184, 144
2_Rows_Opposing, 9.1842, 187, 144
2_Rows_Opposing, 9.1895, 189, 144
2_Rows_Opposing, 9.1944, 202, 144
2_Rows_Opposing, 9.1996, 192, 144
2_Rows_Opposing, 9.2047, 197, 144
2_Rows_Opposing, 9.2101, 184, 144
2_Rows_Opposing, 9.2152, 195, 144
2_Rows_Opposing, 9.2204, 193, 144
2_Rows_Opposing, 9.2257, 187, 144
2_Rows_Opposing, 9.2314, 176, 144
2_Rows_Opposing, 9.2370, 179, 144
2_Rows_Opposing, 9.2420, 196, 144
2_Rows_Opposing, 9.2475, 189, 144
2_Rows_Opposing, 9.2531, 177, 144
2_Rows_Opposing, 9.2589, 167, 144
2_Rows_Opposing, 9.2645, 180, 144
2_Rows_Opposing, 9.2698, 187, 144
2_Rows_Opposing, 9.2754, 178, 144
2_Rows_Opposing, 9.2810, 179, 144
2_Rows_Opposing, 9.2870, 165, 144
2_Rows_Opposing, 9.2929, 169, 144
2_Rows_Opposing, 9.2984, 182, 144
2_Rows_Opposing, 9.3038, 185, 144
2_Rows_Opposing, 9.3092, 185, 144
2_Rows_Opposing, 9.3145, 188, 144
2_Rows_Opposing, 9.3201, 179, 144
2_Rows_Opposing, 9.3256, 180, 144
2_Rows_Opposing, 9.3311, 182, 144
2_Rows_Opposing, 9.3366, 181, 144
2_Rows_Opposing, 9.3422, 179, 144
2_Rows_Opposing, 9.3480, 170, 144
2_Rows_Opposing, 9.3538, 173, 144
2_Rows_Opposing, 9.3592, 183, 144
2_Rows_Opposing, 9.3647, 186, 144
2_Rows_Opposing, 9.3703, 175, 144
2_Rows_Opposing, 9.3761, 173, 144
2_Rows_Opposing, 9.3829, 145, 144
2_Rows_Opposing, 9.3896, 149, 144
2_Rows_Opposing, 9.3964, 148, 144
2_Rows_Opposing, 9.4026, 159, 144
2_Rows_Opposing, 9.4092, 152, 144
2_Rows_Opposing, 9.4147, 181, 144
2_Rows_Opposing, 9.4215, 147, 144
2_Rows_Opposing, 9.4271, 177, 144
2_Rows_Opposing, 9.4325, 184, 144
2_Rows_Opposing, 9.4378, 189, 144
2_Rows_Opposing, 9.4431, 188, 144
2_Rows_Opposing, 9.4485, 184, 144
2_Rows_Opposing, 9.4543, 173, 144
2_Rows_Opposing, 9.4600, 174, 144
2_Rows_Opposing, 9.4650, 198, 144
2_Rows_Opposing, 9.4704, 187, 144
2_Rows_Opposing, 9.4761, 176, 144
2_Rows_Opposing, 9.4811, 198, 144
2_Rows_Opposing, 9.4862, 195, 144
2_Rows_Opposing, 9.4915, 187, 144
2_Rows_Opposing, 9.4968, 189, 144
2_Rows_Opposing, 9.5022, 185, 144
2_Rows_Opposing, 9.5076, 185, 144
2_Rows_Opposing, 9.5132, 179, 144
2_Rows_Opposing, 9.5187, 179, 144
2_Rows_Opposing, 9.5241, 187, 144
2_Rows_Opposing, 9.5291, 196, 144
2_Rows_Opposing, 9.5343, 192, 144
2_Rows_Opposing, 9.5397, 188, 144
2_Rows_Opposing, 9.5446, 200, 144
2_Rows_Opposing, 9.5496, 200, 144
2_Rows_Opposing, 9.5557, 194, 144
2_Rows_Opposing, 9.5612, 172, 144
2_Rows_Opposing, 9.5667, 177, 144
2_Rows_Opposing, 9.5717, 183, 144
2_Rows_Opposing, 9.5769, 192, 144
2_Rows_Opposing, 9.5819, 197, 144
2_Rows_Opposing, 9.5869, 202, 144
2_Rows_Opposing, 9.5920, 200, 144
2_Rows_Opposing, 9.5975, 187, 144
2_Rows_Opposing, 9.6031, 181, 144
2_Rows_Opposing, 9.6087, 165, 144
2_Rows_Opposing, 9.6142, 181, 144
2_Rows_Opposing, 9.6197, 188, 144
2_Rows_Opposing, 9.6253, 181, 144
2_Rows_Opposing, 9.6309, 176, 144
2_Rows_Opposing, 9.6364, 174, 144
2_Rows_Opposing, 9.6419, 186, 144
2_Rows_Opposing, 9.6476, 172, 144
2_Rows_Opposing, 9.6531, 187, 144
2_Rows_Opposing, 9.6586, 178, 144
2_Rows_Opposing, 9.6642, 174, 144
2_Rows_Opposing, 9.6699, 175, 144
2_Rows_Opposing, 9.6760, 164, 144
2_Rows_Opposing, 9.6819, 168, 144
2_Rows_Opposing, 9.6875, 180, 144
2_Rows_Opposing, 9.6930, 181, 144
2_Rows_Opposing, 9.6987, 174, 144
2_Rows_Opposing, 9.7044, 176, 144
2_Rows_Opposing, 9.7103, 169, 144
2_Rows_Opposing, 9.7159, 178, 144
2_Rows_Opposing, 9.7219, 166, 144
2_Rows_Opposing, 9.7281, 160, 144
2_Rows_Opposing, 9.7337, 178, 144
2_Rows_Opposing, 9.7394, 175, 144
2_Rows_Opposing, 9.7452, 171, 144
2_Rows_Opposing, 9.7514, 162, 144
2_Rows_Opposing, 9.7570, 176, 144
2_Rows_Opposing, 9.7629, 170, 144
2_Rows_Opposing, 9.7685, 178, 144
2_Rows_Opposing, 9.7740, 186, 144
2_Rows_Opposing, 9.7794, 179, 144
2_Rows_Opposing, 9.7848, 186, 144
2_Rows_Opposing, 9.7909, 164, 144
2_Rows_Opposing, 9.7961, 190, 144
2_Rows_Opposing, 9.8014, 188, 144
2_Rows_Opposing, 9.8075, 165, 144
2_Rows_Opposing, 9.8124, 200, 144
2_Rows_Opposing, 9.8174, 199, 144
2_Rows_Opposing, 9.8223, 204, 144
2_Rows_Opposing, 9.8272, 203, 144
2_Rows_Opposing, 9.8324, 191, 144
2_Rows_Opposing, 9.8374, 201, 144
2_Rows_Opposing, 9.8423, 204, 144
2_Rows_Opposing, 9.8475, 198, 144
2_Rows_Opposing, 9.8531, 194, 144
2_Rows_Opposing, 9.8586, 174, 144
2_Rows_Opposing, 9.8642, 172, 144
2_Rows_Opposing, 9.8703, 158, 144
2_Rows_Opposing, 9.8755, 189, 144
2_Rows_Opposing, 9.8809, 197, 144
2_Rows_Opposing, 9.8864, 181, 144
2_Rows_Opposing, 9.8920, 186, 144
2_Rows_Opposing, 9.8975, 175, 144
2_Rows_Opposing, 9.9030, 170, 144
2_Rows_Opposing, 9.9086, 189, 144
2_Rows_Opposing, 9.9141, 172, 144
2_Rows_Opposing, 9.9197, 189, 144
2_Rows_Opposing, 9.9253, 180, 144
2_Rows_Opposing, 9.9309, 178, 144
2_Rows_Opposing, 9.9364, 177, 144
2_Rows_Opposing, 9.9420, 186, 144
2_Rows_Opposing, 9.9475, 189, 144
2_Rows_Opposing, 9.9531, 178, 144
2_Rows_Opposing, 9.9586, 184, 144
2_Rows_Opposing, 9.9642, 173, 144
2_Rows_Opposing, 9.9697, 170, 144
2_Rows_Opposing, 9.9753, 186, 144
2_Rows_Opposing, 9.9808, 170, 144
2_Rows_Opposing, 9.9865, 188, 144
2_Rows_Opposing, 9.9920, 175, 144
2_Rows_Opposing, 9.9975, 187, 144
2_Rows_Opposing, 10.0031, 167, 144
2_Rows_Opposing, 10.0086, 177, 144
2_Rows_Opposing, 10.0142, 196, 144
2_Rows_Opposing, 10.0197, 177, 144
2_Rows_Opposing, 10.0253, 179, 144
2_Rows_Opposing, 10.0308, 172, 144
2_Rows_Opposing, 10.0364, 182, 144
2_Rows_Opposing, 10.0420, 184, 144
2_Rows_Opposing, 10.0475, 170, 144
2_Rows_Opposing, 10.0531, 179, 144
2_Rows_Opposing, 10.0592, 161, 144
2_Rows_Opposing, 10.0649, 174, 144
2_Rows_Opposing, 10.0699, 200, 144
2_Rows_Opposing, 10.0753, 191, 144
2_Rows_Opposing, 10.0808, 180, 144
2_Rows_Opposing, 10.0864, 175, 144
2_Rows_Opposing, 10.0925, 164, 144
2_Rows_Opposing, 10.0980, 179, 144
2_Rows_Opposing, 10.1036, 179, 144
2_Rows_Opposing, 10.1091, 182, 144
2_Rows_Opposing, 10.1144, 187, 144
2_Rows_Opposing, 10.1198, 184, 144
2_Rows_Opposing, 10.1253, 187, 144
2_Rows_Opposing, 10.1308, 187, 144
2_Rows_Opposing, 10.1364, 171, 144
2_Rows_Opposing, 10.1420, 182, 144
2_Rows_Opposing, 10.1476, 171, 144
2_Rows_Opposing, 10.1531, 182, 144
2_Rows_Opposing, 10.1586, 182, 144
2_Rows_Opposing, 10.1642, 185, 144
2_Rows_Opposing, 10.1699, 168, 144
2_Rows_Opposing, 10.1753, 194, 144
2_Rows_Opposing, 10.1808, 190, 144
2_Rows_Opposing, 10.1864, 173, 144
2_Rows_Opposing, 10.1920, 168, 144
2_Rows_Opposing, 10.1975, 189, 144
2_Rows_Opposing, 10.2030, 177, 144
2_Rows_Opposing, 10.2086, 179, 144
2_Rows_Opposing, 10.2142, 180, 144
2_Rows_Opposing, 10.2197, 176, 144
2_Rows_Opposing, 10.2253, 183, 144
2_Rows_Opposing, 10.2308, 176, 144
2_Rows_Opposing, 10.2364, 182, 144
2_Rows_Opposing, 10.2419, 188, 144
2_Rows_Opposing, 10.2475, 176, 144
2_Rows_Opposing, 10.2531, 180, 144
2_Rows_Opposing, 10.2586, 182, 144
2_Rows_Opposing, 10.2642, 172, 144
2_Rows_Opposing, 10.2697, 178, 144
2_Rows_Opposing, 10.2753, 174, 144
2_Rows_Opposing, 10.2809, 185, 144
2_Rows_Opposing, 10.2864, 184, 144
2_Rows_Opposing, 10.2921, 168, 144
2_Rows_Opposing, 10.2975, 190, 144
2_Rows_Opposing, 10.3031, 186, 144
2_Rows_Opposing, 10.3086, 169, 144
2_Rows_Opposing, 10.3142, 182, 144
2_Rows_Opposing, 10.3197, 190, 144
2_Rows_Opposing, 10.3253, 188, 144
2_Rows_Opposing, 10.3308, 174, 144
2_Rows_Opposing, 10.3364, 183, 144
2_Rows_Opposing, 10.3420, 183, 144
2_Rows_Opposing, 10.3475, 180, 144
2_Rows_Opposing, 10.3531, 177, 144
2_Rows_Opposing, 10.3586, 161, 144
2_Rows_Opposing, 10.3642, 178, 144
2_Rows_Opposing, 10.3697, 186, 144
2_Rows_Opposing, 10.3756, 166, 144
2_Rows_Opposing, 10.3811, 182, 144
2_Rows_Opposing, 10.3864, 190, 144
2_Rows_Opposing, 10.3919, 182, 144
2_Rows_Opposing, 10.3975, 182, 144
2_Rows_Opposing, 10.4031, 185, 144
2_Rows_Opposing, 10.4086, 181, 144
2_Rows_Opposing, 10.4142, 182, 144
2_Rows_Opposing, 10.4197, 176, 144
2_Rows_Opposing, 10.4253, 181, 144
2_Rows_Opposing, 10.4308, 177, 144
2_Rows_Opposing, 10.4364, 174, 144
2_Rows_Opposing, 10.4420, 185, 144
2_Rows_Opposing, 10.4475, 177, 144
2_Rows_Opposing, 10.4531, 180, 144
2_Rows_Opposing, 10.4586, 181, 144
2_Rows_Opposing, 10.4642, 183, 144
2_Rows_Opposing, 10.4697, 177, 144
2_Rows_Opposing, 10.4753, 178, 144
2_Rows_Opposing, 10.4808, 179, 144
2_Rows_Opposing, 10.4864, 190, 144
2_Rows_Opposing, 10.4919, 170, 144
2_Rows_Opposing, 10.4975, 179, 144
2_Rows_Opposing, 10.5030, 200, 144
2_Rows_Opposing, 10.5086, 185, 144
2_Rows_Opposing, 10.5142, 174, 144
2_Rows_Opposing, 10.5197, 178, 144
2_Rows_Opposing, 10.5253, 180, 144
2_Rows_Opposing, 10.5308, 189, 144
2_Rows_Opposing, 10.5364, 185, 144
2_Rows_Opposing, 10.5419, 181, 144
2_Rows_Opposing, 10.5475, 176, 144
2_Rows_Opposing, 10.5531, 178, 144
2_Rows_Opposing, 10.5587, 183, 144
2_Rows_Opposing, 10.5642, 175, 144
2_Rows_Opposing, 10.5698, 191, 144
2_Rows_Opposing, 10.5753, 175, 144
2_Rows_Opposing, 10.5808, 176, 144
2_Rows_Opposing, 10.5864, 180, 144
2_Rows_Opposing, 10.5919, 182, 144
2_Rows_Opposing, 10.5975, 182, 144
2_Rows_Opposing, 10.6030, 178, 144
2_Rows_Opposing, 10.6086, 178, 144
2_Rows_Opposing, 10.6142, 161, 144
2_Rows_Opposing, 10.6197, 192, 144
2_Rows_Opposing, 10.6253, 186, 144
2_Rows_Opposing, 10.6308, 177, 144
2_Rows_Opposing, 10.6364, 183, 144
2_Rows_Opposing, 10.6419, 173, 144
2_Rows_Opposing, 10.6475, 178, 144
2_Rows_Opposing, 10.6531, 180, 144
2_Rows_Opposing, 10.6586, 185, 144
2_Rows_Opposing, 10.6642, 172, 144
2_Rows_Opposing, 10.6697, 186, 144
2_Rows_Opposing, 10.6753, 182, 144
2_Rows_Opposing, 10.6808, 176, 144
2_Rows_Opposing, 10.6864, 181, 144
2_Rows_Opposing, 10.6919, 177, 144
2_Rows_Opposing, 10.6977, 169, 144
2_Rows_Opposing, 10.7044, 130, 144
2_Rows_Opposing, 10.7103, 169, 144
2_Rows_Opposing, 10.7198, 167, 144
2_Rows_Opposing, 10.7260, 102, 144
2_Rows_Opposing, 10.7312, 220, 144
2_Rows_Opposing, 10.7364, 174, 144
2_Rows_Opposing, 10.7419, 201, 144
2_Rows_Opposing, 10.7475, 162, 144
2_Rows_Opposing, 10.7531, 194, 144
2_Rows_Opposing, 10.7586, 180, 144
2_Rows_Opposing, 10.7641, 185, 144
2_Rows_Opposing, 10.7697, 187, 144
2_Rows_Opposing, 10.7753, 178, 144
2_Rows_Opposing, 10.7808, 176, 144
2_Rows_Opposing, 10.7864, 181, 144
2_Rows_Opposing, 10.7920, 178, 144
2_Rows_Opposing, 10.7975, 178, 144
2_Rows_Opposing, 10.8030, 172, 144
2_Rows_Opposing, 10.8086, 191, 144
2_Rows_Opposing, 10.8142, 178, 144
2_Rows_Opposing, 10.8197, 175, 144
2_Rows_Opposing, 10.8253, 183, 144
2_Rows_Opposing, 10.8308, 177, 144
2_Rows_Opposing, 10.8364, 186, 144
2_Rows_Opposing, 10.8419, 180, 144
2_Rows_Opposing, 10.8475, 174, 144
2_Rows_Opposing, 10.8530, 179, 144
2_Rows_Opposing, 10.8586, 187, 144
2_Rows_Opposing, 10.8641, 184, 144
2_Rows_Opposing, 10.8702, 180, 144
2_Rows_Opposing, 10.8753, 167, 144
2_Rows_Opposing, 10.8808, 198, 144
2_Rows_Opposing, 10.8864, 180, 144
2_Rows_Opposing, 10.8919, 177, 144
2_Rows_Opposing, 10.8975, 176, 144
2_Rows_Opposing, 10.9031, 178, 144
2_Rows_Opposing, 10.9086, 173, 144
2_Rows_Opposing, 10.9141, 193, 144
2_Rows_Opposing, 10.9197, 165, 144
2_Rows_Opposing, 10.9253, 186, 144
2_Rows_Opposing, 10.9308, 187, 144
2_Rows_Opposing, 10.9364, 181, 144
2_Rows_Opposing, 10.9420, 177, 144
2_Rows_Opposing, 10.9475, 179, 144
2_Rows_Opposing, 10.9530, 178, 144
2_Rows_Opposing, 10.9586, 182, 144
2_Rows_Opposing, 10.9642, 181, 144
2_Rows_Opposing, 10.9697, 172, 144
2_Rows_Opposing, 10.9753, 181, 144
2_Rows_Opposing, 10.9808, 180, 144
2_Rows_Opposing, 10.9864, 179, 144
2_Rows_Opposing, 10.9919, 183, 144
2_Rows_Opposing, 10.9975, 178, 144
2_Rows_Opposing, 11.0031, 183, 144
2_Rows_Opposing, 11.0086, 167, 144
2_Rows_Opposing, 11.0142, 195, 144
2_Rows_Opposing, 11.0197, 183, 144
2_Rows_Opposing, 11.0253, 178, 144
2_Rows_Opposing, 11.0308, 178, 144
2_Rows_Opposing, 11.0364, 176, 144
2_Rows_Opposing, 11.0419, 179, 144
2_Rows_Opposing, 11.0475, 182, 144
2_Rows_Opposing, 11.0530, 184, 144
2_Rows_Opposing, 11.0586, 172, 144
2_Rows_Opposing, 11.0642, 174, 144
2_Rows_Opposing, 11.0697, 184, 144
2_Rows_Opposing, 11.0753, 184, 144
2_Rows_Opposing, 11.0808, 186, 144
2_Rows_Opposing, 11.0864, 183, 144
2_Rows_Opposing, 11.0919, 170, 144
2_Rows_Opposing, 11.0975, 181, 144
2_Rows_Opposing, 11.1030, 176, 144
2_Rows_Opposing, 11.1086, 187, 144
2_Rows_Opposing, 11.1142, 187, 144
2_Rows_Opposing, 11.1197, 177, 144
2_Rows_Opposing, 11.1253, 181, 144
2_Rows_Opposing, 11.1308, 181, 144
2_Rows_Opposing, 11.1364, 179, 144
2_Rows_Opposing, 11.1419, 181, 144
2_Rows_Opposing, 11.1475, 181, 144
2_Rows_Opposing, 11.1530, 182, 144
2_Rows_Opposing, 11.1586, 177, 144
2_Rows_Opposing, 11.1642, 179, 144
2_Rows_Opposing, 11.1697, 180, 144
2_Rows_Opposing, 11.1753, 171, 144
2_Rows_Opposing, 11.1808, 186, 144
2_Rows_Opposing, 11.1864, 178, 144
2_Rows_Opposing, 11.1919, 181, 144
2_Rows_Opposing, 11.1975, 171, 144
2_Rows_Opposing, 11.2030, 191, 144
2_Rows_Opposing, 11.2086, 186, 144
2_Rows_Opposing, 11.2142, 172, 144
2_Rows_Opposing, 11.2197, 175, 144
2_Rows_Opposing, 11.2253, 183, 144
2_Rows_Opposing, 11.2308, 188, 144
2_Rows_Opposing, 11.2364, 182, 144
2_Rows_Opposing, 11.2419, 167, 144
2_Rows_Opposing, 11.2475, 180, 144
2_Rows_Opposing, 11.2531, 179, 144
2_Rows_Opposing, 11.2586, 179, 144
2_Rows_Opposing, 11.2641, 190, 144
2_Rows_Opposing, 11.2697, 173, 144
2_Rows_Opposing, 11.2753, 175, 144
2_Rows_Opposing, 11.2808, 181, 144
2_Rows_Opposing, 11.2864, 176, 144
2_Rows_Opposing, 11.2919, 191, 144
2_Rows_Opposing, 11.2975, 173, 144
2_Rows_Opposing, 11.3031, 186, 144
2_Rows_Opposing, 11.3086, 179, 144
2_Rows_Opposing, 11.3141, 180, 144
2_Rows_Opposing, 11.3197, 178, 144
2_Rows_Opposing, 11.3253, 170, 144
2_Rows_Opposing, 11.3308, 178, 144
2_Rows_Opposing, 11.3364, 187, 144
2_Rows_Opposing, 11.3419, 181, 144
2_Rows_Opposing, 11.3475, 186, 144
2_Rows_Opposing, 11.3530, 174, 144
2_Rows_Opposing, 11.3586, 172, 144
2_Rows_Opposing, 11.3642, 192, 144
2_Rows_Opposing, 11.3697, 178, 144
2_Rows_Opposing, 11.3753, 183, 144
2_Rows_Opposing, 11.3808, 170, 144
2_Rows_Opposing, 11.3864, 194, 144
2_Rows_Opposing, 11.3919, 179, 144
2_Rows_Opposing, 11.3975, 175, 144
2_Rows_Opposing, 11.4030, 183, 144
2_Rows_Opposing, 11.4086, 173, 144
2_Rows_Opposing, 11.4141, 178, 144
2_Rows_Opposing, 11.4197, 183, 144
2_Rows_Opposing, 11.4253, 179, 144
2_Rows_Opposing, 11.4308, 184, 144
2_Rows_Opposing, 11.4364, 163, 144
2_Rows_Opposing, 11.4419, 191, 144
2_Rows_Opposing, 11.4475, 182, 144
2_Rows_Opposing, 11.4530, 176, 144
2_Rows_Opposing, 11.4586, 185, 144
2_Rows_Opposing, 11.4641, 169, 144
2_Rows_Opposing, 11.4697, 182, 144
2_Rows_Opposing, 11.4753, 182, 144
2_Rows_Opposing, 11.4808, 180, 144
2_Rows_Opposing, 11.4864, 175, 144
2_Rows_Opposing, 11.4919, 182, 144
2_Rows_Opposing, 11.4975, 174, 144
2_Rows_Opposing, 11.5030, 182, 144
2_Rows_Opposing, 11.5086, 178, 144
2_Rows_Opposing, 11.5142, 173, 144
2_Rows_Opposing, 11.5197, 187, 144
2_Rows_Opposing, 11.5253, 174, 144
2_Rows_Opposing, 11.5308, 185, 144
2_Rows_Opposing, 11.5364, 180, 144
2_Rows_Opposing, 11.5420, 177, 144
2_Rows_Opposing, 11.5475, 184, 144
2_Rows_Opposing, 11.5531, 177, 144
2_Rows_Opposing, 11.5586, 176, 144
2_Rows_Opposing, 11.5642, 181, 144
2_Rows_Opposing, 11.5697, 181, 144
2_Rows_Opposing, 11.5753, 178, 144
2_Rows_Opposing, 11.5808, 184, 144
2_Rows_Opposing, 11.5864, 173, 144
2_Rows_Opposing, 11.5919, 182, 144
2_Rows_Opposing, 11.5975, 181, 144
2_Rows_Opposing, 11.6030, 181, 144
2_Rows_Opposing, 11.6086, 179, 144
2_Rows_Opposing, 11.6141, 185, 144
2_Rows_Opposing, 11.6197, 178, 144
2_Rows_Opposing, 11.6253, 183, 144
2_Rows_Opposing, 11.6308, 180, 144
2_Rows_Opposing, 11.6364, 177, 144
2_Rows_Opposing, 11.6419, 180, 144
2_Rows_Opposing, 11.6475, 181, 144
2_Rows_Opposing, 11.6531, 175, 144
2_Rows_Opposing, 11.6586, 186, 144
2_Rows_Opposing, 11.6642, 177, 144
2_Rows_Opposing, 11.6697, 181, 144
2_Rows_Opposing, 11.6753, 180, 144
2_Rows_Opposing, 11.6808, 181, 144
2_Rows_Opposing, 11.6864, 178, 144
2_Rows_Opposing, 11.6919, 182, 144
2_Rows_Opposing, 11.6975, 172, 144
2_Rows_Opposing, 11.7031, 184, 144
2_Rows_Opposing, 11.7086, 182, 144
2_Rows_Opposing, 11.7143, 173, 144
2_Rows_Opposing, 11.7197, 169, 144
2_Rows_Opposing, 11.7252, 191, 144
2_Rows_Opposing, 11.7308, 178, 144
2_Rows_Opposing, 11.7364, 187, 144
2_Rows_Opposing, 11.7419, 180, 144
2_Rows_Opposing, 11.7475, 171, 144
2_Rows_Opposing, 11.7530, 188, 144
2_Rows_Opposing, 11.7586, 175, 144
2_Rows_Opposing, 11.7641, 177, 144
2_Rows_Opposing, 11.7697, 176, 144
2_Rows_Opposing, 11.7753, 183, 144
2_Rows_Opposing, 11.7808, 176, 144
2_Rows_Opposing, 11.7864, 181, 144
2_Rows_Opposing, 11.7919, 188, 144
2_Rows_Opposing, 11.7975, 146, 144
2_Rows_Opposing, 11.8030, 206, 144
2_Rows_Opposing, 11.8086, 184, 144
2_Rows_Opposing, 11.8142, 185, 144
2_Rows_Opposing, 11.8197, 184, 144
2_Rows_Opposing, 11.8253, 183, 144
2_Rows_Opposing, 11.8308, 175, 144
2_Rows_Opposing, 11.8364, 183, 144
2_Rows_Opposing, 11.8419, 170, 144
2_Rows_Opposing, 11.8475, 183, 144
2_Rows_Opposing, 11.8530, 195, 144
2_Rows_Opposing, 11.8586, 175, 144
2_Rows_Opposing, 11.8641, 172, 144
2_Rows_Opposing, 11.8697, 193, 144
2_Rows_Opposing, 11.8753, 167, 144
2_Rows_Opposing, 11.8808, 189, 144
2_Rows_Opposing, 11.8864, 183, 144
2_Rows_Opposing, 11.8920, 179, 144
2_Rows_Opposing, 11.9011, 186, 144
2_Rows_Opposing, 11.9054, 105, 144
2_Rows_Opposing, 11.9093, 258, 144
2_Rows_Opposing, 11.9141, 261, 144
2_Rows_Opposing, 11.9197, 189, 144
2_Rows_Opposing, 11.9253, 185, 144
2_Rows_Opposing, 11.9308, 159, 144
2_Rows_Opposing, 11.9364, 197, 144
2_Rows_Opposing, 11.9419, 189, 144
2_Rows_Opposing, 11.9475, 179, 144
2_Rows_Opposing, 11.9530, 175, 144
2_Rows_Opposing, 11.9586, 169, 144
2_Rows_Opposing, 11.9642, 181, 144
2_Rows_Opposing, 11.9697, 180, 144
2_Rows_Opposing, 11.9753, 192, 144
2_Rows_Opposing, 11.9809, 176, 144
2_Rows_Opposing, 11.9864, 159, 144
2_Rows_Opposing, 11.9919, 188, 144
2_Rows_Opposing, 11.9975, 189, 144
2_Rows_Opposing, 12.0030, 180, 144
2_Rows_Opposing, 12.0086, 184, 144
2_Rows_Opposing, 12.0141, 173, 144
2_Rows_Opposing, 12.0197, 178, 144
2_Rows_Opposing, 12.0253, 182, 144
2_Rows_Opposing, 12.0308, 178, 144
2_Rows_Opposing, 12.0364, 183, 144
2_Rows_Opposing, 12.0419, 182, 144
2_Rows_Opposing, 12.0475, 177, 144
2_Rows_Opposing, 12.0530, 179, 144
2_Rows_Opposing, 12.0589, 178, 144
2_Rows_Opposing, 12.0641, 177, 144
2_Rows_Opposing, 12.0697, 189, 144
2_Rows_Opposing, 12.0753, 175, 144
2_Rows_Opposing, 12.0808, 186, 144
2_Rows_Opposing, 12.0864, 173, 144
2_Rows_Opposing, 12.0919, 183, 144
2_Rows_Opposing, 12.0975, 181, 144
2_Rows_Opposing, 12.1030, 173, 144
2_Rows_Opposing, 12.1086, 191, 144
2_Rows_Opposing, 12.1141, 180, 144
2_Rows_Opposing, 12.1199, 181, 144
2_Rows_Opposing, 12.1254, 153, 144
2_Rows_Opposing, 12.1312, 156, 144
2_Rows_Opposing, 12.1365, 199, 144
2_Rows_Opposing, 12.1421, 190, 144
2_Rows_Opposing, 12.1475, 190, 144
2_Rows_Opposing, 12.1532, 211, 144
2_Rows_Opposing, 12.1586, 150, 144
2_Rows_Opposing, 12.1641, 222, 144
2_Rows_Opposing, 12.1697, 174, 144
2_Rows_Opposing, 12.1753, 177, 144
2_Rows_Opposing, 12.1808, 186, 144
2_Rows_Opposing, 12.1864, 176, 144
2_Rows_Opposing, 12.1919, 173, 144
2_Rows_Opposing, 12.1975, 194, 144
2_Rows_Opposing, 12.2030, 178, 144
2_Rows_Opposing, 12.2086, 171, 144
2_Rows_Opposing, 12.2141, 187, 144
2_Rows_Opposing, 12.2197, 183, 144
2_Rows_Opposing, 12.2253, 178, 144
2_Rows_Opposing, 12.2308, 181, 144
2_Rows_Opposing, 12.2364, 179, 144
2_Rows_Opposing, 12.2419, 177, 144
2_Rows_Opposing, 12.2475, 178, 144
2_Rows_Opposing, 12.2530, 182, 144
2_Rows_Opposing, 12.2586, 183, 144
2_Rows_Opposing, 12.2641, 171, 144
2_Rows_Opposing, 12.2697, 178, 144
2_Rows_Opposing, 12.2753, 190, 144
2_Rows_Opposing, 12.2808, 171, 144
2_Rows_Opposing, 12.2864, 185, 144
2_Rows_Opposing, 12.2919, 179, 144
2_Rows_Opposing, 12.2975, 177, 144
2_Rows_Opposing, 12.3030, 187, 144
2_Rows_Opposing, 12.3086, 176, 144
2_Rows_Opposing, 12.3142, 185, 144
2_Rows_Opposing, 12.3197, 182, 144
2_Rows_Opposing, 12.3252, 169, 144
2_Rows_Opposing, 12.3308, 187, 144
2_Rows_Opposing, 12.3364, 184, 144
2_Rows_Opposing, 12.3419, 175, 144
2_Rows_Opposing, 12.3475, 176, 144
2_Rows_Opposing, 12.3530, 184, 144
2_Rows_Opposing, 12.3586, 180, 144
2_Rows_Opposing, 12.3641, 177, 144
2_Rows_Opposing, 12.3697, 184, 144
2_Rows_Opposing, 12.3753, 182, 144
2_Rows_Opposing, 12.3808, 167, 144
2_Rows_Opposing, 12.3864, 185, 144
2_Rows_Opposing, 12.3919, 178, 144
2_Rows_Opposing, 12.3975, 172, 144
2_Rows_Opposing, 12.4030, 183, 144
2_Rows_Opposing, 12.4086, 193, 144
2_Rows_Opposing, 12.4141, 163, 144
2_Rows_Opposing, 12.4197, 184, 144
2_Rows_Opposing, 12.4253, 175, 144
2_Rows_Opposing, 12.4308, 181, 144
2_Rows_Opposing, 12.4364, 187, 144
2_Rows_Opposing, 12.4419, 180, 144
2_Rows_Opposing, 12.4475, 183, 144
2_Rows_Opposing, 12.4530, 167, 144
2_Rows_Opposing, 12.4586, 185, 144
2_Rows_Opposing, 12.4641, 173, 144
2_Rows_Opposing, 12.4697, 179, 144
2_Rows_Opposing, 12.4753, 180, 144
2_Rows_Opposing, 12.4808, 189, 144
2_Rows_Opposing, 12.4864, 183, 144
2_Rows_Opposing, 12.4919, 176, 144
2_Rows_Opposing, 12.4975, 181, 144
2_Rows_Opposing, 12.5030, 159, 144
2_Rows_Opposing, 12.5086, 197, 144
2_Rows_Opposing, 12.5141, 179, 144
2_Rows_Opposing, 12.5197, 173, 144
2_Rows_Opposing, 12.5253, 193, 144
2_Rows_Opposing, 12.5308, 170, 144
2_Rows_Opposing, 12.5364, 204, 144
2_Rows_Opposing, 12.5419, 172, 144
2_Rows_Opposing, 12.5475, 171, 144
2_Rows_Opposing, 12.5530, 197, 144
2_Rows_Opposing, 12.5586, 181, 144
2_Rows_Opposing, 12.5641, 171, 144
2_Rows_Opposing, 12.5697, 177, 144
2_Rows_Opposing, 12.5752, 181, 144
2_Rows_Opposing, 12.5808, 183, 144
2_Rows_Opposing, 12.5864, 184, 144
2_Rows_Opposing, 12.5919, 169, 144
2_Rows_Opposing, 12.5975, 182, 144
2_Rows_Opposing, 12.6030, 184, 144
2_Rows_Opposing, 12.6086, 180, 144
2_Rows_Opposing, 12.6142, 179, 144
2_Rows_Opposing, 12.6197, 171, 144
2_Rows_Opposing, 12.6253, 173, 144
2_Rows_Opposing, 12.6308, 196, 144
2_Rows_Opposing, 12.6364, 168, 144
2_Rows_Opposing, 12.6419, 188, 144
2_Rows_Opposing, 12.6475, 169, 144
2_Rows_Opposing, 12.6531, 183, 144
2_Rows_Opposing, 12.6586, 165, 144
2_Rows_Opposing, 12.6641, 189, 144
2_Rows_Opposing, 12.6699, 190, 144
2_Rows_Opposing, 12.6753, 172, 144
2_Rows_Opposing, 12.6808, 184, 144
2_Rows_Opposing, 12.6864, 171, 144
2_Rows_Opposing, 12.6919, 200, 144
2_Rows_Opposing, 12.6975, 179, 144
2_Rows_Opposing, 12.7030, 173, 144
2_Rows_Opposing, 12.7086, 179, 144
2_Rows_Opposing, 12.7141, 187, 144
2_Rows_Opposing, 12.7197, 177, 144
2_Rows_Opposing, 12.7253, 177, 144
2_Rows_Opposing, 12.7308, 176, 144
2_Rows_Opposing, 12.7364, 176, 144
2_Rows_Opposing, 12.7419, 186, 144
2_Rows_Opposing, 12.7475, 182, 144
2_Rows_Opposing, 12.7530, 174, 144
2_Rows_Opposing, 12.7586, 184, 144
2_Rows_Opposing, 12.7641, 175, 144
2_Rows_Opposing, 12.7697, 188, 144
2_Rows_Opposing, 12.7753, 179, 144
2_Rows_Opposing, 12.7808, 176, 144
2_Rows_Opposing, 12.7864, 175, 144
2_Rows_Opposing, 12.7919, 177, 144
2_Rows_Opposing, 12.7975, 180, 144
2_Rows_Opposing, 12.8030, 186, 144
2_Rows_Opposing, 12.8086, 179, 144
2_Rows_Opposing, 12.8141, 177, 144
2_Rows_Opposing, 12.8197, 187, 144
2_Rows_Opposing, 12.8253, 176, 144
2_Rows_Opposing, 12.8308, 176, 144
2_Rows_Opposing, 12.8364, 179, 144
2_Rows_Opposing, 12.8419, 182, 144
2_Rows_Opposing, 12.8475, 181, 144
2_Rows_Opposing, 12.8530, 181, 144
2_Rows_Opposing, 12.8586, 175, 144
2_Rows_Opposing, 12.8641, 190, 144
2_Rows_Opposing, 12.8697, 174, 144
2_Rows_Opposing, 12.8753, 173, 144
2_Rows_Opposing, 12.8808, 188, 144
2_Rows_Opposing, 12.8864, 178, 144
2_Rows_Opposing, 12.8919, 185, 144
2_Rows_Opposing, 12.8975, 179, 144
2_Rows_Opposing, 12.9030, 174, 144
2_Rows_Opposing, 12.9086, 182, 144
2_Rows_Opposing, 12.9141, 177, 144
2_Rows_Opposing, 12.9197, 160, 144
2_Rows_Opposing, 12.9252, 188, 144
2_Rows_Opposing, 12.9308, 191, 144
2_Rows_Opposing, 12.9364, 178, 144
2_Rows_Opposing, 12.9419, 178, 144
2_Rows_Opposing, 12.9475, 170, 144
2_Rows_Opposing, 12.9530, 179, 144
2_Rows_Opposing, 12.9586, 188, 144
2_Rows_Opposing, 12.9641, 178, 144
2_Rows_Opposing, 12.9697, 169, 144
2_Rows_Opposing, 12.9753, 187, 144
2_Rows_Opposing, 12.9808, 185, 144
2_Rows_Opposing, 12.9864, 178, 144
2_Rows_Opposing, 12.9919, 168, 144
2_Rows_Opposing, 12.9975, 187, 144
2_Rows_Opposing, 13.0030, 187, 144
2_Rows_Opposing, 13.0086, 176, 144
2_Rows_Opposing, 13.0141, 183, 144
2_Rows_Opposing, 13.0197, 185, 144
2_Rows_Opposing, 13.0253, 178, 144
2_Rows_Opposing, 13.0308, 176, 144
2_Rows_Opposing, 13.0364, 186, 144
2_Rows_Opposing, 13.0419, 164, 144
2_Rows_Opposing, 13.0475, 197, 144
2_Rows_Opposing, 13.0641, 182, 144
2_Rows_Opposing, 13.0682, 60, 144
2_Rows_Opposing, 13.0721, 253, 144
2_Rows_Opposing, 13.0758, 273, 144
2_Rows_Opposing, 13.0808, 258, 144
2_Rows_Opposing, 13.0864, 197, 144
2_Rows_Opposing, 13.0919, 177, 144
2_Rows_Opposing, 13.0975, 185, 144
2_Rows_Opposing, 13.1030, 175, 144
2_Rows_Opposing, 13.1086, 184, 144
2_Rows_Opposing, 13.1141, 177, 144
2_Rows_Opposing, 13.1197, 179, 144
2_Rows_Opposing, 13.1252, 177, 144
2_Rows_Opposing, 13.1308, 184, 144
2_Rows_Opposing, 13.1364, 178, 144
2_Rows_Opposing, 13.1419, 180, 144
2_Rows_Opposing, 13.1475, 182, 144
2_Rows_Opposing, 13.1530, 182, 144
2_Rows_Opposing, 13.1586, 175, 144
2_Rows_Opposing, 13.1641, 166, 144
2_Rows_Opposing, 13.1697, 200, 144
2_Rows_Opposing, 13.1753, 180, 144
2_Rows_Opposing, 13.1808, 178, 144
2_Rows_Opposing, 13.1863, 180, 144
2_Rows_Opposing, 13.1919, 183, 144
2_Rows_Opposing, 13.1975, 177, 144
2_Rows_Opposing, 13.2030, 173, 144
2_Rows_Opposing, 13.2086, 177, 144
2_Rows_Opposing, 13.2141, 193, 144
2_Rows_Opposing, 13.2197, 187, 144
2_Rows_Opposing, 13.2252, 182, 144
2_Rows_Opposing, 13.2308, 177, 144
2_Rows_Opposing, 13.2363, 173, 144
2_Rows_Opposing, 13.2419, 193, 144
2_Rows_Opposing, 13.2475, 170, 144
2_Rows_Opposing, 13.2530, 183, 144
2_Rows_Opposing, 13.2586, 182, 144
2_Rows_Opposing, 13.2641, 179, 144
2_Rows_Opposing, 13.2697, 184, 144
2_Rows_Opposing, 13.2753, 178, 144
2_Rows_Opposing, 13.2808, 180, 144
2_Rows_Opposing, 13.2863, 176, 144
2_Rows_Opposing, 13.2919, 182, 144
2_Rows_Opposing, 13.2975, 168, 144
2_Rows_Opposing, 13.3030, 187, 144
2_Rows_Opposing, 13.3086, 180, 144
2_Rows_Opposing, 13.3141, 170, 144
2_Rows_Opposing, 13.3197, 192, 144
2_Rows_Opposing, 13.3252, 176, 144
2_Rows_Opposing, 13.3308, 180, 144
2_Rows_Opposing, 13.3363, 180, 144
2_Rows_Opposing, 13.3419, 181, 144
2_Rows_Opposing, 13.3475, 171, 144
2_Rows_Opposing, 13.3530, 186, 144
2_Rows_Opposing, 13.3586, 185, 144
2_Rows_Opposing, 13.3641, 175, 144
2_Rows_Opposing, 13.3697, 185, 144
2_Rows_Opposing, 13.3752, 171, 144
2_Rows_Opposing, 13.3808, 190, 144
2_Rows_Opposing, 13.3863, 173, 144
2_Rows_Opposing, 13.3919, 178, 144
2_Rows_Opposing, 13.3975, 183, 144
2_Rows_Opposing, 13.4030, 174, 144
2_Rows_Opposing, 13.4086, 188, 144
2_Rows_Opposing, 13.4141, 167, 144
2_Rows_Opposing, 13.4197, 185, 144
2_Rows_Opposing, 13.4253, 180, 144
2_Rows_Opposing, 13.4308, 180, 144
2_Rows_Opposing, 13.4365, 172, 144
2_Rows_Opposing, 13.4420, 165, 144
2_Rows_Opposing, 13.4476, 173, 144
2_Rows_Opposing, 13.4531, 188, 144
2_Rows_Opposing, 13.4587, 149, 144
2_Rows_Opposing, 13.4642, 207, 144
2_Rows_Opposing, 13.4699, 216, 144
2_Rows_Opposing, 13.4753, 154, 144
2_Rows_Opposing, 13.4808, 196, 144
2_Rows_Opposing, 13.4864, 189, 144
2_Rows_Opposing, 13.4919, 190, 144
2_Rows_Opposing, 13.4975, 179, 144
2_Rows_Opposing, 13.5030, 174, 144
2_Rows_Opposing, 13.5086, 174, 144
2_Rows_Opposing, 13.5141, 189, 144
2_Rows_Opposing, 13.5197, 185, 144
2_Rows_Opposing, 13.5253, 178, 144
2_Rows_Opposing, 13.5308, 173, 144
2_Rows_Opposing, 13.5364, 185, 144
2_Rows_Opposing, 13.5419, 181, 144
2_Rows_Opposing, 13.5475, 178, 144
2_Rows_Opposing, 13.5530, 178, 144
2_Rows_Opposing, 13.5586, 182, 144
2_Rows_Opposing, 13.5641, 175, 144
2_Rows_Opposing, 13.5697, 188, 144
2_Rows_Opposing, 13.5752, 178, 144
2_Rows_Opposing, 13.5808, 177, 144
2_Rows_Opposing, 13.5864, 187, 144
2_Rows_Opposing, 13.5919, 181, 144
2_Rows_Opposing, 13.5975, 175, 144
2_Rows_Opposing, 13.6031, 187, 144
2_Rows_Opposing, 13.6086, 175, 144
2_Rows_Opposing, 13.6141, 175, 144
2_Rows_Opposing, 13.6197, 184, 144
2_Rows_Opposing, 13.6252, 183, 144
2_Rows_Opposing, 13.6308, 179, 144
2_Rows_Opposing, 13.6363, 171, 144
2_Rows_Opposing, 13.6419, 189, 144
2_Rows_Opposing, 13.6474, 172, 144
2_Rows_Opposing, 13.6530, 189, 144
2_Rows_Opposing, 13.6585, 173, 144
2_Rows_Opposing, 13.6641, 177, 144
2_Rows_Opposing, 13.6697, 183, 144
2_Rows_Opposing, 13.6752, 175, 144
2_Rows_Opposing, 13.6808, 192, 144
2_Rows_Opposing, 13.6863, 173, 144
2_Rows_Opposing, 13.6919, 183, 144
2_Rows_Opposing, 13.6974, 180, 144
2_Rows_Opposing, 13.7030, 183, 144
2_Rows_Opposing, 13.7085, 177, 144
2_Rows_Opposing, 13.7141, 176, 144
2_Rows_Opposing, 13.7196, 173, 144
2_Rows_Opposing, 13.7252, 179, 144
2_Rows_Opposing, 13.7308, 184, 144
2_Rows_Opposing, 13.7363, 179, 144
2_Rows_Opposing, 13.7419, 188, 144
2_Rows_Opposing, 13.7474, 177, 144
2_Rows_Opposing, 13.7530, 182, 144
2_Rows_Opposing, 13.7585, 178, 144
2_Rows_Opposing, 13.7641, 180, 144
2_Rows_Opposing, 13.7697, 178, 144
2_Rows_Opposing, 13.7752, 177, 144
2_Rows_Opposing, 13.7808, 180, 144
2_Rows_Opposing, 13.7863, 178, 144
2_Rows_Opposing, 13.7919, 182, 144
2_Rows_Opposing, 13.7974, 177, 144
2_Rows_Opposing, 13.8030, 178, 144
2_Rows_Opposing, 13.8086, 178, 144
2_Rows_Opposing, 13.8141, 182, 144
2_Rows_Opposing, 13.8197, 180, 144
2_Rows_Opposing, 13.8252, 186, 144
2_Rows_Opposing, 13.8308, 169, 144
2_Rows_Opposing, 13.8363, 187, 144
2_Rows_Opposing, 13.8419, 184, 144
2_Rows_Opposing, 13.8474, 168, 144
2_Rows_Opposing, 13.8530, 188, 144
2_Rows_Opposing, 13.8586, 171, 144
2_Rows_Opposing, 13.8641, 182, 144
2_Rows_Opposing, 13.8696, 183, 144
2_Rows_Opposing, 13.8752, 182, 144
2_Rows_Opposing, 13.8808, 177, 144
2_Rows_Opposing, 13.8863, 181, 144
2_Rows_Opposing, 13.8919, 181, 144
2_Rows_Opposing, 13.8975, 175, 144
2_Rows_Opposing, 13.9030, 175, 144
2_Rows_Opposing, 13.9085, 178, 144
2_Rows_Opposing, 13.9141, 181, 144
2_Rows_Opposing, 13.9197, 181, 144
2_Rows_Opposing, 13.9252, 184, 144
2_Rows_Opposing, 13.9308, 182, 144
2_Rows_Opposing, 13.9363, 167, 144
2_Rows_Opposing, 13.9419, 194, 144
2_Rows_Opposing, 13.9474, 179, 144
2_Rows_Opposing, 13.9530, 180, 144
2_Rows_Opposing, 13.9585, 173, 144
2_Rows_Opposing, 13.9641, 187, 144
2_Rows_Opposing, 13.9697, 177, 144
2_Rows_Opposing, 13.9752, 183, 144
2_Rows_Opposing, 13.9808, 180, 144
2_Rows_Opposing, 13.9863, 181, 144
2_Rows_Opposing, 13.9919, 178, 144
2_Rows_Opposing, 13.9974, 170, 144
2_Rows_Opposing, 14.0030, 191, 144
2_Rows_Opposing, 14.0086, 174, 144
2_Rows_Opposing, 14.0141, 172, 144
2_Rows_Opposing, 14.0197, 192, 144
2_Rows_Opposing, 14.0252, 173, 144
2_Rows_Opposing, 14.0308, 192, 144
2_Rows_Opposing, 14.0363, 170, 144
2_Rows_Opposing, 14.0419, 176, 144
2_Rows_Opposing, 14.0475, 188, 144
2_Rows_Opposing, 14.0530, 172, 144
2_Rows_Opposing, 14.0585, 183, 144
2_Rows_Opposing, 14.0641, 186, 144
2_Rows_Opposing, 14.0697, 181, 144
2_Rows_Opposing, 14.0752, 164, 144
2_Rows_Opposing, 14.0808, 195, 144
2_Rows_Opposing, 14.0863, 172, 144
2_Rows_Opposing, 14.0919, 184, 144
2_Rows_Opposing, 14.0974, 186, 144
2_Rows_Opposing, 14.1030, 170, 144
2_Rows_Opposing, 14.1086, 182, 144
2_Rows_Opposing, 14.1141, 171, 144
2_Rows_Opposing, 14.1197, 184, 144
2_Rows_Opposing, 14.1252, 184, 144
2_Rows_Opposing, 14.1308, 187, 144
2_Rows_Opposing, 14.1363, 184, 144
2_Rows_Opposing, 14.1419, 179, 144
2_Rows_Opposing, 14.1474, 172, 144
2_Rows_Opposing, 14.1530, 174, 144
2_Rows_Opposing, 14.1586, 185, 144
2_Rows_Opposing, 14.1641, 187, 144
2_Rows_Opposing, 14.1697, 179, 144
2_Rows_Opposing, 14.1752, 171, 144
2_Rows_Opposing, 14.1808, 187, 144
2_Rows_Opposing, 14.1863, 181, 144
2_Rows_Opposing, 14.1919, 180, 144
2_Rows_Opposing, 14.1974, 167, 144
2_Rows_Opposing, 14.2030, 181, 144
2_Rows_Opposing, 14.2086, 184, 144
2_Rows_Opposing, 14.2308, 176, 144
2_Rows_Opposing, 14.2340, 45, 144
2_Rows_Opposing, 14.2373, 308, 144
2_Rows_Opposing, 14.2419, 316, 144
2_Rows_Opposing, 14.2474, 214, 144
2_Rows_Opposing, 14.2530, 179, 144
2_Rows_Opposing, 14.2586, 174, 144
2_Rows_Opposing, 14.2641, 185, 144
2_Rows_Opposing, 14.2697, 183, 144
2_Rows_Opposing, 14.2752, 178, 144
2_Rows_Opposing, 14.2808, 173, 144
2_Rows_Opposing, 14.2863, 177, 144
2_Rows_Opposing, 14.2920, 190, 144
2_Rows_Opposing, 14.2974, 167, 144
2_Rows_Opposing, 14.3030, 193, 144
2_Rows_Opposing, 14.3085, 180, 144
2_Rows_Opposing, 14.3141, 180, 144
2_Rows_Opposing, 14.3197, 180, 144
2_Rows_Opposing, 14.3252, 179, 144
2_Rows_Opposing, 14.3308, 172, 144
2_Rows_Opposing, 14.3363, 188, 144
2_Rows_Opposing, 14.3419, 173, 144
2_Rows_Opposing, 14.3474, 176, 144
2_Rows_Opposing, 14.3530, 190, 144
2_Rows_Opposing, 14.3585, 180, 144
2_Rows_Opposing, 14.3641, 176, 144
2_Rows_Opposing, 14.3697, 177, 144
2_Rows_Opposing, 14.3752, 186, 144
2_Rows_Opposing, 14.3808, 172, 144
2_Rows_Opposing, 14.3864, 190, 144
2_Rows_Opposing, 14.3919, 165, 144
2_Rows_Opposing, 14.3974, 182, 144
2_Rows_Opposing, 14.4030, 185, 144
2_Rows_Opposing, 14.4086, 183, 144
2_Rows_Opposing, 14.4141, 177, 144
2_Rows_Opposing, 14.4197, 185, 144
2_Rows_Opposing, 14.4252, 175, 144
2_Rows_Opposing, 14.4308, 183, 144
2_Rows_Opposing, 14.4363, 178, 144
2_Rows_Opposing, 14.4419, 174, 144
2_Rows_Opposing, 14.4475, 186, 144
2_Rows_Opposing, 14.4530, 174, 144
2_Rows_Opposing, 14.4586, 189, 144
2_Rows_Opposing, 14.4643, 173, 144
2_Rows_Opposing, 14.4697, 170, 144
2_Rows_Opposing, 14.4752, 185, 144
2_Rows_Opposing, 14.4808, 175, 144
2_Rows_Opposing, 14.4863, 194, 144
2_Rows_Opposing, 14.4919, 181, 144
2_Rows_Opposing, 14.4974, 175, 144
2_Rows_Opposing, 14.5030, 184, 144
2_Rows_Opposing, 14.5086, 171, 144
2_Rows_Opposing, 14.5141, 181, 144
2_Rows_Opposing, 14.5196, 178, 144
2_Rows_Opposing, 14.5252, 183, 144
2_Rows_Opposing, 14.5308, 174, 144
2_Rows_Opposing, 14.5363, 191, 144
2_Rows_Opposing, 14.5419, 179, 144
2_Rows_Opposing, 14.5474, 175, 144
2_Rows_Opposing, 14.5530, 179, 144
2_Rows_Opposing, 14.5586, 182, 144
2_Rows_Opposing, 14.5641, 175, 144
2_Rows_Opposing, 14.5697, 190, 144
2_Rows_Opposing, 14.5752, 169, 144
2_Rows_Opposing, 14.5808, 190, 144
2_Rows_Opposing, 14.5863, 172, 144
2_Rows_Opposing, 14.5919, 185, 144
2_Rows_Opposing, 14.5974, 182, 144
2_Rows_Opposing, 14.6030, 168, 144
2_Rows_Opposing, 14.6086, 183, 144
2_Rows_Opposing, 14.6141, 174, 144
2_Rows_Opposing, 14.6197, 187, 144
2_Rows_Opposing, 14.6252, 176, 144
2_Rows_Opposing, 14.6308, 188, 144
2_Rows_Opposing, 14.6363, 173, 144
2_Rows_Opposing, 14.6419, 175, 144
2_Rows_Opposing, 14.6475, 187, 144
2_Rows_Opposing, 14.6530, 174, 144
2_Rows_Opposing, 14.6586, 183, 144
2_Rows_Opposing, 14.6641, 176, 144
2_Rows_Opposing, 14.6697, 191, 144
2_Rows_Opposing, 14.6752, 178, 144
2_Rows_Opposing, 14.6808, 180, 144
2_Rows_Opposing, 14.6863, 181, 144
2_Rows_Opposing, 14.6919, 179, 144
2_Rows_Opposing, 14.6974, 173, 144
2_Rows_Opposing, 14.7030, 176, 144
2_Rows_Opposing, 14.7085, 184, 144
2_Rows_Opposing, 14.7141, 175, 144
2_Rows_Opposing, 14.7197, 176, 144
2_Rows_Opposing, 14.7252, 183, 144
2_Rows_Opposing, 14.7308, 193, 144
2_Rows_Opposing, 14.7363, 170, 144
2_Rows_Opposing, 14.7419, 190, 144
2_Rows_Opposing, 14.7474, 179, 144
2_Rows_Opposing, 14.7530, 178, 144
2_Rows_Opposing, 14.7586, 174, 144
2_Rows_Opposing, 14.7641, 185, 144
2_Rows_Opposing, 14.7696, 183, 144
2_Rows_Opposing, 14.7753, 169, 144
2_Rows_Opposing, 14.7808, 185, 144
2_Rows_Opposing, 14.7863, 173, 144
2_Rows_Opposing, 14.7919, 191, 144
2_Rows_Opposing, 14.7974, 170, 144
2_Rows_Opposing, 14.8030, 189, 144
2_Rows_Opposing, 14.8086, 172, 144
2_Rows_Opposing, 14.8141, 184, 144
2_Rows_Opposing, 14.8196, 178, 144
2_Rows_Opposing, 14.8253, 188, 144
2_Rows_Opposing, 14.8308, 176, 144
2_Rows_Opposing, 14.8363, 179, 144
2_Rows_Opposing, 14.8419, 176, 144
2_Rows_Opposing, 14.8474, 175, 144
2_Rows_Opposing, 14.8530, 192, 144
2_Rows_Opposing, 14.8586, 172, 144
2_Rows_Opposing, 14.8642, 169, 144
2_Rows_Opposing, 14.8697, 182, 144
2_Rows_Opposing, 14.8752, 196, 144
2_Rows_Opposing, 14.8808, 160, 144
2_Rows_Opposing, 14.8863, 201, 144
2_Rows_Opposing, 14.8919, 180, 144
2_Rows_Opposing, 14.8974, 162, 144
2_Rows_Opposing, 14.9030, 195, 144
2_Rows_Opposing, 14.9085, 186, 144
2_Rows_Opposing, 14.9141, 175, 144
2_Rows_Opposing, 14.9197, 176, 144
2_Rows_Opposing, 14.9252, 190, 144
2_Rows_Opposing, 14.9307, 169, 144
2_Rows_Opposing, 14.9363, 189, 144
2_Rows_Opposing, 14.9419, 174, 144
2_Rows_Opposing, 14.9474, 177, 144
2_Rows_Opposing, 14.9530, 174, 144
2_Rows_Opposing, 14.9585, 190, 144
2_Rows_Opposing, 14.9641, 179, 144
2_Rows_Opposing, 14.9696, 173, 144
2_Rows_Opposing, 14.9752, 186, 144
2_Rows_Opposing, 14.9808, 175, 144
2_Rows_Opposing, 14.9863, 190, 144
2_Rows_Opposing, 14.9919, 175, 144
2_Rows_Opposing, 14.9974, 182, 144
2_Rows_Opposing, 15.0030, 175, 144
